netconststrings,ncs_loc_eng_patch_ui_mp
localize,KILLSTREAKS_UAV
localize,KILLSTREAKS_HELICOPTER
localize,KILLSTREAKS_HELICOPTER_DESC
localize,KILLSTREAKS_AIRDROP
localize,KILLSTREAKS_AIRDROP_SENTRY
localize,KILLSTREAKS_AIRDROP_SENTRY_DESC
localize,KILLSTREAKS_EMP
localize,KILLSTREAKS_EMP_DESC
localize,KILLSTREAKS_NONE
localize,KILLSTREAKS_NONE_DESC
localize,KILLSTREAKS_TACTICAL_NUKE
localize,KILLSTREAKS_TACTICAL_NUKE_DESC
localize,KILLSTREAKS_SENTRY
localize,KILLSTREAKS_SENTRY_DESC
localize,KILLSTREAKS_JUGGERNAUT
localize,KILLSTREAKS_AIRDROP_JUGGERNAUT
localize,KILLSTREAKS_AIRDROP_JUGGERNAUT_DESC
localize,KILLSTREAKS_DEPLOYABLE_VEST
localize,KILLSTREAKS_DEPLOYABLE_VEST_DESC
localize,KILLSTREAKS_IMS
localize,KILLSTREAKS_IMS_DESC
localize,KILLSTREAKS_HELI_SNIPER
localize,KILLSTREAKS_HELI_SNIPER_DESC
localize,KILLSTREAKS_AIRDROP_JUGGERNAUT_RECON
localize,KILLSTREAKS_AIRDROP_JUGGERNAUT_RECON_DESC
localize,KILLSTREAKS_SAM_TURRET
localize,KILLSTREAKS_SAM_TURRET_DESC
localize,KILLSTREAKS_AIRDROP_DESC
localize,KILLSTREAKS_UNAVAILABLE_IN_LEVEL
localize,KILLSTREAKS_BOX_GETTING_VEST
localize,KILLSTREAKS_EARLY_EXIT
localize,KILLSTREAKS_REMOTE_UAV_ASCEND
localize,KILLSTREAKS_REMOTE_UAV_DESCEND
localize,KILLSTREAKS_REMOTE_UAV_NO_LOCK
localize,KILLSTREAKS_KILLSTREAK_N
localize,KILLSTREAKS_REMOTE_UAV_OUT_OF_RANGE
localize,KILLSTREAKS_REMOTE_UAV_LOCK
localize,KILLSTREAKS_UNAVAILABLE_FOR_N_WHEN_EMP
localize,KILLSTREAKS_UNAVAILABLE_FOR_N_WHEN_NUKE
localize,KILLSTREAKS_UNAVAILABLE_WHEN_JAMMED
localize,KILLSTREAKS_UNAVAILABLE_WHEN_AA
localize,KILLSTREAKS_UNAVAILABLE_USING_TURRET
localize,KILLSTREAKS_UNAVAILABLE_FOR_N
localize,KILLSTREAKS_NUKE_ALREADY_INBOUND
localize,KILLSTREAKS_UNAVAILABLE_IN_LASTSTAND
localize,KILLSTREAKS_HELI_IN_QUEUE
localize,KILLSTREAKS_CAPTURING_CRATE
localize,KILLSTREAKS_AIR_SPACE_TOO_CROWDED
localize,KILLSTREAKS_TOO_MANY_VEHICLES
localize,KILLSTREAKS_CIVILIAN_AIR_TRAFFIC
localize,KILLSTREAKS_DEFEND_AIRDROP_PACKAGES
localize,KILLSTREAKS_AIRDROP_MARKER
localize,KILLSTREAKS_COMPANION_ALREADY_EXISTS
localize,KILLSTREAKS_ACTION_SLOT_1
localize,KILLSTREAKS_ACTION_SLOT_2
localize,KILLSTREAKS_BALL_DRONE_RADAR
localize,KILLSTREAKS_BALL_DRONE_RADAR_DESC
localize,KILLSTREAKS_BALL_DRONE_BACKUP
localize,KILLSTREAKS_BALL_DRONE_BACKUP_DESC
localize,KILLSTREAKS_AGENT_DESC
localize,KILLSTREAKS_AGENT
localize,KILLSTREAKS_AGENT_MAX
localize,KILLSTREAKS_DEPLOYABLE_SOFLAM
localize,KILLSTREAKS_AIRDROP_JUGGERNAUT_MANIAC
localize,KILLSTREAKS_AIRDROP_JUGGERNAUT_MANIAC_DESC
localize,KILLSTREAKS_UAV_3DPING
localize,KILLSTREAKS_DESC_UAV_3DPING
localize,KILLSTREAKS_TOO_MANY_DOGS
localize,KILLSTREAKS_ALREADY_HAVE_DOG
localize,KILLSTREAKS_UNAVAILABLE
localize,KILLSTREAKS_GUARD_DOG
localize,KILLSTREAKS_DESC_GUARD_DOG
localize,KILLSTREAKS_EYES_ON
localize,KILLSTREAKS_DESC_EYES_ON
localize,KILLSTREAKS_ALREADY_HAVE_EYES_ON
localize,KILLSTREAKS_REFILL_AMMO
localize,KILLSTREAKS_DESC_REFILL_AMMO
localize,KILLSTREAKS_REGEN_FASTER
localize,KILLSTREAKS_DESC_REGEN_FASTER
localize,KILLSTREAKS_PERSONAL_3DPING
localize,KILLSTREAKS_DESC_PERSONAL_3DPING
localize,KILLSTREAKS_VANGUARD
localize,KILLSTREAKS_VANGUARD_DESC
localize,KILLSTREAKS_VANGUARD_NO_SPAWN_POINT
localize,KILLSTREAKS_UPLINK
localize,KILLSTREAKS_UPLINK_DESC
localize,KILLSTREAKS_HELI_PILOT
localize,KILLSTREAKS_HELI_PILOT_DESC
localize,KILLSTREAKS_DRONE_HIVE
localize,KILLSTREAKS_DRONE_HIVE_DESC
localize,KILLSTREAKS_JAMMER
localize,KILLSTREAKS_JAMMER_DESC
localize,KILLSTREAKS_AIR_SUPERIORITY
localize,KILLSTREAKS_AIR_SUPERIORITY_DESC
localize,KILLSTREAKS_RECON_AGENT
localize,KILLSTREAKS_RECON_AGENT_DESC
localize,KILLSTREAKS_AA_LAUNCHER
localize,KILLSTREAKS_AA_LAUNCHER_DESC
localize,KILLSTREAKS_ODIN_SUPPORT
localize,KILLSTREAKS_ODIN_SUPPORT_DESC
localize,KILLSTREAKS_ODIN_ASSAULT
localize,KILLSTREAKS_ODIN_ASSAULT_DESC
localize,KILLSTREAKS_WARHAWK_MORTARS
localize,KILLSTREAKS_WARHAWK_MORTARS_DESC
localize,KILLSTREAKS_SNOW_SATELLITE
localize,KILLSTREAKS_SNOW_SATELLITE_DESC
localize,KILLSTREAKS_HASHIMA_MISSILES
localize,KILLSTREAKS_HASHIMA_MISSILES_DESC
localize,KILLSTREAKS_SOVEREIGN_GAS
localize,KILLSTREAKS_SOVEREIGN_GAS_DESC
localize,KILLSTREAKS_STRIKEZONE_ROG
localize,KILLSTREAKS_STRIKEZONE_ROG_DESC
localize,KILLSTREAKS_DEPLOYABLE_AMMO
localize,KILLSTREAKS_DEPLOYABLE_AMMO_DESC
localize,KILLSTREAKS_DEPLOYABLE_AMMO_TAKING
localize,KILLSTREAKS_FRIENDLY_TACTICAL_NUKE
localize,KILLSTREAKS_ODIN_UNAVAILABLE
localize,KILLSTREAKS_LOKI_UNAVAILABLE
localize,KILLSTREAKS_VANGUARD_HEADING_LABEL
localize,KILLSTREAKS_VANGUARD_ALT_LABEL
localize,KILLSTREAKS_VANGUARD_FLIGHT_MODE
localize,KILLSTREAKS_VANGUARD_WEAPON_STATUS_LABEL
localize,KILLSTREAKS_VANGUARD_WEAPON_STATUS_RELOAD
localize,KILLSTREAKS_VANGUARD_WEAPON_STATUS_READY
localize,KILLSTREAKS_VANGUARD_TITLE
localize,KILLSTREAKS_VANGUARD_RANGE
localize,KILLSTREAKS_VANGUARD_TIMER
localize,KILLSTREAKS_ALREADY_HAVE_WOLF
localize,RANK_PROMOTED
localize,RANK_PROMOTED_WEAPON
localize,RANK_PLAYER_WAS_PROMOTED
localize,RANK_WEAPON_WAS_PROMOTED
localize,RANK_PLAYER_WAS_PROMOTED_N
localize,RANK_PVT
localize,RANK_PVT_FULL
localize,RANK_PFC
localize,RANK_PFC_FULL
localize,RANK_CPL
localize,RANK_CPL_FULL
localize,RANK_SGT
localize,RANK_SGT_FULL
localize,RANK_SSGT
localize,RANK_SSGT_FULL
localize,RANK_MSGT
localize,RANK_MSGT_FULL
localize,RANK_2NDLT
localize,RANK_2NDLT_FULL
localize,RANK_1STLT
localize,RANK_1STLT_FULL
localize,RANK_CAPT
localize,RANK_CAPT_FULL
localize,RANK_MAJ
localize,RANK_MAJ_FULL
localize,RANK_LTCOL
localize,RANK_LTCOL_FULL
localize,RANK_COL
localize,RANK_COL_FULL
localize,RANK_BGEN
localize,RANK_BGEN_FULL
localize,RANK_BGEN_FULL2
localize,RANK_BGEN_FULL3
localize,RANK_MAJGEN
localize,RANK_MAJGEN_FULL
localize,RANK_MAJGEN_FULL2
localize,RANK_MAJGEN_FULL3
localize,RANK_LTGEN
localize,RANK_LTGEN_FULL
localize,RANK_LTGEN_FULL2
localize,RANK_LTGEN_FULL3
localize,RANK_GEN
localize,RANK_GEN_FULL
localize,RANK_GEN_FULL2
localize,RANK_GEN_FULL3
localize,RANK_GEN_FULL4
localize,RANK_1STLT_FULL2
localize,RANK_1STLT_FULL3
localize,RANK_2NDLT_FULL2
localize,RANK_2NDLT_FULL3
localize,RANK_CAPT_FULL2
localize,RANK_CAPT_FULL3
localize,RANK_COL_FULL2
localize,RANK_COL_FULL3
localize,RANK_CPL_FULL2
localize,RANK_CPL_FULL3
localize,RANK_LTCOL_FULL2
localize,RANK_LTCOL_FULL3
localize,RANK_MAJ_FULL2
localize,RANK_MAJ_FULL3
localize,RANK_MSGT_FULL2
localize,RANK_MSGT_FULL3
localize,RANK_PFC_FULL2
localize,RANK_PFC_FULL3
localize,RANK_PVT_FULL2
localize,RANK_PVT_FULL3
localize,RANK_SGT_FULL2
localize,RANK_SGT_FULL3
localize,RANK_SSGT_FULL2
localize,RANK_SSGT_FULL3
localize,RANK_PVT_FULL_N
localize,RANK_PFC_FULL_N
localize,RANK_CPL_FULL_N
localize,RANK_SGT_FULL_N
localize,RANK_SSGT_FULL_N
localize,RANK_MSGT_FULL_N
localize,RANK_2NDLT_FULL_N
localize,RANK_1STLT_FULL_N
localize,RANK_CAPT_FULL_N
localize,RANK_MAJ_FULL_N
localize,RANK_LTCOL_FULL_N
localize,RANK_COL_FULL_N
localize,RANK_ROMANI
localize,RANK_ROMANII
localize,RANK_SGTMAJ
localize,RANK_SGTMAJ_FULL
localize,RANK_SGTMAJ_FULL2
localize,RANK_SGTMAJ_FULL3
localize,RANK_SGTMAJ_FULL_N
localize,RANK_SPC
localize,RANK_SPC_FULL
localize,RANK_SPC_FULL2
localize,RANK_SPC_FULL3
localize,RANK_SPC_FULL_N
localize,RANK_SFC
localize,RANK_SFC_FULL
localize,RANK_SFC_FULL2
localize,RANK_SFC_FULL3
localize,RANK_SFC_FULL_N
localize,RANK_1STSGT
localize,RANK_1STSGT_FULL
localize,RANK_1STSGT_FULL2
localize,RANK_1STSGT_FULL3
localize,RANK_1STSGT_FULL_N
localize,RANK_CSM
localize,RANK_CSM_FULL
localize,RANK_CSM_FULL2
localize,RANK_CSM_FULL3
localize,RANK_CSM_FULL_N
localize,RANK_CSM_FULL4
localize,RANK_LTCOL_FULL4
localize,RANK_1STLT_FULL4
localize,RANK_2NDLT_FULL4
localize,RANK_ROMANIII
localize,RANK_SSGT_FULL4
localize,RANK_SFC_FULL4
localize,RANK_MSGT_FULL4
localize,RANK_1STSGT_FULL4
localize,RANK_SGTMAJ_FULL4
localize,RANK_COMM_FULL
localize,RANK_COMM
techset,,2d
image,,icon_xp
material,icon_xp
stringtable,mp/cac/clanbackgrounds.csv
stringtable,mp/mapnames.csv
stringtable,mp/defaultfeedimages.csv
localize,SOCIALFEED_DEFAULT_SOCIAL_BODY
localize,SOCIALFEED_DEFAULT_NEWS_BODY
localize,SOCIALFEED_DEFAULT_CLAN_BODY
localize,SOCIALFEED_DEFAULT_NEWS_HEADER
localize,SOCIALFEED_DEFAULT_CLAN_HEADER
localize,SOCIALFEED_DEFAULT_SOCIAL_HEADER
localize,SOCIALFEED_TITLE_CAPS
localize,SOCIALFEED_CATEGORY_MOTD
localize,SOCIALFEED_CATEGORY_NEWS
localize,SOCIALFEED_CATEGORY_CLANS
localize,SOCIALFEED_CATEGORY_SQUADS
localize,SOCIALFEED_CATEGORY_SOCIAL
localize,SOCIALFEED_TIME_LEFT
localize,SOCIALFEED_SQUAD_HEADER
localize,SOCIALFEED_TICKER_DEFAULT_TEXT
localize,SOCIALFEED_TO_STORE_WARNING
localize,ALIEN_INTEL_FRONTEND_EXTINCTION_INTEL_CAPS
localize,ALIEN_INTEL_FRONTEND_EXTINCTION_INTEL_EPISODE_CAPS
localize,ALIEN_INTEL_FRONTEND_EXTINCTION_INTEL_COLLECTED
localize,ALIEN_INTEL_FRONTEND_EXTINCTION_INTEL_TOGGLE_EPISODE
localize,ALIEN_INTEL_FRONTEND_EXTINCTION_INTEL_INTRO
localize,ALIEN_INTEL_FRONTEND_EXTINCTION_INTEL_OUTRO
localize,ALIEN_INTEL_FRONTEND_EXTINCTION_CLASSIFIED_INTEL
localize,ALIEN_INTEL_FRONTEND_EXTINCTION_ENCRYPTED
localize,ALIEN_INTEL_FRONTEND_EXTINCTION_TOP_SECRET
localize,ALIEN_INTEL_FRONTEND_EF_OUTRO_LOCKED
localize,ALIEN_INTEL_FRONTEND_EF_DO_01_TITLE
localize,ALIEN_INTEL_FRONTEND_EF_DO_02_TITLE
localize,ALIEN_INTEL_FRONTEND_EF_IN_01_TITLE
localize,ALIEN_INTEL_FRONTEND_EF_IN_02_TITLE
localize,ALIEN_INTEL_FRONTEND_EF_IN_03_TITLE
localize,ALIEN_INTEL_FRONTEND_EF_IN_04_TITLE
localize,ALIEN_INTEL_FRONTEND_EF_IN_05_TITLE
localize,ALIEN_INTEL_FRONTEND_EF_NF_01_TITLE
localize,ALIEN_INTEL_FRONTEND_EF_NF_02_TITLE
localize,ALIEN_INTEL_FRONTEND_EF_NF_03_TITLE
localize,ALIEN_INTEL_FRONTEND_EF_NF_04_TITLE
localize,ALIEN_INTEL_FRONTEND_EF_NF_05_TITLE
localize,ALIEN_INTEL_FRONTEND_EF_NF_06_TITLE
localize,ALIEN_INTEL_FRONTEND_EF_DO_CAP_SUB_01
localize,ALIEN_INTEL_FRONTEND_EF_DO_CAP_SUB_02
localize,ALIEN_INTEL_FRONTEND_EF_IN_CAP_SUB_01
localize,ALIEN_INTEL_FRONTEND_EF_IN_CAP_SUB_02
localize,ALIEN_INTEL_FRONTEND_EF_IN_CAP_SUB_03
localize,ALIEN_INTEL_FRONTEND_EF_IN_CAP_SUB_04
localize,ALIEN_INTEL_FRONTEND_EF_IN_CAP_SUB_05
localize,ALIEN_INTEL_FRONTEND_EF_NF_CAP_SUB_01
localize,ALIEN_INTEL_FRONTEND_EF_NF_CAP_SUB_02
localize,ALIEN_INTEL_FRONTEND_EF_NF_CAP_SUB_03
localize,ALIEN_INTEL_FRONTEND_EF_NF_CAP_SUB_04
localize,ALIEN_INTEL_FRONTEND_EF_NF_CAP_SUB_05
localize,ALIEN_INTEL_FRONTEND_EF_NF_CAP_SUB_06
localize,ALIEN_INTEL_FRONTEND_EF_DO_CAP_FILE_01
localize,ALIEN_INTEL_FRONTEND_EF_DO_CAP_FILE_02
localize,ALIEN_INTEL_FRONTEND_EF_IN_CAP_FILE
localize,ALIEN_INTEL_FRONTEND_EF_NF_CAP_FILE
localize,ALIEN_INTEL_FRONTEND_EF2_IN_01_TITLE
localize,ALIEN_INTEL_FRONTEND_EF2_IN_02_TITLE
localize,ALIEN_INTEL_FRONTEND_EF2_IN_03_TITLE
localize,ALIEN_INTEL_FRONTEND_EF2_IN_04_TITLE
localize,ALIEN_INTEL_FRONTEND_EF2_IN_05_TITLE
localize,ALIEN_INTEL_FRONTEND_EF2_NF_01_TITLE
localize,ALIEN_INTEL_FRONTEND_EF2_NF_02_TITLE
localize,ALIEN_INTEL_FRONTEND_EF2_NF_03_TITLE
localize,ALIEN_INTEL_FRONTEND_EF2_NF_04_TITLE
localize,ALIEN_INTEL_FRONTEND_EF2_IN_CAP_SUB_01
localize,ALIEN_INTEL_FRONTEND_EF2_IN_CAP_SUB_02
localize,ALIEN_INTEL_FRONTEND_EF2_IN_CAP_SUB_03
localize,ALIEN_INTEL_FRONTEND_EF2_IN_CAP_SUB_04
localize,ALIEN_INTEL_FRONTEND_EF2_IN_CAP_SUB_05
localize,ALIEN_INTEL_FRONTEND_EF2_NF_CAP_SUB_01
localize,ALIEN_INTEL_FRONTEND_EF2_NF_CAP_SUB_02
localize,ALIEN_INTEL_FRONTEND_EF2_NF_CAP_SUB_03
localize,ALIEN_INTEL_FRONTEND_EF2_NF_CAP_SUB_04
localize,ALIEN_INTEL_FRONTEND_EF2_IN_CAP_FILE
localize,ALIEN_INTEL_FRONTEND_EF2_NF_CAP_FILE
localize,ALIEN_INTEL_FRONTEND_EF3_IN_01_TITLE
localize,ALIEN_INTEL_FRONTEND_EF3_IN_02_TITLE
localize,ALIEN_INTEL_FRONTEND_EF3_IN_03_TITLE
localize,ALIEN_INTEL_FRONTEND_EF3_NF_01_TITLE
localize,ALIEN_INTEL_FRONTEND_EF3_NF_02_TITLE
localize,ALIEN_INTEL_FRONTEND_EF3_NF_03_TITLE
localize,ALIEN_INTEL_FRONTEND_EF3_IN_CAP_SUB_01
localize,ALIEN_INTEL_FRONTEND_EF3_IN_CAP_SUB_02
localize,ALIEN_INTEL_FRONTEND_EF3_IN_CAP_SUB_03
localize,ALIEN_INTEL_FRONTEND_EF3_NF_CAP_SUB_01
localize,ALIEN_INTEL_FRONTEND_EF3_NF_CAP_SUB_02
localize,ALIEN_INTEL_FRONTEND_EF3_NF_CAP_SUB_03
localize,ALIEN_INTEL_FRONTEND_EF3_IN_CAP_FILE
localize,ALIEN_INTEL_FRONTEND_EF3_NF_CAP_FILE
localize,ALIEN_INTEL_FRONTEND_EF4_NF_01_TITLE
localize,ALIEN_INTEL_FRONTEND_EF4_NF_02_TITLE
localize,ALIEN_INTEL_FRONTEND_EF4_NF_03_TITLE
localize,ALIEN_INTEL_FRONTEND_EF4_NF_04_TITLE
localize,ALIEN_INTEL_FRONTEND_EF4_IN_01_TITLE
localize,ALIEN_INTEL_FRONTEND_EF4_IN_02_TITLE
localize,ALIEN_INTEL_FRONTEND_EF4_IN_03_TITLE
localize,ALIEN_INTEL_FRONTEND_EF4_IN_04_TITLE
localize,MP_CUSTOMIZATION_UI_RORKE
localize,MP_CUSTOMIZATION_UI_MAKAROV
localize,MP_CUSTOMIZATION_UI_HAZMAT
localize,MP_CUSTOMIZATION_UI_ZAKHAEV
localize,MP_CUSTOMIZATION_UI_JACK
localize,MP_CUSTOMIZATION_UI_EXT_HEAD_A
localize,MP_CUSTOMIZATION_UI_EXT_HEAD_B
localize,MP_CUSTOMIZATION_UI_EXT_HEAD_C
localize,MP_CUSTOMIZATION_UI_EXT_HEAD_D
localize,MP_CUSTOMIZATION_UI_EXT_HEAD_E
localize,MP_CUSTOMIZATION_UI_EXT_HEAD_F
localize,MP_CUSTOMIZATION_UI_EXT_ASSAULT
localize,MP_CUSTOMIZATION_UI_EXT_SMG
localize,MP_CUSTOMIZATION_UI_EXT_LMG
localize,MP_CUSTOMIZATION_UI_EXT_SHOTGUN
localize,MP_CUSTOMIZATION_UI_SOAP
localize,MP_CUSTOMIZATION_UI_SPACE
localize,MP_CUSTOMIZATION_UI_RES_HEAD_A
localize,MP_CUSTOMIZATION_UI_RES_HEAD_B
localize,MP_CUSTOMIZATION_UI_RES_HEAD_C
localize,MP_CUSTOMIZATION_UI_RES_A
localize,MP_CUSTOMIZATION_UI_RES_B
localize,MP_CUSTOMIZATION_UI_RES_C
localize,MP_CUSTOMIZATION_UI_RES_D
localize,MP_CUSTOMIZATION_UI_SPECTRUM
localize,MP_CUSTOMIZATION_UI_SPECTRUM_A
localize,MP_CUSTOMIZATION_UI_SPECTRUM_AA
localize,MP_CUSTOMIZATION_UI_BLUNTFORCE
localize,MP_CUSTOMIZATION_UI_BLUNTFORCE_A
localize,MP_CUSTOMIZATION_UI_BLUNTFORCE_AA
localize,MP_CUSTOMIZATION_UI_INFERNO
localize,MP_CUSTOMIZATION_UI_INFERNO_A
localize,MP_CUSTOMIZATION_UI_INFERNO_AA
localize,MP_CUSTOMIZATION_UI_BLING
localize,MP_CUSTOMIZATION_UI_BLING_A
localize,MP_CUSTOMIZATION_UI_BLING_AA
