sndcurve,$default
lpfcurve,$default
reverbsendcurve,$default
sound,SP_1mc_boost
sound,US_1mc_boost
vertexshader,trivial_vertcol_simple.hlsl
vertexdecl,pp.fcc0.ft0t0.3
pixelshader,trivial_vertcol_simple.hlsl
techset,2d
image,xp
material,xp
image,gxp
material,gxp
stringtable,mp/defaultstringtable.csv
stringtable,mp/iwgamertags.csv
stringtable,mp/unlocktable.csv
stringtable,mp/squadunlocktable.csv
stringtable,mp/ranktable.csv
stringtable,mp/weaponranktable.csv
stringtable,sp/ranktable.csv
stringtable,mp/alien/ranktable.csv
stringtable,mp/rankicontable.csv
stringtable,mp/alien/rankicontable.csv
stringtable,mp/profileunlocktable.csv
stringtable,mp/squaddefaults.csv
stringtable,mp/didyouknow.csv
stringtable,mp/didyouknow_alien.csv
stringtable,mp/statstable.csv
stringtable,mp/namestable.csv
stringtable,mp/attachmenttable.csv
stringtable,mp/attachmentmap.csv
stringtable,mp/attachmentcombos.csv
stringtable,mp/classtable.csv
stringtable,mp/classtableassault.csv
stringtable,mp/classtablecqb.csv
stringtable,mp/classtableheavygunner.csv
stringtable,mp/classtableassassin.csv
stringtable,mp/classtablesniper.csv
stringtable,mp/attributestable.csv
stringtable,mp/gametypestable.csv
stringtable,mp/operationstable.csv
stringtable,mp/challengetable.csv
stringtable,mp/allchallengestable.csv
stringtable,mp/weeklychallengestable.csv
stringtable,mp/dailychallengestable.csv
stringtable,mp/challenges/challengetable_abilityops.csv
stringtable,mp/challenges/challengetable_firstclassops.csv
stringtable,mp/challenges/challengetable_gamemodeops.csv
stringtable,mp/challenges/challengetable_socialops.csv
stringtable,mp/challenges/challengetable_prestigeops.csv
stringtable,mp/challenges/challengetable_weekly.csv
stringtable,mp/challenges/challengetable_daily.csv
stringtable,mp/challenges/challengetable_bootcamp.csv
stringtable,mp/challenges/challengetable_proficiency.csv
stringtable,mp/challenges/challengetable_operations.csv
stringtable,mp/challenges/challengetable_killer.csv
stringtable,mp/challenges/challengetable_humiliation.csv
stringtable,mp/challenges/challengetable_elite.csv
stringtable,mp/challenges/challengetable_perk_1.csv
stringtable,mp/challenges/challengetable_perk_2.csv
stringtable,mp/challenges/challengetable_perk_3.csv
stringtable,mp/challenges/challengetable_assaultkillstreak.csv
stringtable,mp/challenges/challengetable_supportkillstreak.csv
stringtable,mp/challenges/challengetable_specialistkillstreak.csv
stringtable,mp/challenges/challengetable_precision.csv
stringtable,mp/challenges/challengetable_equipment.csv
stringtable,mp/challenges/challengetable_specialequipment.csv
stringtable,mp/challenges/challengetable_secret.csv
stringtable,mp/challenges/challengetable_revenge.csv
stringtable,mp/challenges/challengetable_finalkillcam.csv
stringtable,mp/challenges/challengetable_prestige.csv
stringtable,mp/challenges/challengetable_purchase.csv
stringtable,mp/challenges/riotshield_challenges.csv
stringtable,mp/challenges/m4_challenges.csv
stringtable,mp/challenges/famas_challenges.csv
stringtable,mp/challenges/tavor_challenges.csv
stringtable,mp/challenges/m16_challenges.csv
stringtable,mp/challenges/acr_challenges.csv
stringtable,mp/challenges/fad_challenges.csv
stringtable,mp/challenges/mp5k_challenges.csv
stringtable,mp/challenges/pp90m1_challenges.csv
stringtable,mp/challenges/p90_challenges.csv
stringtable,mp/challenges/uzi_challenges.csv
stringtable,mp/challenges/mp7_challenges.csv
stringtable,mp/challenges/sa80_challenges.csv
stringtable,mp/challenges/m60_challenges.csv
stringtable,mp/challenges/l96a1_challenges.csv
stringtable,mp/challenges/barrett_challenges.csv
stringtable,mp/challenges/as50_challenges.csv
stringtable,mp/challenges/ksg_challenges.csv
stringtable,mp/challenges/model1887_challenges.csv
stringtable,mp/challenges/pp2000_challenges.csv
stringtable,mp/challenges/glock_challenges.csv
stringtable,mp/challenges/skorpion_challenges.csv
stringtable,mp/challenges/mp9_challenges.csv
stringtable,mp/challenges/usp_challenges.csv
stringtable,mp/challenges/44magnum_challenges.csv
stringtable,mp/challenges/beretta_challenges.csv
stringtable,mp/challenges/deserteagle_challenges.csv
stringtable,mp/challenges/fnfiveseven_challenges.csv
stringtable,mp/challenges/smaw_challenges.csv
stringtable,mp/challenges/m320_challenges.csv
stringtable,mp/challenges/stinger_challenges.csv
stringtable,mp/challenges/javelin_challenges.csv
stringtable,mp/challenges/rpg_challenges.csv
stringtable,mp/challenges/xm25_challenges.csv
stringtable,mp/challenges/mg36_challenges.csv
stringtable,mp/challenges/type95_challenges.csv
stringtable,mp/challenges/fmg9_challenges.csv
stringtable,mp/challenges/challengetable_prestigepurchase1.csv
stringtable,mp/challenges/challengetable_prestigepurchase2.csv
stringtable,mp/challenges/challengetable_prestigepurchase3.csv
stringtable,mp/killstreaktable.csv
stringtable,mp/perktable.csv
stringtable,mp/awardtable.csv
stringtable,mp/camotable.csv
stringtable,mp/factiontable.csv
stringtable,mp/mttable.csv
stringtable,mp/cardtitletable.csv
stringtable,mp/cardicontable.csv
stringtable,mp/cardnameplatetable.csv
stringtable,mp/reticletable.csv
stringtable,mp/camo_reticle_unlocktable.csv
stringtable,mp/cacabilitytable.csv
stringtable,mp/hordesettings.csv
stringtable,mp/hordeicons.csv
stringtable,mp/killcamabilitiesbitmasktable.csv
stringtable,mp/sotfweapons.csv
stringtable,mp/trackercolumns.csv
stringtable,mp/globalcounters.csv
stringtable,mp/scriptclientdata.csv
stringtable,mp/omnvars.csv
stringtable,mp/cac/heads.csv
stringtable,mp/cac/helmets.csv
stringtable,mp/cac/bodies.csv
stringtable,mp/cac/camos.csv
stringtable,mp/cac/patches.csv
stringtable,mp/cac/patchbackings.csv
stringtable,mp/cac/backgrounds.csv
stringtable,mp/alien/dpad_tree.csv
stringtable,mp/alien/perks_tree.csv
stringtable,mp/alien/prestige_nerf.csv
stringtable,mp/alien/splashtable.csv
stringtable,mp/alien/alien_attachmentmap.csv
stringtable,mp/alien/alien_attachmenttable.csv
stringtable,mp/alien/mode_string_tables/alien_statstable.csv
stringtable,mp/alien/alien_cac_presets.csv
stringtable,mp/mapload.csv
stringtable,video/bink_nonlocalized_audio.csv
stringtable,mp/ingamestore/mappackofferids.csv
stringtable,mp/ingamestore/mtxitems.csv
stringtable,mp/ingamestore/ps3storepreviewimagemapping.csv
image,gamefonts_pc
material,fonts/gamefonts_pc
material,fonts/gamefonts_pc_glow
font,fonts/smallFont
font,fonts/normalFont
font,fonts/bigFont
font,fonts/extraBigFont
font,fonts/boldFont
font,fonts/consoleFont
font,fonts/objectiveFont
font,fonts/hudSmallFont
font,fonts/hudNormalFont
font,fonts/hudBigFont
font,fonts/hudDigitalFont20
font,fonts/hudDigitalFont25
font,fonts/hudDigitalFont30
font,fonts/hudDigitalFont40
rawfile,eng_code_post_gfx_mp
