techset,,2d
image,bkgd_manual_1
material,bkgd_manual_1
image,bkgd_manual_2
material,bkgd_manual_2
image,bkgd_manual_3
material,bkgd_manual_3
image,bkgd_manual_4
material,bkgd_manual_4
image,bkgd_manual_5
material,bkgd_manual_5
image,bkgd_manual_6
material,bkgd_manual_6
image,bkgd_manual_7
material,bkgd_manual_7
image,bkgd_manual_uk_1
material,bkgd_manual_alt_language_1
image,bkgd_manual_uk_2
material,bkgd_manual_alt_language_2
image,bkgd_manual_uk_3
material,bkgd_manual_alt_language_3
image,bkgd_manual_uk_4
material,bkgd_manual_alt_language_4
image,bkgd_manual_uk_5
material,bkgd_manual_alt_language_5
material,bkgd_manual_alt_language_6
material,bkgd_manual_alt_language_7
localize,PATCH_MENU_WAITING_FOR_GOOD_HOST
localize,PATCH_MENU_ONLINEVAULT_FACEBOOK_PROCESSING
localize,PATCH_MENU_WAIT_TO_VOTE
localize,PATCH_MENU_THEATER_RECORDING
localize,PATCH_MENU_THEATER_RECORDING_DESC
localize,PATCH_MENU_ONLINEVAULT_COPYING
image,sdr_bomb
material,waypoint_bomb
image,sdr_defuse_a
material,waypoint_defuse_a
image,sdr_defuse_b
material,waypoint_defuse_b
image,waypoint_escort
material,waypoint_escort
image,sdr_target_a
material,waypoint_target_a
image,sdr_target_b
material,waypoint_target_b
image,grind_bank_a
material,waypoint_bank_a
image,grind_bank_b
material,waypoint_bank_b
image,grind_scoring_blue_a
material,waypoint_scoring_friend_a
image,grind_scoring_orange_a
material,waypoint_scoring_foe_a
image,grind_scoring_blue_b
material,waypoint_scoring_friend_b
image,grind_scoring_orange_b
material,waypoint_scoring_foe_b
image,blitz_defend_empty
material,waypoint_blitz_defend
image,blitz_goal
material,waypoint_blitz_goal
image,waypoint_capture_a
material,waypoint_capture_a
image,waypoint_capture_b
material,waypoint_capture_b
image,waypoint_capture_c
material,waypoint_capture_c
image,waypoint_captureneutral_a
material,waypoint_captureneutral_a
image,waypoint_captureneutral_b
material,waypoint_captureneutral_b
image,waypoint_captureneutral_c
material,waypoint_captureneutral_c
image,waypoint_defend_a
material,waypoint_defend_a
image,waypoint_defend_b
material,waypoint_defend_b
image,waypoint_defend_c
material,waypoint_defend_c
image,waypoint_contested_a
material,waypoint_contested_a
image,waypoint_contested_b
material,waypoint_contested_b
image,waypoint_contested_c
material,waypoint_contested_c
image,waypoint_losing_a
material,waypoint_losing_a
image,waypoint_losing_b
material,waypoint_losing_b
image,waypoint_losing_c
material,waypoint_losing_c
image,waypoint_taking_a
material,waypoint_taking_a
image,waypoint_taking_b
material,waypoint_taking_b
image,waypoint_taking_c
material,waypoint_taking_c
image,hint_health
material,waypoint_revive
techset,,effect_blend_lin_ndw_bl_abl
image,killcamindicator_english
material,headiconyouinkillcam
rawfile,eng_ui_mp
