//type,name
netconststrings,ncs_vfx_code_nvidia_mp
vertexshader,vertcol_simple_fog_clg.hlsl
vertexdecl,pp.fcc0.ft0t0.3
pixelshader,vertcol_simple_fog_blml_abl_ndw_lin_clg.hlsl
vertexshader,zfeather_l0s_clg.hlsl
pixelshader,zfeather_l0s_lin_ndw_blml_abl_clg.hlsl
vertexshader,zfeather_l0s_dfog_clg.hlsl
pixelshader,zfeather_l0s_dfog_lin_ndw_blml_abl_clg.hlsl
vertexshader,vertcol_untextured_nofog.hlsl
vertexdecl,pp.fcc0.f
pixelshader,vertcol_untextured_lin_nofog.hlsl
techset,effect_zfeather_blend_lin_ndw_bl_abl
vertexshader,apex_smokegrenade.hlsl
pixelshader,apex_smokegrenade.hlsl
techset,apex_smokegrenade
vertexshader,vertcol_simple_fog_tab_clgnb.hlsl
vertexdecl,pp.fcc0.ft0t0.3nn.7tt1.7
pixelshader,vertcol_simple_premul_lin_fog_addblend_ndw_tab_blml_clgnb.hlsl
vertexshader,zfeather_l0s_tab_clgnb.hlsl
pixelshader,zfeather_l0s_premul_tab_lin_addblend_ndw_blml_abl_clgnb.hlsl
vertexshader,zfeather_l0s_dfog_tab_clgnb.hlsl
pixelshader,zfeather_l0s_premul_dfog_tab_lin_addblend_ndw_blml_abl_clgnb.hlsl
techset,effect_zfeather_premul_tab_lin_ndw_bl_abl
pixelshader,vertcol_simple_add_lin_fog_addblend_ndw_blml_blmod_clgnb.hlsl
techset,effect_add_lin_ndw_bl_blmod
vertexshader,vertcol_simple_clgnb.hlsl
pixelshader,vertcol_simple_add_lin_addblend_ndw_blml_blmod_clgnb.hlsl
vertexshader,zfeather_l0s_nf_clgnb.hlsl
pixelshader,zfeather_l0s_premul_nf_lin_addblend_ndw_blml_blmod_clgnb.hlsl
techset,effect_zfeather_add_lin_nofog_ndw_bl_blmod
vertexshader,particle_cloud_clgnb.hlsl
vertexdecl,pp.ft0t0.3
pixelshader,particle_cloud_premul_lin_blml_blmod_clgnb.hlsl
techset,particle_cloud_add_bl_blmod_lin
vertexshader,particle_cloud_sparkf_clgnb.hlsl
pixelshader,particle_cloud_sparkf_premul_lin_blml_blmod_clgnb.hlsl
techset,particle_cloud_sparkf_add_bl_blmod_lin
image,vfx_snow_sheet_01
material,vfx_snow_sheet_01_add
image,vfx_spark_atlas
material,vfx_spark_atlas
image,vfx_spark_smpl_orange
material,vfx_prtcld_spark_simple_orange
image,vfx_spark_round_atlas
material,vfx_spark_fountain_round_atlas
image,vfx_grenade_explosion_fire2_anim
material,vfx_grenade_explosion_fire2_anim
image,vfx_grenade_explosion_fire5_anim
material,vfx_grenade_explosion_fire5_anim
image,vfx_grenade_explosion_fire6_anim
material,vfx_grenade_explosion_fire6_anim
image,vfx_spark_flash_atlas
material,vfx_spark_flash_atlas
fx,fx/explosions/grenade_flash
image,vfx_explosion_flash_anim
material,vfx_explosion_flash_anim
image,nv_smoke_atlas
image,$white
material,vfx_apex_smokegrenade
fx,vfx/apex/smokegrenade_dualfx
vertexshader,apex_smokegrenade_psm.hlsl
pixelshader,apex_smokegrenade_psm.hlsl
techset,apex_smokegrenade_psm
material,vfx_apex_smokegrenade_psm
image,nv_wolf_fur_basecolor
image,nv_wolf_fur_density
image,nv_wolf_fur_stiffness
image,nv_wolf_fur_tipcolor
image,nv_wolf_fur_black_rootcolor
image,nv_wolf_fur_black_tipcolor
image,nv_wolf_fur_rootwidth
image,nv_wolf_fur_tipwidth
rawfile,nvidia/nv_wolf_a.fur
rawfile,nvidia/nv_wolf_b.fur
fx,vfx/apex/nv_wolf_a
fx,vfx/apex/nv_wolf_b
fx,vfx/apex/nv_wolf_c
image,nv_dog_a_body_rootcolor
image,nv_dog_a_body_density
image,nv_dog_a_body_stiffness
image,nv_dog_a_body_tipcolor
image,nv_dog_a_body_density_bodygearonly
image,nv_dog_a_body_density_nogear
image,nv_dog_a_body_rootstiffness
image,nv_dog_a_body_rootwidth
image,nv_dog_a_body_tipwidth
rawfile,nvidia/nv_dog_a.fur
fx,vfx/apex/nv_dog_a
fx,vfx/apex/nv_dog_b
fx,vfx/apex/nv_dog_c
rawfile,nvidia/effectpackageeffectpackagesdatabase.apb
rawfile,nvidia/effectpackageemittersdatabase.apb
rawfile,nvidia/effectpackagefieldsamplersdatabase.apb
rawfile,nvidia/effectpackagegraphicseffectsdatabase.apb
rawfile,nvidia/effectpackagegraphicsmaterialsdatabase.apb
rawfile,nvidia/effectpackageparticlesimulationsdatabase.apb
vertexshader,trivial_vertcol_simple.hlsl
pixelshader,trivial_vertcol_simple.hlsl
techset,2d
material,,bkgd_manual_3
material,,bkgd_manual_4
material,,bkgd_manual_5
rawfile,code_nvidia_mp
