rawfile,transient/common_core_dlc_mp.asslist
techset,,m_l_sm_rim_r0c0n0s0l0_nfwpf
image,~keegan_cornered_head_x_spc-r~e3ca90aa
image,keegan_cornered_head_x_nml
image,keegan_cornered_head_x_col
material,m/mtl_keegan_cornered_head_x
techset,,m_l_sm_r0c0s0l0_nfwpf
image,~shared_eye_a_spc_360-r18g18b~a5d1c49e
image,,$identitynormalmap
image,keegan_cornered_eye_x_col
material,m/mtl_keegan_cornered_eye_x
techset,,ms_l_sm_rim_r0c0n0s0l0_nfwpf
image,~mp_clan_headgear_x_spc-rgb&m~3b71e815
image,mp_clan_headgear_x_nml
image,mp_clan_headgear_x_col
material,ms/mtl_mp_clan_headgear_x
material,m/mtl_mp_clan_headgear_x
techset,,m_l_sm_rim_r0c0n0s0l0p0_nfwpf
image,,~devgru_headgear_a_spc-rgb&de~e7af59e6
image,,devgru_headgear_a_nml
image,mp_clan_headgear_a_col
material,m/mtl_mp_clan_headgear_a
image,,~devgru_headgear_b_spc-rgb&de~617a6be8
image,,devgru_headgear_b_nml
image,mp_clan_headgear_b_col
material,m/mtl_mp_clan_headgear_b
image,,~devgru_headgear_c_spc-rgb&de~21b58206
image,,devgru_headgear_c_nml
image,mp_clan_headgear_c_col
material,m/mtl_mp_clan_headgear_c
image,~mp_head_f_spc-rgb&mp_head_f_cos-l-67
image,mp_head_f_nml
image,mp_head_f_col
material,m/mtl_mp_head_f
image,~shared_eye_a_spc-r18g18b18&s~bbe04106
image,mp_eye_f_col
material,m/mtl_mp_eye_f
image,mp_head_fb_col
material,m/mtl_mp_head_fb
image,mp_head_fc_col
material,m/mtl_mp_head_fc
image,mp_head_fd_col
material,m/mtl_mp_head_fd
image,~mp_head_g_spc-rgb&mp_head_g_cos-l-67
image,mp_head_g_nml
image,mp_head_g_col
material,m/mtl_mp_head_g
image,mp_eye_g_col
material,m/mtl_mp_eye_g
image,mp_head_gb_col
material,m/mtl_mp_head_gb
image,mp_head_gc_col
material,m/mtl_mp_head_gc
image,mp_head_gd_col
material,m/mtl_mp_head_gd
image,~mp_head_m_spc-rgb&mp_head_m_cos-l-67
image,mp_head_m_nml
image,mp_head_m_col
material,m/mtl_mp_head_m
image,~shared_eye_a_spc-r83g83b83&s~bbe04106
image,mp_eye_m_col
material,m/mtl_mp_eye_m
image,mp_head_mb_col
material,m/mtl_mp_head_mb
image,mp_head_mc_col
material,m/mtl_mp_head_mc
image,mp_head_md_col
material,m/mtl_mp_head_md
image,~mp_head_n_spc-rgb&mp_head_n_cos-l-67
image,mp_head_n_nml
image,mp_head_n_col
material,m/mtl_mp_head_n
image,~shared_eye_a_spc-r-37g-37b-3~c169ab43
image,mp_eye_n_col
material,m/mtl_mp_eye_n
image,mp_head_nb_col
material,m/mtl_mp_head_nb
image,mp_head_nc_col
material,m/mtl_mp_head_nc
image,mp_head_nd_col
material,m/mtl_mp_head_nd
image,~mp_head_o_spc-rgb&mp_head_o_cos-l-67
image,mp_head_o_nml
image,mp_head_o_col
material,m/mtl_mp_head_o
image,,~shared_eye_a_spc-rgb&shared_~770a7bf6
image,mp_eye_o_col
material,m/mtl_mp_eye_o
image,mp_head_ob_col
material,m/mtl_mp_head_ob
image,mp_head_oc_col
material,m/mtl_mp_head_oc
image,mp_head_od_col
material,m/mtl_mp_head_od
vertexshader,,vertcol_simple_mtlclr_fog_nc.hlsl
vertexdecl,pp.ft0t0.3
pixelshader,,vertcol_shaded_fog_ndw_lin_nc.hlsl
vertexshader,lpo_sm_l0n_fog_s_tc0n0_nc_sm5.hlsl
vertexdecl,pp.ft0t0.3nn.ftt2.f
pixelshader,,lpo_sm_l0n_ndw_fog_b0c0n0s0l0px_nc_blm_rim_sm5.hlsl
pixelshader,,lpo_sm_l0d_ndw_fog_b0c0n0s0l0px_nc_blm_rim_sm5.hlsl
vertexshader,lpo_sm_l0d_l0sd_fog_s_tc0n0_nc_sm5.hlsl
pixelshader,,lpo_sm_l0d_l0sd_ndw_fog_b0c0n0s0l0px_nc_blm_rim_sm5.hlsl
pixelshader,,lpo_sm_l0s_ndw_fog_b0c0n0s0l0px_nc_blm_rim_sm5.hlsl
pixelshader,,lpo_sm_l0s_l0ss_ndw_fog_b0c0n0s0l0px_nc_blm_rim_sm5.hlsl
vertexshader,lpo_sm_l0s_l0sc_cuc_fog_s_tc0n0_nc_sm5.hlsl
pixelshader,,lpo_sm_l0s_l0sc_ndw_cuc_fog_b0c0n0s0l0px_nc_blm_rim_sm5.hlsl
pixelshader,,lpo_sm_l0o_ndw_fog_b0c0n0s0l0px_nc_blm_rim_sm5.hlsl
pixelshader,,lpo_sm_l0o_l0ss_ndw_fog_b0c0n0s0l0px_nc_blm_rim_sm5.hlsl
vertexshader,lpo_sm_l0d_l1s_fog_s_tc0n0_nc_sm5.hlsl
pixelshader,,lpo_sm_l0d_l1s_ndw_fog_b0c0n0s0l0px_nc_blm_rim_sm5.hlsl
vertexshader,lpo_sm_l0d_l1s_l1ss_fog_s_tc0n0_nc_sm5.hlsl
pixelshader,,lpo_sm_l0d_l1s_l1ss_ndw_fog_b0c0n0s0l0px_nc_blm_rim_sm5.hlsl
vertexshader,lpo_sm_l0d_l1s_l1sc_cuc_fog_s_tc0n0_nc_sm5.hlsl
pixelshader,,lpo_sm_l0d_l1s_l1sc_ndw_cuc_fog_b0c0n0s0l0px_nc_blm_rim_sm5.hlsl
pixelshader,,lpo_sm_l0d_l1o_ndw_fog_b0c0n0s0l0px_nc_blm_rim_sm5.hlsl
pixelshader,,lpo_sm_l0d_l1o_l1ss_ndw_fog_b0c0n0s0l0px_nc_blm_rim_sm5.hlsl
vertexshader,lpo_sm_l0d_l0sd_l1s_fog_s_tc0n0_nc_sm5.hlsl
pixelshader,,lpo_sm_l0d_l0sd_l1s_ndw_fog_b0c0n0s0l0px_nc_blm_rim_sm5.hlsl
vertexshader,lpo_sm_l0d_l0sd_l1s_l1ss_fog_s_tc0n0_nc_sm5.hlsl
pixelshader,,lpo_sm_l0d_l0sd_l1s_l1ss_ndw_fog_b0c0n0s0l0px_nc_blm_rim_sm5.hlsl
vertexshader,lpo_sm_l0d_l0sd_l1s_l1sc_cuc_fog_s_tc0n0_nc_sm5.hlsl
pixelshader,,lpo_sm_l0d_l0sd_l1s_l1sc_ndw_cuc_fog_b0c0n0s0l0px_nc_blm_rim_sm5.hlsl
pixelshader,,lpo_sm_l0d_l0sd_l1o_ndw_fog_b0c0n0s0l0px_nc_blm_rim_sm5.hlsl
pixelshader,,lpo_sm_l0d_l0sd_l1o_l1ss_ndw_fog_b0c0n0s0l0px_nc_blm_rim_sm5.hlsl
pixelshader,,lpo_sm_l0s_l1s_ndw_fog_b0c0n0s0l0px_nc_blm_rim_sm5.hlsl
pixelshader,,lpo_sm_l0s_l1s_l1ss_ndw_fog_b0c0n0s0l0px_nc_blm_rim_sm5.hlsl
pixelshader,,lpo_sm_l0s_l1s_l1sc_ndw_cuc_fog_b0c0n0s0l0px_nc_blm_rim_sm5.hlsl
pixelshader,,lpo_sm_l0s_l1o_ndw_fog_b0c0n0s0l0px_nc_blm_rim_sm5.hlsl
pixelshader,,lpo_sm_l0s_l1o_l1ss_ndw_fog_b0c0n0s0l0px_nc_blm_rim_sm5.hlsl
pixelshader,,lpo_sm_l0s_l0ss_l1s_ndw_fog_b0c0n0s0l0px_nc_blm_rim_sm5.hlsl
pixelshader,,lpo_sm_l0s_l0ss_l1s_l1ss_ndw_fog_b0c0n0s0l0px_nc_blm_rim_sm5.hlsl
pixelshader,,lpo_sm_l0s_l0ss_l1s_l1sc_ndw_cuc_fog_b0c0n0s0l0px_nc_blm_rim_sm5.hlsl
pixelshader,,lpo_sm_l0s_l0ss_l1o_ndw_fog_b0c0n0s0l0px_nc_blm_rim_sm5.hlsl
pixelshader,,lpo_sm_l0s_l0ss_l1o_l1ss_ndw_fog_b0c0n0s0l0px_nc_blm_rim_sm5.hlsl
vertexshader,lpo_sm_l0s_l0sc_l1s_cuc_fog_s_tc0n0_nc_sm5.hlsl
pixelshader,,lpo_sm_l0s_l0sc_l1s_ndw_cuc_fog_b0c0n0s0l0px_nc_blm_rim_sm5.hlsl
vertexshader,lpo_sm_l0s_l0sc_l1s_l1ss_cuc_fog_s_tc0n0_nc_sm5.hlsl
pixelshader,,lpo_sm_l0s_l0sc_l1s_l1ss_ndw_cuc_fog_b0c0n0s0l0px_nc_blm_rim_sm5.hlsl
vertexshader,lpo_sm_l0s_l0sc_l1s_l1sc_cuc_fog_s_tc0n0_nc_sm5.hlsl
pixelshader,,lpo_sm_l0s_l0sc_l1s_l1sc_ndw_cuc_fog_b0c0n0s0l0px_nc_blm_rim_sm5.hlsl
pixelshader,,lpo_sm_l0s_l0sc_l1o_ndw_cuc_fog_b0c0n0s0l0px_nc_blm_rim_sm5.hlsl
pixelshader,,lpo_sm_l0s_l0sc_l1o_l1ss_ndw_cuc_fog_b0c0n0s0l0px_nc_blm_rim_sm5.hlsl
pixelshader,,lpo_sm_l0o_l1o_ndw_fog_b0c0n0s0l0px_nc_blm_rim_sm5.hlsl
pixelshader,,lpo_sm_l0o_l1o_l1ss_ndw_fog_b0c0n0s0l0px_nc_blm_rim_sm5.hlsl
pixelshader,,lpo_sm_l0o_l0ss_l1o_ndw_fog_b0c0n0s0l0px_nc_blm_rim_sm5.hlsl
pixelshader,,lpo_sm_l0o_l0ss_l1o_l1ss_ndw_fog_b0c0n0s0l0px_nc_blm_rim_sm5.hlsl
vertexshader,lpo_sm_ldbsm_cuc_fog_s_tc0n0_nc_sm5.hlsl
pixelshader,,lpo_sm_ldbsm_ndw_cuc_fog_b0c0n0s0l0px_nc_blm_rim_sm5.hlsl
pixelshader,,lpo_sm_ldb_sunsm_ndw_cuc_fog_b0c0n0s0l0px_nc_blm_rim_sm5.hlsl
vertexshader,lpo_sm_ldbsm_fog_s_tc0n0_nc_sm5.hlsl
pixelshader,,lpo_sm_ldbsm_ndw_fog_b0c0n0s0l0px_nc_blm_rim_sm5.hlsl
pixelshader,,lpo_sm_ldb_sunsm_ndw_fog_b0c0n0s0l0px_nc_blm_rim_sm5.hlsl
vertexshader,lpo_sm_l0n_dfog_s_tc0n0_nc_sm5.hlsl
pixelshader,,lpo_sm_l0n_ndw_dfog_b0c0n0s0l0px_nc_blm_rim_sm5.hlsl
pixelshader,,lpo_sm_l0d_ndw_dfog_b0c0n0s0l0px_nc_blm_rim_sm5.hlsl
vertexshader,lpo_sm_l0d_l0sd_dfog_s_tc0n0_nc_sm5.hlsl
pixelshader,,lpo_sm_l0d_l0sd_ndw_dfog_b0c0n0s0l0px_nc_blm_rim_sm5.hlsl
pixelshader,,lpo_sm_l0s_ndw_dfog_b0c0n0s0l0px_nc_blm_rim_sm5.hlsl
pixelshader,,lpo_sm_l0s_l0ss_ndw_dfog_b0c0n0s0l0px_nc_blm_rim_sm5.hlsl
vertexshader,lpo_sm_l0s_l0sc_cuc_dfog_s_tc0n0_nc_sm5.hlsl
pixelshader,,lpo_sm_l0s_l0sc_ndw_cuc_dfog_b0c0n0s0l0px_nc_blm_rim_sm5.hlsl
pixelshader,,lpo_sm_l0o_ndw_dfog_b0c0n0s0l0px_nc_blm_rim_sm5.hlsl
pixelshader,,lpo_sm_l0o_l0ss_ndw_dfog_b0c0n0s0l0px_nc_blm_rim_sm5.hlsl
vertexshader,lpo_sm_l0d_l1s_dfog_s_tc0n0_nc_sm5.hlsl
pixelshader,,lpo_sm_l0d_l1s_ndw_dfog_b0c0n0s0l0px_nc_blm_rim_sm5.hlsl
vertexshader,lpo_sm_l0d_l1s_l1ss_dfog_s_tc0n0_nc_sm5.hlsl
pixelshader,,lpo_sm_l0d_l1s_l1ss_ndw_dfog_b0c0n0s0l0px_nc_blm_rim_sm5.hlsl
vertexshader,lpo_sm_l0d_l1s_l1sc_cuc_dfog_s_tc0n0_nc_sm5.hlsl
pixelshader,,lpo_sm_l0d_l1s_l1sc_ndw_cuc_dfog_b0c0n0s0l0px_nc_blm_rim_sm5.hlsl
pixelshader,,lpo_sm_l0d_l1o_ndw_dfog_b0c0n0s0l0px_nc_blm_rim_sm5.hlsl
pixelshader,,lpo_sm_l0d_l1o_l1ss_ndw_dfog_b0c0n0s0l0px_nc_blm_rim_sm5.hlsl
vertexshader,lpo_sm_l0d_l0sd_l1s_dfog_s_tc0n0_nc_sm5.hlsl
pixelshader,,lpo_sm_l0d_l0sd_l1s_ndw_dfog_b0c0n0s0l0px_nc_blm_rim_sm5.hlsl
vertexshader,lpo_sm_l0d_l0sd_l1s_l1ss_dfog_s_tc0n0_nc_sm5.hlsl
pixelshader,,lpo_sm_l0d_l0sd_l1s_l1ss_ndw_dfog_b0c0n0s0l0px_nc_blm_rim_sm5.hlsl
vertexshader,lpo_sm_l0d_l0sd_l1s_l1sc_cuc_dfog_s_tc0n0_nc_sm5.hlsl
pixelshader,,lpo_sm_l0d_l0sd_l1s_l1sc_ndw_cuc_dfog_b0c0n0s0l0px_nc_blm_rim_sm5.hlsl
pixelshader,,lpo_sm_l0d_l0sd_l1o_ndw_dfog_b0c0n0s0l0px_nc_blm_rim_sm5.hlsl
pixelshader,,lpo_sm_l0d_l0sd_l1o_l1ss_ndw_dfog_b0c0n0s0l0px_nc_blm_rim_sm5.hlsl
pixelshader,,lpo_sm_l0s_l1s_ndw_dfog_b0c0n0s0l0px_nc_blm_rim_sm5.hlsl
pixelshader,,lpo_sm_l0s_l1s_l1ss_ndw_dfog_b0c0n0s0l0px_nc_blm_rim_sm5.hlsl
pixelshader,,lpo_sm_l0s_l1s_l1sc_ndw_cuc_dfog_b0c0n0s0l0px_nc_blm_rim_sm5.hlsl
pixelshader,,lpo_sm_l0s_l1o_ndw_dfog_b0c0n0s0l0px_nc_blm_rim_sm5.hlsl
pixelshader,,lpo_sm_l0s_l1o_l1ss_ndw_dfog_b0c0n0s0l0px_nc_blm_rim_sm5.hlsl
pixelshader,,lpo_sm_l0s_l0ss_l1s_ndw_dfog_b0c0n0s0l0px_nc_blm_rim_sm5.hlsl
pixelshader,,lpo_sm_l0s_l0ss_l1s_l1ss_ndw_dfog_b0c0n0s0l0px_nc_blm_rim_sm5.hlsl
pixelshader,,lpo_sm_l0s_l0ss_l1s_l1sc_ndw_cuc_dfog_b0c0n0s0l0px_nc_blm_rim_sm5.hlsl
pixelshader,,lpo_sm_l0s_l0ss_l1o_ndw_dfog_b0c0n0s0l0px_nc_blm_rim_sm5.hlsl
pixelshader,,lpo_sm_l0s_l0ss_l1o_l1ss_ndw_dfog_b0c0n0s0l0px_nc_blm_rim_sm5.hlsl
vertexshader,lpo_sm_l0s_l0sc_l1s_cuc_dfog_s_tc0n0_nc_sm5.hlsl
pixelshader,,lpo_sm_l0s_l0sc_l1s_ndw_cuc_dfog_b0c0n0s0l0px_nc_blm_rim_sm5.hlsl
vertexshader,lpo_sm_l0s_l0sc_l1s_l1ss_cuc_dfog_s_tc0n0_nc_sm5.hlsl
pixelshader,,lpo_sm_l0s_l0sc_l1s_l1ss_ndw_cuc_dfog_b0c0n0s0l0px_nc_blm_rim_sm5.hlsl
vertexshader,lpo_sm_l0s_l0sc_l1s_l1sc_cuc_dfog_s_tc0n0_nc_sm5.hlsl
pixelshader,,lpo_sm_l0s_l0sc_l1s_l1sc_ndw_cuc_dfog_b0c0n0s0l0px_nc_blm_rim_sm5.hlsl
pixelshader,,lpo_sm_l0s_l0sc_l1o_ndw_cuc_dfog_b0c0n0s0l0px_nc_blm_rim_sm5.hlsl
pixelshader,,lpo_sm_l0s_l0sc_l1o_l1ss_ndw_cuc_dfog_b0c0n0s0l0px_nc_blm_rim_sm5.hlsl
pixelshader,,lpo_sm_l0o_l1o_ndw_dfog_b0c0n0s0l0px_nc_blm_rim_sm5.hlsl
pixelshader,,lpo_sm_l0o_l1o_l1ss_ndw_dfog_b0c0n0s0l0px_nc_blm_rim_sm5.hlsl
pixelshader,,lpo_sm_l0o_l0ss_l1o_ndw_dfog_b0c0n0s0l0px_nc_blm_rim_sm5.hlsl
pixelshader,,lpo_sm_l0o_l0ss_l1o_l1ss_ndw_dfog_b0c0n0s0l0px_nc_blm_rim_sm5.hlsl
vertexshader,lpo_sm_ldbsm_cuc_dfog_s_tc0n0_nc_sm5.hlsl
pixelshader,,lpo_sm_ldbsm_ndw_cuc_dfog_b0c0n0s0l0px_nc_blm_rim_sm5.hlsl
pixelshader,,lpo_sm_ldb_sunsm_ndw_cuc_dfog_b0c0n0s0l0px_nc_blm_rim_sm5.hlsl
vertexshader,lpo_sm_ldbsm_dfog_s_tc0n0_nc_sm5.hlsl
pixelshader,,lpo_sm_ldbsm_ndw_dfog_b0c0n0s0l0px_nc_blm_rim_sm5.hlsl
pixelshader,,lpo_sm_ldb_sunsm_ndw_dfog_b0c0n0s0l0px_nc_blm_rim_sm5.hlsl
vertexshader,,l_point_tc0n0_nc.hlsl
pixelshader,,l_spot_ndw_b0c0n0_nc.hlsl
pixelshader,,l_omni_ndw_b0c0n0_nc.hlsl
vertexshader,,l_point_l0s2_sm_tc0n0_nc.hlsl
pixelshader,,l_spot_ndw_l0s2_sm_b0c0n0_nc.hlsl
vertexshader,,l_point_l0s3_cuc_sm_tc0n0_nc.hlsl
pixelshader,,l_spot_ndw_l0s3_cuc_sm_b0c0n0_nc.hlsl
vertexshader,,vertcol_untextured_nc_nofog.hlsl
vertexdecl,pp.f
pixelshader,vertcol_untextured_lin_nc_nofog.hlsl
vertexshader,,velocity_sm_nofog_nc_sm3_vrigid.hlsl
pixelshader,,velocity_sm_nofog_nc_sm3_vrigid.hlsl
vertexshader,,velocity_sm_nofog_nc_sm3_vskinned.hlsl
vertexshader,,debug_normals_nc.hlsl
vertexdecl,pp.ft0t0.3nn.7tt1.7
pixelshader,,debug_normals_nc.hlsl
vertexshader,,vertcol_simple_i_mtlclr_fog_nc.hlsl
vertexshader,lpo_sm_l0n_i_fog_s_tc0n0_nc_sm5.hlsl
vertexshader,lpo_sm_l0d_l0sd_i_fog_s_tc0n0_nc_sm5.hlsl
vertexshader,lpo_sm_l0s_l0sc_i_cuc_fog_s_tc0n0_nc_sm5.hlsl
vertexshader,lpo_sm_l0d_l1s_i_fog_s_tc0n0_nc_sm5.hlsl
vertexshader,lpo_sm_l0d_l1s_l1ss_i_fog_s_tc0n0_nc_sm5.hlsl
vertexshader,lpo_sm_l0d_l1s_l1sc_i_cuc_fog_s_tc0n0_nc_sm5.hlsl
vertexshader,lpo_sm_l0d_l0sd_l1s_i_fog_s_tc0n0_nc_sm5.hlsl
vertexshader,lpo_sm_l0d_l0sd_l1s_l1ss_i_fog_s_tc0n0_nc_sm5.hlsl
vertexshader,lpo_sm_l0d_l0sd_l1s_l1sc_i_cuc_fog_s_tc0n0_nc_sm5.hlsl
vertexshader,lpo_sm_l0s_l0sc_l1s_i_cuc_fog_s_tc0n0_nc_sm5.hlsl
vertexshader,lpo_sm_l0s_l0sc_l1s_l1ss_i_cuc_fog_s_tc0n0_nc_sm5.hlsl
vertexshader,lpo_sm_l0s_l0sc_l1s_l1sc_i_cuc_fog_s_tc0n0_nc_sm5.hlsl
vertexshader,lpo_sm_ldbsm_i_cuc_fog_s_tc0n0_nc_sm5.hlsl
vertexshader,lpo_sm_ldbsm_i_fog_s_tc0n0_nc_sm5.hlsl
vertexshader,lpo_sm_l0n_i_dfog_s_tc0n0_nc_sm5.hlsl
vertexshader,lpo_sm_l0d_l0sd_i_dfog_s_tc0n0_nc_sm5.hlsl
vertexshader,lpo_sm_l0s_l0sc_i_cuc_dfog_s_tc0n0_nc_sm5.hlsl
vertexshader,lpo_sm_l0d_l1s_i_dfog_s_tc0n0_nc_sm5.hlsl
vertexshader,lpo_sm_l0d_l1s_l1ss_i_dfog_s_tc0n0_nc_sm5.hlsl
vertexshader,lpo_sm_l0d_l1s_l1sc_i_cuc_dfog_s_tc0n0_nc_sm5.hlsl
vertexshader,lpo_sm_l0d_l0sd_l1s_i_dfog_s_tc0n0_nc_sm5.hlsl
vertexshader,lpo_sm_l0d_l0sd_l1s_l1ss_i_dfog_s_tc0n0_nc_sm5.hlsl
vertexshader,lpo_sm_l0d_l0sd_l1s_l1sc_i_cuc_dfog_s_tc0n0_nc_sm5.hlsl
vertexshader,lpo_sm_l0s_l0sc_l1s_i_cuc_dfog_s_tc0n0_nc_sm5.hlsl
vertexshader,lpo_sm_l0s_l0sc_l1s_l1ss_i_cuc_dfog_s_tc0n0_nc_sm5.hlsl
vertexshader,lpo_sm_l0s_l0sc_l1s_l1sc_i_cuc_dfog_s_tc0n0_nc_sm5.hlsl
vertexshader,lpo_sm_ldbsm_i_cuc_dfog_s_tc0n0_nc_sm5.hlsl
vertexshader,lpo_sm_ldbsm_i_dfog_s_tc0n0_nc_sm5.hlsl
vertexshader,,l_point_i_tc0n0_nc.hlsl
vertexshader,,l_point_i_l0s2_sm_tc0n0_nc.hlsl
vertexshader,,l_point_i_l0s3_cuc_sm_tc0n0_nc.hlsl
vertexshader,,vertcol_untextured_i_nc_nofog.hlsl
vertexshader,,debug_normals_i_nc.hlsl
techset,m_l_sm_rim_ndw_b0c0n0s0l0p0_cltrans
image,~us_udt_alpha_a_spc-rgb&us_ud~5c9fb33d
image,us_udt_alpha_a_nml
image,us_udt_alpha_a_col
material,m/mtl_us_udt_alpha_a
image,~us_udt_glove_a_spc-rgb&us_ud~7ec587ae
image,us_udt_glove_a_nml
image,us_udt_glove_a_col
material,m/mtl_us_udt_glove_a
image,~us_udt_divegear_a_spc-rgb&us~cf2f5422
image,us_udt_divegear_a_nml
image,us_udt_divegear_a_col
material,m/mtl_us_udt_divegear_a
image,~us_udt_divegear_a_spc-r-20g-~46b2e72a
material,m/mtl_us_udt_divegear_a_metal
image,~us_udt_upperbody_a_spc_360-r~9ea66185
image,us_udt_upperbody_a_nml_360
image,mp_udt_upperbody_e_col
material,m/mtl_mp_udt_upperbody_e
image,~us_udt_lowerbody_a_spc_360-r~c1978248
image,us_udt_lowerbody_a_nml_360
image,mp_udt_lowerbody_e_col
material,m/mtl_mp_udt_lowerbody_e
image,~merrick_udt_loadout_a_spc-rg~c270a352
image,merrick_udt_loadout_a_nml
image,merrick_udt_loadout_a_col
material,m/mtl_merrick_udt_loadout_a
image,~us_udt_fin_a_spc-rgb&us_udt_~498564ef
image,us_udt_fin_a_nml
image,us_udt_fin_a_col
material,m/mtl_us_udt_fin_a
image,~us_udt_loadout_b_spc-rgb&us_~4436b15e
image,us_udt_loadout_b_nml
image,us_udt_loadout_b_col
material,m/mtl_us_udt_loadout_b
techset,,m_l_sm_r0c0n0s0l0_nfwpf
image,~mp_patch_a_spc-rgb&mp_patch_~6f741422
image,mp_patch_a_nml
image,mp_patch_a_col
material,m/mtl_mp_patch_test_a
techset,,m_l_sm_ndw_b0c0l0_cltrans
image,mp_patch_a_patch_b
material,m/mtl_mp_patch_test_b
image,mp_udt_upperbody_d_col
material,m/mtl_mp_udt_upperbody_d
image,mp_udt_lowerbody_d_col
material,m/mtl_mp_udt_lowerbody_d
image,mp_udt_upperbody_f_col
material,m/mtl_mp_udt_upperbody_f
image,mp_udt_lowerbody_f_col
material,m/mtl_mp_udt_lowerbody_f
image,mp_udt_upperbody_b_col
material,m/mtl_mp_udt_upperbody_b
image,mp_udt_lowerbody_b_col
material,m/mtl_mp_udt_lowerbody_b
image,mp_udt_upperbody_c_col
material,m/mtl_mp_udt_upperbody_c
image,mp_udt_lowerbody_c_col
material,m/mtl_mp_udt_lowerbody_c
image,,~us_rangers_glove_a_spc-rgb&u~035204d5
image,,us_rangers_glove_a_nml
image,mp_clan_glove_a_col
material,m/mtl_mp_clan_glove_a
image,,~devgru_loadout_a_spc-rgb&dev~db85a608
image,,devgru_loadout_a_nml
image,mp_clan_loadout_a_col
material,m/mtl_mp_clan_loadout_a
image,,~devgru_loadout_e_spc-rgb&dev~a81800c2
image,,devgru_loadout_e_nml
image,mp_clan_loadout_e_col
material,m/mtl_mp_clan_loadout_e
image,~devgru_lowerbody_a_spc-r-20g~eb7075a0
image,,devgru_lowerbody_a_nml
image,mp_clan_lowerbody_e_col
material,m/mtl_mp_clan_lowerbody_e
image,,~gs_hostage_boot_a_spc-r-42g-~68b76690
image,,gs_hostage_boot_a_nml
image,mp_clan_boot_a_col
material,m/mtl_mp_clan_boot_a
image,mp_clan_lowerbody_d_col
material,m/mtl_mp_clan_lowerbody_d
image,mp_clan_lowerbody_f_col
material,m/mtl_mp_clan_lowerbody_f
image,mp_clan_lowerbody_b_col
material,m/mtl_mp_clan_lowerbody_b
image,devgru_lowerbody_a_nml_360
image,mp_clan_lowerbody_a_col
material,m/mtl_mp_clan_lowerbody_a
techset,,m_l_sm_r0c0n0s0l0p0_nfwpf
image,~viewmodel_us_udt_a_spc_360-r~572e7530
image,viewmodel_us_udt_a_nml_360
image,viewmodel_mp_udt_e_col
material,m/mtl_viewmodel_mp_udt_e
techset,,m_l_sm_ndw_b0c0n0s0l0p0_cltrans
image,~viewmodel_us_udt_alpha_a_spc~7404cf57
image,viewmodel_us_udt_alpha_a_nml
image,viewmodel_us_udt_alpha_a_col
material,m/mtl_viewmodel_us_udt_alpha_a
image,~viewmodel_us_udt_a_spc-rgb&v~a5b53d9a
image,viewmodel_us_udt_a_nml
image,viewmodel_us_udt_a_col
material,m/mtl_viewmodel_us_udt_metal_a
image,viewmodel_mp_udt_d_col
material,m/mtl_viewmodel_mp_udt_d
image,viewmodel_mp_udt_f_col
material,m/mtl_viewmodel_mp_udt_f
image,viewmodel_mp_udt_b_col
material,m/mtl_viewmodel_mp_udt_b
image,viewmodel_mp_udt_c_col
material,m/mtl_viewmodel_mp_udt_c
techset,,m_reflexsight
image,weapon_reticle_zebra_a_bc7
image,,weapon_laser_noise_iw6
material,m/mtl_weapon_reticle_zebra
xmodelsurfs,,viewmodel_reticle100
xmodel,viewmodel_reticle_zebra
image,weapon_reticle_pow_a_bc7
material,m/mtl_weapon_reticle_pow
xmodel,viewmodel_reticle_pow
rawfile,common_core_dlc_mp
