netconststrings,ncs_acl_common_bots_mp
netconststrings,ncs_fxt_common_bots_mp
netconststrings,ncs_mdl_common_bots_mp
techset,,m_l_sm_rim_r0c0n0s0l0p0_nfwpf
techset,,m_l_sm_r0c0n0s0l0p0_nfwpf
techset,,m_l_sm_lmcloth_rim_r0c0n0s0l0_nfwpf
techset,,m_l_sm_ndw_b0c0n0s0l0p0_cltrans_eye
techset,,m_l_sm_rim_r0c0n0s0l0_nfwpf
image,~dog_a_head_a_spc-rgb&dog_a_h~12d847ed
image,dog_a_head_a_nml
image,dog_a_head_a_col
material,m/mtl_dog_a_head_a
image,~dog_a_body_a_spc-rgb&dog_a_b~59d187e1
image,dog_a_body_a_nml
image,dog_a_body_a_col
material,m/mtl_dog_a_body_a
image,~dog_a_mouth_a_spc_360-r-42g-~a5dd43cc
image,dog_a_mouth_a_nml_360
image,dog_a_mouth_a_col_360
material,m/mtl_dog_a_mouth_a
image,~dog_a_eye_a_spc-r18g18b18&do~3b973a5e
image,dog_a_eye_a_nml
image,dog_a_eye_a_col
material,m/mtl_dog_a_eye_a
image,~dog_a_gear_a_spc-rgb&dog_a_g~887cc99c
image,dog_a_gear_a_nml
image,dog_a_gear_a_col
image,dog_a_gear_a_lobe
material,m/mtl_dog_a_gear_a
material,,m/mtl_shiny_lense_eye
material,m/mtl_dog_a_gear_a_cam
xmodelsurfs,dog_a_mp_lod0200
xmodelsurfs,dog_a_mp_lod1200
xmodelsurfs,dog_a_mp_lod2200
xmodelsurfs,dog_a_mp_lod3200
xmodelsurfs,dog_a_mp_lod4200
xmodel,mp_fullbody_dog_a
rawfile,animtrees/dog_mp.atr
animclass,dog_animclass
xanim,german_shepherd_run_attack_b
xanim,german_shepherd_run_flashbang_b
techset,,effect_zfeather_blend_ndw_bl_abl
techset,,particle_cloud_replace_bl_abl_lin
techset,,effect_blend_lin_nofog_ndw_bl_abl
material,,gfx_blood_flying_squirt_atlas
material,,cloud_outdoor
image,blood_burst_atlas
material,gfx_blood_burst_atlas
material,,gfx_test01
material,,gfx_blood_drops_atlas
fx,fx/impacts/deathfx_dogbite
techset,,effect_blend_lin_ndw_bl_abl
image,water_gush
material,gfx_bloodpool_nodepth
fx,fx/impacts/deathfx_bloodpool_view
xanim,iw6_dog_death_4
xanim,iw6_dog_death_6
xanim,iw6_dog_run_pain_4
xanim,iw6_dog_run_pain_6
xanim,iw6_dog_alertidle_pain_4
xanim,iw6_dog_alertidle_pain_6
xanim,iw6_dog_run
xanim,iw6_dog_walk
xanim,iw6_dog_fastwalk
xanim,iw6_dog_sprint
xanim,iw6_dog_run_turn_1
xanim,iw6_dog_run_turn_2
xanim,iw6_dog_run_turn_3
xanim,iw6_dog_run_turn_4
xanim,iw6_dog_run_turn_6
xanim,iw6_dog_run_turn_7
xanim,iw6_dog_run_turn_9
xanim,iw6_dog_run_quickturn_1
xanim,iw6_dog_run_quickturn_2
xanim,iw6_dog_run_quickturn_3
xanim,iw6_dog_run_quickturn_4
xanim,iw6_dog_run_quickturn_6
xanim,iw6_dog_run_quickturn_7
xanim,iw6_dog_run_quickturn_9
xanim,iw6_dog_attackidle
xanim,iw6_dog_attackidle_turn_2
xanim,iw6_dog_attackidle_turn_4
xanim,iw6_dog_attackidle_turn_6
xanim,iw6_dog_casualidle
xanim,iw6_dog_casualidle_turn_2
xanim,iw6_dog_casualidle_turn_4
xanim,iw6_dog_casualidle_turn_6
xanim,iw6_dog_traverse_over_24
xanim,iw6_dog_traverse_over_36
xanim,iw6_dog_traverse_up_24
xanim,iw6_dog_traverse_up_40
xanim,iw6_dog_traverse_up_70
xanim,iw6_dog_traverse_down_24
xanim,iw6_dog_traverse_down_40
xanim,iw6_dog_traverse_down_70
xanim,iw6_dog_attackidle_runout_1
xanim,iw6_dog_attackidle_runout_2
xanim,iw6_dog_attackidle_runout_3
xanim,iw6_dog_attackidle_runout_4
xanim,iw6_dog_attackidle_runout_6
xanim,iw6_dog_attackidle_runout_7
xanim,iw6_dog_attackidle_runout_8
xanim,iw6_dog_attackidle_runout_9
xanim,iw6_dog_attackidle_runin_1
xanim,iw6_dog_attackidle_runin_2
xanim,iw6_dog_attackidle_runin_3
xanim,iw6_dog_attackidle_runin_4
xanim,iw6_dog_attackidle_runin_6
xanim,iw6_dog_attackidle_runin_7
xanim,iw6_dog_attackidle_runin_8
xanim,iw6_dog_attackidle_runin_9
xanim,iw6_dog_kill_front_quick_1
xanim,iw6_dog_kill_back_quick_1
xanim,iw6_dog_kill_left_quick_1
xanim,iw6_dog_kill_right_quick_1
rawfile,common_bots_mp
