rawfile,autoexec_dev_mp.cfg
rawfile,autoexec_console_dev_mp.cfg
rawfile,autoexec_pc_dev_mp.cfg
rawfile,devgui_main.cfg
rawfile,devgui_xenon.cfg
rawfile,devgui_scriptart.cfg
rawfile,devgui_visibility.cfg
rawfile,devgui_renderer.cfg
rawfile,devgui_vehicles.cfg
rawfile,devgui_aimassist.cfg
rawfile,devgui_modelpreviewer.cfg
rawfile,devgui_maps_mp.cfg
rawfile,devgui_mp.cfg
rawfile,dev_controller_shortcuts_mp.cfg
rawfile,mp_launcher.cfg
rawfile,demo.cfg
rawfile,demo_mp.cfg
rawfile,demo_undo_mp.cfg
rawfile,createfx.cfg
rawfile,dj.cfg
rawfile,miller.cfg
rawfile,slime_dev.cfg
rawfile,tsuenami.cfg
rawfile,colin_mp.cfg
rawfile,ogatica_mp.cfg
rawfile,mgiombi.cfg
rawfile,bots.cfg
rawfile,benk_mp.cfg
rawfile,hougant_mp.cfg
rawfile,aeady_mp.cfg
rawfile,jwebb_mp.cfg
rawfile,aliens_developer.cfg
rawfile,aliens_script_usage.cfg
rawfile,enable_art.cfg
rawfile,enable_artscript.cfg
scriptfile,common_scripts/_painter
rawfile,painter.cfg
menu,painter
menufile,ui/scriptmenus/painter.menu
rawfile,development_mp
