netconststrings,ncs_lui_level
netconststrings,ncs_acl_level
netconststrings,ncs_fxt_level
netconststrings,ncs_anm_level
netconststrings,ncs_hnt_level
netconststrings,ncs_wep_level
netconststrings,ncs_sel_level
netconststrings,ncs_mic_level
netconststrings,ncs_nps_level
netconststrings,ncs_sic_level
netconststrings,ncs_hic_level
netconststrings,ncs_tag_level
netconststrings,ncs_mnu_level
netconststrings,ncs_shk_level
netconststrings,ncs_snl_level
netconststrings,ncs_snd_level
netconststrings,ncs_loc_level
netconststrings,ncs_vfx_level
netconststrings,ncs_veh_level
netconststrings,ncs_rmb_level
netconststrings,ncs_mat_level
netconststrings,ncs_mdl_level
techset,,mc_l_sm_r0c0s0l0_nfwpf
image,,~black_surveillance_dome_spc-~90630625
image,,$identitynormalmap
image,,black_surveillance_dome_col
material,mc/lambert1
xmodelsurfs,defaultweapon100
xmodel,defaultweapon
techset,,m_l_sm_r0c0n0s0l0_nfwpf
image,~weapon_acog_iw6_spc-rgb&weap~de073c2f
image,weapon_acog_iw6_nml
image,weapon_acog_iw6_col
material,m/mtl_weapon_acog_iw6
xmodelsurfs,weapon_acog_iw6_lod0101
xmodelsurfs,weapon_acog_iw6_lod1100
xmodelsurfs,weapon_acog_iw6_lod2100
xmodelsurfs,weapon_acog_iw6_lod3100
xmodel,weapon_acog_iw6
image,~weapon_ak12_spc-r-20g-20b-20~9f786d9f
image,weapon_ak12_nml
image,weapon_ak12_col
material,m/mtl_weapon_ak12
xmodelsurfs,weapon_ak12_lod0101
xmodelsurfs,weapon_ak12_lod1100
xmodelsurfs,weapon_ak12_lod2100
xmodelsurfs,weapon_ak12_lod3100
xmodel,weapon_ak12
techset,,m_l_sm_r0c0q0n0s0l0_nfwpf
image,~gold_detail_iw6_spc-r-20g-20~f65d065f
image,gold_detail_iw6_col
image,gold_detail_iw6_nml
material,m/mtl_weapon_ak12_gold
xmodel,weapon_ak12_gold
techset,,m_l_sm_r0c0s0l0_nfwpf
material,,m/lambert1
image,~fx_shell_belt_spc-rgb&fx_she~f0a22fad
image,fx_shell_belt_nml
image,fx_shell_belt_col
material,m/mtl_fx_belt_shell
image,~weapon_ameli_spc-rgb&weapon_~be265953
image,weapon_ameli_nml
image,weapon_ameli_col
material,m/mtl_weapon_ameli
image,~weapon_ameli_box_spc-rgb&wea~c14c2373
image,weapon_ameli_box_nml
image,weapon_ameli_box_col
material,m/mtl_weapon_ameli_box
xmodelsurfs,weapon_ameli_lod0101
xmodelsurfs,weapon_ameli_lod1100
xmodelsurfs,weapon_ameli_lod2100
xmodelsurfs,weapon_ameli_lod3100
xmodel,weapon_ameli
image,~gold_detail_iw6_spc-rgb&gold~25e1e831
material,m/mtl_weapon_ameli_gold
xmodel,weapon_ameli_gold
techset,,m_l_sm_r0c0n0s0l0p0_nfwpf
image,~weapon_arx160_spc_360-rgb&we~4dc7125e
image,weapon_arx160_nml_360
image,weapon_arx160_col_360
material,m/mtl_weapon_arx_160_360
image,~weapon_magpul_sights_arx_spc~dbe66989
image,weapon_magpul_sights_arx_nml_360
image,weapon_magpul_sights_arx_col_360
material,m/mtl_weapon_magpul_sights_space_360
image,~weapon_lasersystem_spc_360-r~a89aefac
image,weapon_lasersystem_nml_360
image,weapon_lasersystem_col_360
material,m/mtl_weapon_lasersystem_360
xmodelsurfs,weapon_arx_160_lod0101
xmodelsurfs,weapon_arx_160_lod1100
xmodelsurfs,weapon_arx_160_lod2100
xmodelsurfs,weapon_arx_160_lod3100
physpreset,weapon_heavy
phys_collmap,weapon_arx_160
xmodel,weapon_arx_160
material,m/mtl_weapon_arx_160_360_gold
image,weapon_magpul_sights_nml_360
material,m/mtl_weapon_magpul_sights_360_gold
xmodel,weapon_arx_160_gold
image,~weapon_cbj_ms_2k_spc-rgb&wea~ed6465e0
image,weapon_cbj_ms_2k_nml
image,weapon_cbj_ms_2k_col
material,m/mtl_weapon_cbj_ms_iw6
xmodelsurfs,weapon_cbj_ms_iw6_lod0101
xmodelsurfs,weapon_cbj_ms_iw6_lod1100
xmodelsurfs,weapon_cbj_ms_iw6_lod2100
xmodelsurfs,weapon_cbj_ms_iw6_lod3100
xmodel,weapon_cbj_ms_iw6
material,m/mtl_weapon_cbj_ms_iw6_gold
xmodel,weapon_cbj_ms_iw6_gold
techset,,mc_l_sm_lmmetal_r0c0n0ss0l0p0_nfwpf
techset,,m_l_sm_lmmetal_r0c0n0ss0l0p0_nfwpf
image,~weapon_cz_805_bren_2k_spc-rg~23b94cc6
image,weapon_cz_805_bren_2k_nml
image,weapon_cz_805_bren_2k_col
material,mc/mtl_weapon_cz_805_bren
material,m/mtl_weapon_cz_805_bren
xmodelsurfs,weapon_cz_805_bren_lod0101
xmodelsurfs,weapon_cz_805_bren_lod1100
xmodelsurfs,weapon_cz_805_bren_lod2100
xmodelsurfs,weapon_cz_805_bren_lod3100
xmodel,weapon_cz_805_bren
techset,,mc_l_sm_r0c0q0n0s0l0_nfwpf
image,weapon_cz_805_bren_1k_nml
material,mc/mtl_weapon_cz_805_bren_gold
material,m/mtl_weapon_cz_805_bren_gold
xmodel,weapon_cz_805_bren_gold
image,~weapon_dragunov_svu_spc-rgb&~1fa33d5d
image,weapon_dragunov_svu_nml
image,weapon_dragunov_svu_col
material,m/mtl_weapon_dragunov_svu
image,~weapon_dragunov_svu_bipod_sp~b25f1520
image,weapon_dragunov_svu_bipod_nml
image,weapon_dragunov_svu_bipod_col
material,m/mtl_weapon_dragunov_svu_bipod
image,~weapon_ak47_iw5_rail_spc-rgb~f88626c2
image,weapon_ak47_iw5_rail_nml
image,weapon_ak47_iw5_rail_col
material,m/mtl_weapon_ak47_iw5_rail
xmodelsurfs,weapon_dragunov_svu_lod0101
xmodelsurfs,weapon_dragunov_svu_lod1100
xmodelsurfs,weapon_dragunov_svu_lod2100
xmodelsurfs,weapon_dragunov_svu_lod3100
xmodel,weapon_dragunov_svu
material,m/mtl_weapon_dragunov_svu_gold
xmodel,weapon_dragunov_svu_gold
techset,,m_l_sm_ndw_b0c0s0l0_cltrans
image,~weapon_dragunov_svu_scope_sp~c538bd8f
image,weapon_dragunov_svu_scope_nml
image,weapon_dragunov_svu_scope_col
material,m/mtl_weapon_dragunov_svu_scope
image,~weapon_dragunov_svu_lens_spc~d2b5bf8d
image,weapon_dragunov_svu_lens_col
material,m/mtl_weapon_dragunov_svu_lens
xmodelsurfs,weapon_dragunov_svu_scope_lod0101
xmodelsurfs,weapon_dragunov_svu_scope_lod1100
xmodelsurfs,weapon_dragunov_svu_scope_lod2100
xmodelsurfs,weapon_dragunov_svu_scope_lod3100
xmodel,weapon_dragunov_svu_scope
techset,,m_l_sm_ndw_b0c0n0s0l0_cltrans
image,~weapon_eotech_lense_iw6_spc_~4eded95b
image,weapon_eotech_lense_iw6_nml_360
image,weapon_eotech_lense_iw6_col_360
material,m/mtl_weapon_eotech_lense_iw6_360
image,~weapon_eotech_iw6_spc_360-rg~52f32605
image,weapon_eotech_iw6_nml_360
image,weapon_eotech_iw6_col_360
material,m/mtl_weapon_eotech_iw6_360
image,~weapon_eotech_pwr_reader_spc~d4431c56
image,weapon_eotech_pwr_reader_nml_360
image,weapon_eotech_pwr_reader_col_360
material,m/mtl_weapon_eotech_pwr_reader_360
xmodelsurfs,weapon_eotech_pwr_reader_lod0100
xmodelsurfs,weapon_eotech_pwr_reader_lod1100
xmodelsurfs,weapon_eotech_pwr_reader_lod2100
xmodelsurfs,weapon_eotech_pwr_reader_lod3100
xmodel,weapon_eotech_pwr_reader
techset,,mc_l_sm_r0c0n0s0l0p0_nfwpf
techset,,mc_l_sm_r0c0n0s0l0_nfwpf
image,~weapon_fabarm_fp6_2k_spc-rgb~e7860082
image,weapon_fabarm_fp6_2k_nml
image,weapon_fabarm_fp6_2k_col
material,m/mtl_weapon_fabarm_fp6_chrome_iw6
material,m/mtl_weapon_fabarm_fp6_iw6
material,mc/mtl_weapon_fabarm_fp6_chrome_iw6
material,mc/mtl_weapon_fabarm_fp6_iw6
xmodelsurfs,weapon_fabarm_fp6_lod0101
xmodelsurfs,weapon_fabarm_fp6_lod1100
xmodelsurfs,weapon_fabarm_fp6_lod2100
xmodelsurfs,weapon_fabarm_fp6_lod3100
xmodel,weapon_fabarm_fp6
techset,,m_l_sm_t0c0q0n0s0l0_nfwpf
techset,,mc_l_sm_t0c0q0n0s0l0_nfwpf
image,weapon_fabarm_fp6_1k_nml
material,m/mtl_weapon_fabarm_fp6_iw6_gold
material,mc/mtl_weapon_fabarm_fp6_iw6_gold
xmodel,weapon_fabarm_fp6_gold
image,~weapon_fad_iw6_spc-rgb&weapo~9a16fcd8
image,weapon_fad_iw6_nml
image,weapon_fad_iw6_col
material,m/mtl_weapon_fad_iw6
xmodelsurfs,weapon_fad_iw6_lod0101
xmodelsurfs,weapon_fad_iw6_lod1100
xmodelsurfs,weapon_fad_iw6_lod2100
xmodelsurfs,weapon_fad_iw6_lod3100
xmodel,weapon_fad_iw6
material,m/mtl_weapon_fad_iw6_gold
physpreset,weapon_light
xmodel,weapon_fad_iw6_gold
image,~weapon_flash_suppressor_iw6_~49633eab
image,weapon_flash_suppressor_iw6_nml
image,weapon_flash_suppressor_iw6_col
material,m/mtl_weapon_flash_suppressor
xmodelsurfs,weapon_flash_suppressor_iw6_ar_lod0101
xmodelsurfs,weapon_flash_suppressor_iw6_ar_lod1100
xmodelsurfs,weapon_flash_suppressor_iw6_ar_lod2100
xmodelsurfs,weapon_flash_suppressor_iw6_ar_lod3100
xmodel,weapon_flash_suppressor_iw6_ar
xmodelsurfs,weapon_flash_suppressor_iw6_pis_lod0101
xmodelsurfs,weapon_flash_suppressor_iw6_pis_lod1100
xmodelsurfs,weapon_flash_suppressor_iw6_pis_lod2100
xmodelsurfs,weapon_flash_suppressor_iw6_pis_lod3100
xmodel,weapon_flash_suppressor_iw6_pistol
image,~weapon_foregrip_folding_spc_~e8d597ec
image,weapon_foregrip_folding_nml_360
image,weapon_foregrip_folding_col_360
material,m/mtl_weapon_foregrip_folding_360
xmodelsurfs,weapon_foregrip_folding_lod0101
xmodelsurfs,weapon_foregrip_folding_lod1100
xmodelsurfs,weapon_foregrip_folding_lod2100
xmodelsurfs,weapon_foregrip_folding_lod3100
xmodel,weapon_foregrip_folding
image,~weapon_g28_extra_1k_spc-rgb&~a263dd0a
image,weapon_g28_extra_1k_nml
image,weapon_g28_extra_1k_col
material,m/mtl_weapon_g28_extra
image,~weapon_g28_2k_spc-rgb&weapon~b37c81d0
image,weapon_g28_2k_nml
image,weapon_g28_2k_col
material,m/mtl_weapon_g28
xmodelsurfs,weapon_g28_lod0101
xmodelsurfs,weapon_g28_lod1100
xmodelsurfs,weapon_g28_lod2100
xmodelsurfs,weapon_g28_lod3100
xmodel,weapon_g28
image,weapon_g28_1k_nml
material,m/mtl_weapon_g28_gold
xmodel,weapon_g28_gold
techset,,m_l_sm_ndw_b0c0n0s0l0p0_cltrans
image,~weapon_g28_scope_1k_spc-rgb&~b5cd66d5
image,weapon_g28_scope_1k_nml
image,weapon_g28_scope_1k_col
material,m/mtl_weapon_g28_scope
material,m/mtl_weapon_g28_scope_lens
xmodelsurfs,weapon_g28_scope_lod0101
xmodelsurfs,weapon_g28_scope_lod1100
xmodelsurfs,weapon_g28_scope_lod2100
xmodelsurfs,weapon_g28_scope_lod3100
xmodel,weapon_g28_scope
image,~weapon_gm6_bipod_spc-rgb&wea~cec110b8
image,weapon_gm6_bipod_nml
image,weapon_gm6_bipod_col
material,m/mtl_weapon_gm6_bipod
image,~weapon_gm6_spc-rgb&weapon_gm~d9f9c07b
image,weapon_gm6_nml
image,weapon_gm6_col
material,m/mtl_weapon_gm6
xmodelsurfs,weapon_gm6_lod0101
xmodelsurfs,weapon_gm6_lod1100
xmodelsurfs,weapon_gm6_lod2100
xmodelsurfs,weapon_gm6_lod3100
xmodel,weapon_gm6
material,m/mtl_weapon_gm6_gold
xmodel,weapon_gm6_gold
image,~weapon_gm6_scope_spc-rgb&wea~1d4fd614
image,weapon_gm6_scope_nml
image,weapon_gm6_scope_col
material,m/mtl_weapon_gm6_scope
xmodelsurfs,weapon_gm6_scope_lod0101
xmodelsurfs,weapon_gm6_scope_lod1100
xmodelsurfs,weapon_gm6_scope_lod2100
xmodelsurfs,weapon_gm6_scope_lod3100
xmodel,weapon_gm6_scope
image,~weapon_grenadelauncher_iw6_s~393a42b0
image,weapon_grenadelauncher_iw6_nml_360
image,weapon_grenadelauncher_iw6_col_360
material,m/mtl_weapon_grenadelauncher_iw6_360
xmodelsurfs,weapon_grenade_launcher_iw6_lod0100
xmodelsurfs,weapon_grenade_launcher_iw6_lod1100
xmodelsurfs,weapon_grenade_launcher_iw6_lod2100
xmodelsurfs,weapon_grenade_launcher_iw6_lod3100
xmodel,weapon_grenade_launcher_iw6
image,~weapon_honeybadger_spc_360-r~c4e69a80
image,weapon_honeybadger_nml_360
image,weapon_honeybadger_clr_360
material,m/mtl_weapon_honeybadger_360
image,~weapon_magpul_sights_spc_360~3208910a
image,weapon_magpul_sights_clr_360
material,m/mtl_weapon_magpul_sights_360
xmodelsurfs,weapon_honeybadger_lod0100
xmodelsurfs,weapon_honeybadger_lod1100
xmodelsurfs,weapon_honeybadger_lod2100
xmodelsurfs,weapon_honeybadger_lod3100
xmodel,weapon_honeybadger
material,m/mtl_weapon_honeybadger_360_gold
xmodel,weapon_honeybadger_gold
image,~weapon_imbel_ia2_2k_spc-rgb&~ef571123
image,weapon_imbel_ia2_2k_nml
image,weapon_imbel_ia2_2k_col
material,m/mtl_weapon_imbel_ia2
material,m/mtl_weapon_imbel_ia2_chrome
xmodelsurfs,weapon_imbel_ia2_lod0101
xmodelsurfs,weapon_imbel_ia2_lod1100
xmodelsurfs,weapon_imbel_ia2_lod2100
xmodelsurfs,weapon_imbel_ia2_lod3100
xmodel,weapon_imbel_ia2
image,weapon_imbel_ia2_1k_nml
material,m/mtl_weapon_imbel_ia2_gold
xmodel,weapon_imbel_ia2_gold
techset,,m_l_sm_ndw_b0c0s0l0p0_cltrans
image,~weapon_mark4_cqt_1k_spc-rgb&~6420caf1
image,weapon_mark4_cqt_1k_nml
image,weapon_mark4_cqt_1k_col
material,m/mtl_weapon_mark4_cqt
image,~weapon_mark4_cqt_lense2_spc-~951b9202
image,weapon_mark4_cqt_lense2_col
material,m/mtl_weapon_mark4_cqt_lense3
xmodelsurfs,weapon_imbel_ia2_scope_lod0101
xmodelsurfs,weapon_imbel_ia2_scope_lod1100
xmodelsurfs,weapon_imbel_ia2_scope_lod2100
xmodelsurfs,weapon_imbel_ia2_scope_lod3100
xmodel,weapon_imbel_ia2_scope
image,~weapon_k7_spc-rgb&weapon_k7_cos-l-67
image,weapon_k7_nml
image,weapon_k7_col
material,m/mtl_weapon_k7
xmodelsurfs,weapon_k7_lod0101
xmodelsurfs,weapon_k7_lod1100
xmodelsurfs,weapon_k7_lod2100
xmodelsurfs,weapon_k7_lod3100
xmodel,weapon_k7
material,m/mtl_weapon_k7_gold
xmodel,weapon_k7_gold
image,~weapon_kac_chainsaw_gl_spc-r~ab8491ad
image,weapon_kac_chainsaw_gl_nml
image,weapon_kac_chainsaw_gl_col
material,m/mtl_weapon_kac_chainsaw_gl
image,~weapon_chainsaw_bullets_spc-~1e23ad83
image,weapon_chainsaw_bullets_nml
image,weapon_chainsaw_bullets_col
material,m/mtl_weapon_chainsaw_bullets
image,~weapon_kac_chainsaw_spc_360-~e9cc89fe
image,weapon_kac_chainsaw_nml_360
image,weapon_kac_chainsaw_col_360
material,m/mtl_weapon_kac_chainsaw_360
image,~weapon_chainsaw_straps_spc_3~70baa115
image,weapon_chainsaw_straps_nml_360
image,weapon_chainsaw_straps_col_360
material,m/mtl_weapon_chainsaw_straps_360
xmodelsurfs,weapon_kac_chainsaw_lod0101
xmodelsurfs,weapon_kac_chainsaw_lod1100
xmodelsurfs,weapon_kac_chainsaw_lod2100
xmodelsurfs,weapon_kac_chainsaw_lod3100
xmodel,weapon_kac_chainsaw
material,m/mtl_weapon_kac_chainsaw_360_gold
xmodel,weapon_kac_chainsaw_gold
image,~weapon_kaset_spc-rgb&weapon_~2061c864
image,weapon_kaset_nml
image,weapon_kaset_col
material,m/mtl_weapon_kastet
xmodelsurfs,weapon_kestet_lod0101
xmodelsurfs,weapon_kestet_lod1100
xmodelsurfs,weapon_kestet_lod2100
xmodelsurfs,weapon_kestet_lod3100
xmodel,weapon_kastet
image,~weapon_knife_iw6_spc-rgb&wea~93e838f2
image,weapon_knife_iw6_nml
image,weapon_knife_iw6_col
material,m/mtl_weapon_knife_iw6
material,m/mtl_weapon_knife_iw6_handle
xmodelsurfs,weapon_knife_iw6_lod0101
xmodelsurfs,weapon_knife_iw6_lod1100
xmodelsurfs,weapon_knife_iw6_lod2100
xmodelsurfs,weapon_knife_iw6_lod3100
xmodel,weapon_knife_iw6
image,~weapon_flashlight_spc-rgb&we~c2c5fb2e
image,weapon_flashlight_nml
image,weapon_flashlight_col
material,m/mtl_weapon_flashlight1_iw6
image,~weapon_foregrip_spc-rgb&weap~39696ba9
image,weapon_foregrip_nml
image,weapon_foregrip_col
material,m/mtl_weapon_foregrip1_iw6
image,~weapon_krissv_spc_360-rgb&we~3bf38806
image,weapon_krissv_nml_360
image,weapon_krissv_col_360
material,m/mtl_weapon_kriss_v_360
xmodelsurfs,weapon_kriss_v_lod0101
xmodelsurfs,weapon_kriss_v_lod1100
xmodelsurfs,weapon_kriss_v_lod2100
xmodelsurfs,weapon_kriss_v_lod3100
xmodel,weapon_kriss_v
material,m/mtl_weapon_kriss_v_360_gold
xmodel,weapon_kriss_v_gold
image,~weapon_l115a3_spc-rgb&weapon~a01254c0
image,weapon_l115a3_nml
image,weapon_l115a3_col
material,m/mtl_weapon_l115a3
xmodelsurfs,weapon_l115a3_lod0101
xmodelsurfs,weapon_l115a3_lod1100
xmodelsurfs,weapon_l115a3_lod2100
xmodelsurfs,weapon_l115a3_lod3100
xmodel,weapon_l115a3
material,m/mtl_weapon_l115a3_gold
xmodel,weapon_l115a3_gold
image,~weapon_l115a3_rangefinder_sp~922d524e
image,weapon_l115a3_rangefinder_nml
image,weapon_l115a3_rangefinder_col
material,m/mtl_weapon_l115a3_rangefinder
image,~weapon_l115a3_scope_spc-rgb&~fe9a76b9
image,weapon_l115a3_scope_nml
image,weapon_l115a3_scope_col
material,m/mtl_weapon_l115a3_scope
xmodelsurfs,weapon_l115a3_scope_lod0101
xmodelsurfs,weapon_l115a3_scope_lod1100
xmodelsurfs,weapon_l115a3_scope_lod2100
xmodelsurfs,weapon_l115a3_scope_lod3100
xmodel,weapon_l115a3_scope
image,~weapon_l115a3_suppressor_spc~7c52cefe
image,weapon_l115a3_suppressor_nml
image,weapon_l115a3_suppressor_col
material,m/mtl_weapon_l115a3_suppressor
xmodelsurfs,weapon_l115a3_suppressor_lod0101
xmodelsurfs,weapon_l115a3_suppressor_lod1100
xmodelsurfs,weapon_l115a3_suppressor_lod2100
xmodelsurfs,weapon_l115a3_suppressor_lod3100
xmodel,weapon_l115a3_silencer
image,~weapon_caseless_ammo_spc-rgb~c760c4cf
image,weapon_caseless_ammo_nml
image,weapon_caseless_ammo_col
material,m/mtl_weapon_caseless_ammo
image,~weapon_lsat_iw6_spc_360-rgb&~99813ce3
image,weapon_lsat_iw6_nml_360
image,weapon_lsat_iw6_col_360
material,m/mtl_weapon_lsat_iw6_360
image,~weapon_lsat_ironsights_spc_3~0e0536f3
image,weapon_lsat_ironsights_nml_360
image,weapon_lsat_ironsights_col_360
material,m/mtl_weapon_lsat_sights_360
image,~weapon_lsat_bipod_spc_360-rg~d8560c3e
image,weapon_lsat_bipod_nml_360
image,weapon_lsat_bipod_col_360
material,m/mtl_weapon_lsat_bipod_360
xmodelsurfs,weapon_lsat_iw6_lod0101
xmodelsurfs,weapon_lsat_iw6_lod1100
xmodelsurfs,weapon_lsat_iw6_lod2100
xmodelsurfs,weapon_lsat_iw6_lod3100
xmodel,weapon_lsat_iw6
material,m/mtl_weapon_lsat_iw6_360_gold
xmodel,weapon_lsat_iw6_gold
techset,,m_l_sm_r0c0s0l0p0_nfwpf
image,~weapon_m27_spc-rgb&weapon_m2~7b297b7c
image,weapon_m27_nml
image,weapon_m27_col
material,m/mtl_weapon_m27
image,~weapon_bipod_a_spc-rgb&weapo~2ac12bb1
image,weapon_bipod_a_nml
image,weapon_bipod_a_col
material,m/mtl_weapon_mg_bipod_a
image,~weapon_mg_dual_drum_mag_spc-~c0e78c34
image,weapon_mg_dual_drum_mag_nml
image,weapon_mg_dual_drum_mag_col
material,m/mtl_weapon_mg_dual_drum
image,~weapon_lmg_holder_spc-rgb&we~9724354d
image,weapon_lmg_holder_col
material,m/mtl_weapon_mg_handle_iw6
xmodelsurfs,weapon_m27_lod0101
xmodelsurfs,weapon_m27_lod1100
xmodelsurfs,weapon_m27_lod2100
xmodelsurfs,weapon_m27_lod3100
xmodel,weapon_m27
material,m/mtl_weapon_m27_gold
xmodel,weapon_m27_gold
techset,,m_l_sm_r0c0n0s0l0sr0p0_nfwpf
image,~weapon_inforce_apl_1k_spc-rg~f96bebfd
image,weapon_inforce_apl_1k_nml
image,weapon_inforce_apl_1k_col
material,m/mtl_weapon_inforce_apl
image,~weapon_inforce_apl_glass_256~ea1afcc5
image,weapon_inforce_apl_glass_256_col
material,m/mtl_weapon_inforce_apl_glass
image,~weapon_m9a1_iw6_2k_spc-rgb&w~6a2289fa
image,weapon_m9a1_iw6_2k_nml
image,weapon_m9a1_iw6_2k_col
material,m/mtl_weapon_m9a1_iw6
material,m/mtl_weapon_m9a1_chrome_iw6
image,~weapon_inforce_apl_512_spc-r~7df649f4
image,weapon_inforce_apl_512_nml
image,weapon_inforce_apl_512_col
material,m/mtl_weapon_inforce_apl_chrome
xmodelsurfs,weapon_m9a1_iw6_lod0101
xmodelsurfs,weapon_m9a1_iw6_lod1100
xmodelsurfs,weapon_m9a1_iw6_lod2100
xmodelsurfs,weapon_m9a1_iw6_lod3100
xmodel,weapon_m9a1_iw6
image,~weapon_maaws_spc-rgb&weapon_~7dc42693
image,weapon_maaws_nml
image,weapon_maaws_col
material,m/mtl_weapon_maaws
image,~weapon_panzerfaust3_1k_extra~493f6bd7
image,weapon_panzerfaust3_1k_extra_nml
image,weapon_panzerfaust3_1k_extra_col
material,m/mtl_weapon_panzerfaust3_extra
material,m/mtl_weapon_maaws_body
xmodelsurfs,weapon_maaws_lod0101
xmodelsurfs,weapon_maaws_lod1100
xmodelsurfs,weapon_maaws_lod2100
xmodelsurfs,weapon_maaws_lod3100
xmodel,weapon_maaws
image,~weapon_raging_spc-rgb&weapon~99e047c1
image,weapon_raging_nml
image,weapon_raging_col
material,m/mtl_weapon_magnum_iw6
xmodelsurfs,weapon_magnum_iw6_lod0101
xmodelsurfs,weapon_magnum_iw6_lod1100
xmodelsurfs,weapon_magnum_iw6_lod2100
xmodelsurfs,weapon_magnum_iw6_lod3100
xmodel,weapon_magnum_iw6
techset,,mc_l_sm_lmmetal_r0c0s0l0p0_nfwpf
image,~weapon_maul_spc-rgb&weapon_m~620f0e34
image,weapon_maul_nml
image,~weapon_maul_spc-r64g64b64&we~4b4aa14d
image,weapon_maul_col
material,m/mtl_weapon_maul
image,~weapon_maul_cartridge_spc-rg~3d4eaf46
image,weapon_maul_cartridge_col
material,mc/mtl_weapon_maul_cartridge
xmodelsurfs,weapon_maul_lod0101
xmodelsurfs,weapon_maul_lod1100
xmodelsurfs,weapon_maul_lod2100
xmodelsurfs,weapon_maul_lod3100
xmodel,weapon_maul
xmodelsurfs,weapon_maul_attachment_lod0101
xmodelsurfs,weapon_maul_attachment_lod1100
xmodelsurfs,weapon_maul_attachment_lod2100
xmodelsurfs,weapon_maul_attachment_lod3100
xmodel,weapon_maul_attachment
techset,,m_l_sm_lmmetal_r0c0q0n0s0l0_nfwpf
material,m/mtl_weapon_maul_gold
xmodel,weapon_maul_gold
image,~weapon_minigun_iw6_spc-rgb&w~506db51f
image,weapon_minigun_iw6_nml
image,weapon_minigun_iw6_col
material,m/mtl_weapon_minigun_iw6
xmodelsurfs,weapon_minigun_iw6_lod0001
xmodelsurfs,weapon_minigun_iw6_lod1000
xmodelsurfs,weapon_minigun_iw6_lod2100
xmodelsurfs,weapon_minigun_iw6_lod3000
xmodel,weapon_minigun_iw6
image,~weapon_mk14_ebr_iw6_spc-rgb&~d3ced8bd
image,weapon_mk14_ebr_iw6_nml
image,weapon_mk14_ebr_iw6_col
material,m/mtl_weapon_mk14_ebr_iw6_doublesided
material,m/mtl_weapon_mk14_ebr_iw6
xmodelsurfs,weapon_mk14_ebr_iw6_lod0101
xmodelsurfs,weapon_mk14_ebr_iw6_lod1100
xmodelsurfs,weapon_mk14_ebr_iw6_lod2100
xmodelsurfs,weapon_mk14_ebr_iw6_lod3100
xmodel,weapon_mk14_ebr_iw6
image,~weapon_mk14_ebr_iw6_scope_sp~dfe8a36f
image,weapon_mk14_ebr_iw6_scope_nml
image,weapon_mk14_ebr_iw6_scope_col
material,m/mtl_weapon_mk14_ebr_iw6_scope
material,m/mtl_weapon_mk14_ebr_iw6_lense_outside_world
xmodelsurfs,weapon_mk14_ebr_iw6_scope_lod0101
xmodelsurfs,weapon_mk14_ebr_iw6_scope_lod1100
xmodelsurfs,weapon_mk14_ebr_iw6_scope_lod2100
xmodelsurfs,weapon_mk14_ebr_iw6_scope_lod3100
xmodel,weapon_mk14_ebr_iw6_clip_scope
image,weapon_mk14_ebr_iw6_nml_360
material,m/mtl_weapon_mk14_ebr_iw6_gold
xmodel,weapon_mk14_ebr_iw6_gold
image,~weapon_m4_foregrip_spc-rgb&w~d8df69c5
image,weapon_m4_foregrip_nml
image,weapon_m4_foregrip_col
material,m/mtl_weapon_m4_foregrip
image,~mtl_weapon_mk14_spc-rgb&mtl_~a07af79c
image,mtl_weapon_mk14_nml
image,mtl_weapon_mk14_col
material,m/mtl_weapon_mk14_iw6
xmodelsurfs,weapon_mk14_lod00101
xmodelsurfs,weapon_mk14_lod01100
xmodelsurfs,weapon_mk14_lod02100
xmodelsurfs,weapon_mk14_lod03100
xmodel,weapon_mk14_iw6
image,~weapon_mp443_spc-rgb&weapon_~16f8e2bb
image,weapon_mp443_nml
image,weapon_mp443_col
material,m/mtl_weapon_mp443
xmodelsurfs,weapon_mp443_lod0101
xmodelsurfs,weapon_mp443_lod1100
xmodelsurfs,weapon_mp443_lod2100
xmodelsurfs,weapon_mp443_lod3100
xmodel,weapon_mp443
image,~weapon_msbs_spc-rgb&weapon_m~8be8248f
image,weapon_msbs_nml
image,weapon_msbs_col
material,m/mtl_weapon_msbs
xmodelsurfs,weapon_msbs_lod0101
xmodelsurfs,weapon_msbs_lod1100
xmodelsurfs,weapon_msbs_lod2100
xmodelsurfs,weapon_msbs_lod3100
xmodel,weapon_msbs
material,m/mtl_weapon_msbs_gold
xmodel,weapon_msbs_gold
image,~weapon_mts255_spc_360-rgb&we~f6cb13ce
image,weapon_mts255_nml_360
image,weapon_mts255_col_360
material,m/mtl_weapon_mts255_360
image,~weapon_mts255_sights_spc_360~4def35e7
image,weapon_mts255_sights_nml_360
image,weapon_mts255_sights_col_360
material,m/mtl_weapon_mts_255_sights_360
material,m/mtl_weapon_mts255_stock_360
xmodelsurfs,weapon_mts_255_lod0101
xmodelsurfs,weapon_mts_255_lod1100
xmodelsurfs,weapon_mts_255_lod2100
xmodelsurfs,weapon_mts_255_lod3100
xmodel,weapon_mts_255
material,m/mtl_weapon_mts255_360_gold
material,m/mtl_weapon_mts_255_sights_360_gold
xmodel,weapon_mts_255_gold
image,~weapon_muzzle_brake_iw6_spc-~f8514933
image,weapon_muzzle_brake_iw6_nml
image,weapon_muzzle_brake_iw6_col
material,m/mtl_weapon_muzzle_brake_iw6
xmodelsurfs,weapon_muzzle_brake_iw6_ar_lod0101
xmodelsurfs,weapon_muzzle_brake_iw6_ar_lod1100
xmodelsurfs,weapon_muzzle_brake_iw6_ar_lod2100
xmodelsurfs,weapon_muzzle_brake_iw6_ar_lod3100
xmodel,weapon_muzzle_brake_iw6_ar
xmodelsurfs,weapon_muzzle_brake_iw6_pistol_lod0101
xmodelsurfs,weapon_muzzle_brake_iw6_pistol_lod1100
xmodelsurfs,weapon_muzzle_brake_iw6_pistol_lod2100
xmodelsurfs,weapon_muzzle_brake_iw6_pistol_lod3100
xmodel,weapon_muzzle_brake_iw6_pistol
xmodelsurfs,weapon_muzzle_brake_iw6_sniper_lod0101
xmodelsurfs,weapon_muzzle_brake_iw6_sniper_lod1100
xmodelsurfs,weapon_muzzle_brake_iw6_sniper_lod2100
xmodelsurfs,weapon_muzzle_brake_iw6_sniper_lod3100
xmodel,weapon_muzzle_brake_iw6_sniper
image,~weapon_p226_spc-rgb&weapon_p~f9cb583c
image,weapon_p226_nml
image,weapon_p226_col
material,m/mtl_weapon_p226
xmodelsurfs,viewmodel_p226_lod0001
xmodelsurfs,viewmodel_p226_lod1000
xmodelsurfs,viewmodel_p226_lod2000
xmodelsurfs,viewmodel_p226_lod3000
xmodel,weapon_p226
image,~weapon_panzerfaust3_2k_spc-r~be884ee6
image,weapon_panzerfaust3_2k_nml
image,weapon_panzerfaust3_2k_col
material,m/mtl_weapon_panzerfaust3
image,~weapon_panzerfaust3_512_lens~1bfdc05e
image,weapon_panzerfaust3_512_lense_col
material,m/mtl_weapon_panzerfaust3_lense_world
xmodelsurfs,weapon_panzerfaust3_lod0101
xmodelsurfs,weapon_panzerfaust3_lod1100
xmodelsurfs,weapon_panzerfaust3_lod2100
xmodelsurfs,weapon_panzerfaust3_lod3100
xmodel,weapon_panzerfaust3
xmodelsurfs,weapon_panzerfaust3_missile_lod0101
xmodelsurfs,weapon_panzerfaust3_missile_lod1100
xmodelsurfs,weapon_panzerfaust3_missile_lod2100
xmodelsurfs,weapon_panzerfaust3_missile_lod3100
physpreset,projectile_sidewinder_missile
xmodel,weapon_panzerfaust3_missle
image,~weapon_pp19_bizon_2k_spc-rgb~05e3eb83
image,weapon_pp19_bizon_2k_nml
image,weapon_pp19_bizon_2k_col
material,m/mtl_weapon_pp19_bizon_iw6
xmodelsurfs,weapon_pp19_bizon_v_lod0101
xmodelsurfs,weapon_pp19_bizon_v_lod1100
xmodelsurfs,weapon_pp19_bizon_v_lod2100
xmodelsurfs,weapon_pp19_bizon_v_lod3100
xmodel,weapon_pp19_bizon_iw6
image,weapon_pp19_bizon_1k_nml
material,m/mtl_weapon_pp19_bizon_iw6_gold
xmodel,weapon_pp19_bizon_iw6_gold
image,~weapon_reflex_reddot_spc_360~5a7400b2
image,weapon_reflex_reddot_nml_360
image,weapon_reflex_reddot_col_360
material,m/mtl_weapon_reflex_reddot_360
image,~weapon_reflex_reddot_lens_sp~d5f081b2
image,weapon_reflex_reddot_lens_col_360
material,m/mtl_weapon_reflex_reddot_lens_360_world
xmodelsurfs,weapon_reflex_reddot_lod0100
xmodelsurfs,weapon_reflex_reddot_lod1100
xmodelsurfs,weapon_reflex_reddot_lod2100
xmodelsurfs,weapon_reflex_reddot_lod3100
xmodel,weapon_reflex_reddot
image,~weapon_reflex_vmr_lense_spc-~aa850135
image,weapon_reflex_vmr_lense_col
material,m/mtl_weapon_reflex_vmr_lense
image,~weapon_reflex_vmr_spc_360-rg~4ff21963
image,weapon_reflex_vmr_nml_360
image,weapon_reflex_vmr_col_360
material,m/mtl_weapon_reflex_vmr_360
xmodelsurfs,weapon_reflex_vmr_lod0100
xmodelsurfs,weapon_reflex_vmr_lod1100
xmodelsurfs,weapon_reflex_vmr_lod2100
xmodelsurfs,weapon_reflex_vmr_lod3100
xmodel,weapon_reflex_vmr
image,~weapon_remington_r5rgp_2k_sp~ebf3885e
image,weapon_remington_r5rgp_2k_nml
image,weapon_remington_r5rgp_2k_col
material,m/mtl_weapon_remington_r5rgp
xmodelsurfs,weapon_remington_r5rgp_lod0101
xmodelsurfs,weapon_remington_r5rgp_lod1100
xmodelsurfs,weapon_remington_r5rgp_lod2100
xmodelsurfs,weapon_remington_r5rgp_lod3100
xmodel,weapon_remington_r5rgp
material,m/mtl_weapon_remington_r5rgp_gold
xmodel,weapon_remington_r5rgp_gold
image,~weapon_riot_shield_iw6_spc-r~529031ee
image,weapon_riot_shield_iw6_nml
image,weapon_riot_shield_iw6_col
material,m/mtl_weapon_riot_shield_iw6
image,weapon_riot_shield_iw6_alpha
material,m/mtl_weapon_riot_shield_iw6_alpha
xmodelsurfs,weapon_riot_shield_iw6_lod0601
xmodelsurfs,weapon_riot_shield_iw6_lod1600
xmodelsurfs,weapon_riot_shield_iw6_lod2600
xmodelsurfs,weapon_riot_shield_iw6_lod3600
phys_collmap,weapon_riot_shield_iw6
xmodel,weapon_riot_shield_iw6
techset,,m_l_sm_r0c0db0n0s0l0p0_nfwpf
image,autumn_detail_iw6
material,m/mtl_weapon_riot_shield_iw6_autumn
xmodel,weapon_riot_shield_iw6_autumn
image,brush_detail_iw6
material,m/mtl_weapon_riot_shield_iw6_brush
xmodel,weapon_riot_shield_iw6_brush
image,caustic_detail_iw6
material,m/mtl_weapon_riot_shield_iw6_caustic
xmodel,weapon_riot_shield_iw6_caustic
image,dark_detail_iw6
material,m/mtl_weapon_riot_shield_iw6_dark
xmodel,weapon_riot_shield_iw6_dark
material,m/mtl_weapon_riot_shield_iw6_gold
xmodel,weapon_riot_shield_iw6_gold
image,green_detail_iw6
material,m/mtl_weapon_riot_shield_iw6_green
xmodel,weapon_riot_shield_iw6_green
image,net_detail_iw6
material,m/mtl_weapon_riot_shield_iw6_net
xmodel,weapon_riot_shield_iw6_net
image,ocean_detail_iw6
material,m/mtl_weapon_riot_shield_iw6_ocean
xmodel,weapon_riot_shield_iw6_ocean
image,red_detail_iw6
material,m/mtl_weapon_riot_shield_iw6_red
xmodel,weapon_riot_shield_iw6_red
image,snow_detail_iw6
material,m/mtl_weapon_riot_shield_iw6_snow
xmodel,weapon_riot_shield_iw6_snow
image,tan_detail_iw6
material,m/mtl_weapon_riot_shield_iw6_tan
xmodel,weapon_riot_shield_iw6_tan
image,trail_detail_iw6
material,m/mtl_weapon_riot_shield_iw6_trail
xmodel,weapon_riot_shield_iw6_trail
image,winter_detail_iw6
material,m/mtl_weapon_riot_shield_iw6_winter
xmodel,weapon_riot_shield_iw6_winter
image,~weapon_sc2010_spc-rgb&weapon~0b4aa9b0
image,weapon_sc2010_nml
image,weapon_sc2010_col
material,m/mtl_weapon_sc2010
xmodelsurfs,weapon_sc2010_lod0101
xmodelsurfs,weapon_sc2010_lod1100
xmodelsurfs,weapon_sc2010_lod2100
xmodelsurfs,weapon_sc2010_lod3100
xmodel,weapon_sc2010
material,m/mtl_weapon_sc2010_gold
xmodel,weapon_sc2010_gold
image,~weapon_silencer_pistol_angle~e1b9a980
image,weapon_silencer_pistol_angled_nml_360
image,weapon_silencer_pistol_angled_col
material,m/mtl_weapon_silencer_pistol_angular
xmodelsurfs,weapon_silencer_pistol_angular_lod0101
xmodelsurfs,weapon_silencer_pistol_angular_lod1100
xmodel,weapon_silencer_pistol_angular
image,~weapon_silencer_pitted_spc-r~4fc562be
image,weapon_silencer_pitted_nml
image,weapon_silencer_pitted_col
material,m/mtl_weapon_silencer_pitted
xmodelsurfs,weapon_silencer_pitted_large_lod0101
xmodelsurfs,weapon_silencer_pitted_large_lod1100
xmodel,weapon_silencer_pitted_large
image,~weapon_silencer_omerta_spc-r~e49e9f8d
image,weapon_silencer_omerta_nml
image,weapon_silencer_omerta_col
material,m/mtl_weapon_silenceromerta
xmodelsurfs,weapon_silencer_omerta_medium_lod0101
xmodelsurfs,weapon_silencer_omerta_medium_lod1100
xmodel,weapon_silencer_pitted_medium
xmodelsurfs,weapon_silencer_pitted_small_lod0101
xmodelsurfs,weapon_silencer_pitted_small_lod1100
xmodel,weapon_silencer_pitted_small
image,~weapon_smaw_spc-rgb&weapon_s~af9bf3ba
image,weapon_smaw_nml
image,weapon_smaw_col
material,m/mtl_weapon_smaw
xmodelsurfs,weapon_smaw_stow_lod0101
xmodelsurfs,weapon_smaw_stow_lod1100
xmodelsurfs,weapon_smaw_stow_lod2100
xmodel,weapon_smaw_stow
techset,,mc_l_sm_ndw_b0c0d0l0p0_cltrans
image,weapon_acog_2_alpha
image,weapon_acog_2_alpha_spc
material,mc/mtl_weapon_acog_2_alpha
xmodelsurfs,stow_mid100
xmodel,weapon_stow_mid
xmodelsurfs,stow_mid_up100
xmodel,weapon_stow_mid_up
image,~weapon_sights_enpex_spc_360-~3f125312
image,weapon_sights_enpex_nml_360
image,weapon_sights_enpex_col_360
material,m/mtl_weapon_sights_enpex_360
image,~weapon_flashlight_rail_spc_3~e597e5de
image,weapon_flashlight_rail_nml_360
image,weapon_flashlight_rail_col_360
material,m/mtl_weapon_flashlight_rail_360
image,~weapon_tar21_spc_360-rgb&wea~74744a4e
image,weapon_tar21_nml_360
image,weapon_tar21_col_360
material,m/mtl_weapon_tar21_360
xmodelsurfs,weapon_tar21_lod0101
xmodelsurfs,weapon_tar21_lod1100
xmodelsurfs,weapon_tar21_lod2100
xmodelsurfs,weapon_tar21_lod3100
phys_collmap,weapon_tar21
xmodel,weapon_tar21
material,m/mtl_weapon_tar21_360_gold
xmodel,weapon_tar21_gold
techset,,m_unlit_blend_lin_ndw_bl_abl_cltrans
image,weapon_targetfinder_lense_col
material,m/mtl_weapon_targetfinder_screen_world
image,~weapon_targetfinder_spc_360-~f244a0da
image,weapon_targetfinder_nml_360
image,weapon_targetfinder_col_360
material,m/mtl_weapon_targetfinder_360
xmodelsurfs,weapon_target_finder_lod0101
xmodelsurfs,weapon_target_finder_lod1100
xmodelsurfs,weapon_target_finder_lod2100
xmodelsurfs,weapon_target_finder_lod3100
xmodel,weapon_target_finder
techset,,mc_unlit_replace_lin_bl_nfwpf
image,~weapon_thermal_hybrid_lense_~22f98326
image,weapon_thermal_hybrid_lense_col
material,m/mtl_weapon_thermal_hybrid_lense_world
image,~weapon_thermal_hybrid_spc_36~2e6702b1
image,weapon_thermal_hybrid_nml_360
image,weapon_thermal_hybrid_col_360
material,mc/mtl_weapon_thermal_hybrid_360
image,weapon_thermal_scope_screen_iw6_col
material,mc/mtl_weapon_thermal_scope_screen_iw6
material,m/mtl_weapon_thermal_hybrid_360
xmodelsurfs,weapon_thermal_hybrid_lod0101
xmodelsurfs,weapon_thermal_hybrid_lod1100
xmodelsurfs,weapon_thermal_hybrid_lod2100
xmodelsurfs,weapon_thermal_hybrid_lod3100
xmodel,weapon_thermal_hybrid
image,~weapon_usr_spc-rgb&weapon_us~e7275db8
image,weapon_usr_nrm
image,weapon_usr_col
material,m/mtl_weapon_usr
image,~weapon_usr_bipod_spc-rgb&wea~918f9f89
image,weapon_usr_bipod_nrm
image,weapon_usr_bipod_col
material,m/mtl_weapon_usr_bipod
xmodelsurfs,weapon_usr_lod0101
xmodelsurfs,weapon_usr_lod1100
xmodelsurfs,weapon_usr_lod2100
xmodelsurfs,weapon_usr_lod3100
xmodel,weapon_usr
material,m/mtl_weapon_usr_gold
xmodel,weapon_usr_gold
image,~weapon_usr_scope_spc-rgb&wea~276b6c18
image,weapon_usr_scope_nml
image,weapon_usr_scope_col
material,m/mtl_weapon_usr_scope
xmodelsurfs,weapon_usr_scope_lod0101
xmodelsurfs,weapon_usr_scope_lod1100
xmodelsurfs,weapon_usr_scope_lod2100
xmodelsurfs,weapon_usr_scope_lod3100
xmodel,weapon_usr_scope
image,~weapon_uts_15_spc-rgb&weapon~8efb0d68
image,weapon_uts_15_nml
image,weapon_uts_15_col
material,m/mtl_weapon_uts_15
material,mc/mtl_weapon_uts_15_metal
material,m/mtl_weapon_uts_15_metal
material,mc/mtl_weapon_uts_15_barrel
xmodelsurfs,weapon_uts_15_lod0101
xmodelsurfs,weapon_uts_15_lod1100
xmodelsurfs,weapon_uts_15_lod2100
xmodelsurfs,weapon_uts_15_lod3100
xmodel,weapon_uts_15
image,weapon_uts_15_nml_360
material,m/mtl_weapon_uts_15_gold
xmodel,weapon_uts_15_gold
image,~weapon_vbr_spc-rgb&weapon_vb~e7275db8
image,weapon_vbr_nml
image,weapon_vbr_col
material,m/mtl_weapon_vbr
xmodelsurfs,weapon_vbr_lod0101
xmodelsurfs,weapon_vbr_lod1100
xmodelsurfs,weapon_vbr_lod2100
xmodelsurfs,weapon_vbr_lod3100
xmodel,weapon_vbr
image,~weapon_vepr_spc-rgb&weapon_v~74339791
image,weapon_vepr_nml
image,weapon_vepr_col
material,m/mtl_weapon_vepr
image,~weapon_vepr_rail_spc-rgb&wea~accf793b
image,weapon_vepr_rail_nml
image,weapon_vepr_rail_col
material,m/mtl_weapon_vepr_rail
xmodelsurfs,weapon_vepr_lod0101
xmodelsurfs,weapon_vepr_lod1100
xmodelsurfs,weapon_vepr_lod2100
xmodelsurfs,weapon_vepr_lod3100
xmodel,weapon_vepr
material,m/mtl_weapon_vepr_gold
xmodel,weapon_vepr_gold
image,~mtl_weapon_vks_spc-rgb&mtl_w~981347c6
image,mtl_weapon_vks_nml
image,mtl_weapon_vks_col
material,m/mtl_weapon_vks
xmodelsurfs,weapon_vks_lod0101
xmodelsurfs,weapon_vks_lod1100
xmodelsurfs,weapon_vks_lod2100
xmodelsurfs,weapon_vks_lod3100
xmodel,weapon_vks
image,weapon_vks_nml_360
material,m/mtl_weapon_vks_gold
xmodel,weapon_vks_gold
image,~mtl_weapon_vks_scope_spc-rgb~85273032
image,mtl_weapon_vks_scope_nml
image,mtl_weapon_vks_scope_col
material,m/mtl_weapon_vks_scope
xmodelsurfs,weapon_vks_scope_lod0101
xmodelsurfs,weapon_vks_scope_lod1100
xmodelsurfs,weapon_vks_scope_lod2100
xmodelsurfs,weapon_vks_scope_lod3100
xmodel,weapon_vks_scope
techset,,m_l_sm_r0c0db0n0s0l0_nfwpf
material,m/mtl_weapon_ak12_camo
xmodel,weapon_ak12_camo
material,m/mtl_weapon_ameli_camo
xmodel,weapon_ameli_camo
material,m/mtl_weapon_arx_160_360_camo
xmodel,weapon_arx_160_camo
material,m/mtl_weapon_cbj_ms_iw6_camo
xmodel,weapon_cbj_ms_iw6_camo
techset,,mc_l_sm_r0c0db0n0s0l0p0_nfwpf
material,mc/mtl_weapon_cz_805_bren_camo
material,m/mtl_weapon_cz_805_bren_camo
xmodel,weapon_cz_805_bren_camo
material,m/mtl_weapon_dragunov_svu_camo
xmodel,weapon_dragunov_svu_camo
techset,,mc_l_sm_r0c0db0n0s0l0_nfwpf
material,m/mtl_weapon_fabarm_fp6_iw6_camo
material,mc/mtl_weapon_fabarm_fp6_iw6_camo
xmodel,weapon_fabarm_fp6_camo
material,m/mtl_weapon_fad_iw6_camo
xmodel,weapon_fad_iw6_camo
material,m/mtl_weapon_g28_camo
xmodel,weapon_g28_camo
material,m/mtl_weapon_gm6_camo
xmodel,weapon_gm6_camo
material,m/mtl_weapon_honeybadger_360_camo
xmodel,weapon_honeybadger_camo
material,m/mtl_weapon_imbel_ia2_camo
xmodel,weapon_imbel_ia2_camo
material,m/mtl_weapon_k7_camo
xmodel,weapon_k7_camo
material,m/mtl_weapon_kac_chainsaw_360_camo
xmodel,weapon_kac_chainsaw_camo
material,m/mtl_weapon_kriss_v_360_camo
xmodel,weapon_kriss_v_camo
material,m/mtl_weapon_l115a3_camo
xmodel,weapon_l115a3_camo
material,m/mtl_weapon_lsat_iw6_360_camo
xmodel,weapon_lsat_iw6_camo
material,m/mtl_weapon_m27_camo
xmodel,weapon_m27_camo
techset,,m_l_sm_lmmetal_r0c0db0n0ss0l0p0_nfwpf
material,m/mtl_weapon_maul_camo
xmodel,weapon_maul_camo
material,m/mtl_weapon_mk14_ebr_iw6_camo
xmodel,weapon_mk14_ebr_iw6_camo
material,m/mtl_weapon_msbs_camo
xmodel,weapon_msbs_camo
material,m/mtl_weapon_mts255_360_camo
xmodel,weapon_mts_255_camo
material,m/mtl_weapon_pp19_bizon_iw6_camo
xmodel,weapon_pp19_bizon_iw6_camo
material,m/mtl_weapon_remington_r5rgp_camo
xmodel,weapon_remington_r5rgp_camo
material,m/mtl_weapon_riot_shield_iw6_camo
xmodel,weapon_riot_shield_iw6_camo
material,m/mtl_weapon_sc2010_camo
xmodel,weapon_sc2010_camo
material,m/mtl_weapon_tar21_360_camo
xmodel,weapon_tar21_camo
material,m/mtl_weapon_usr_camo
xmodel,weapon_usr_camo
material,m/mtl_weapon_uts_15_camo
xmodel,weapon_uts_15_camo
material,m/mtl_weapon_vepr_camo
xmodel,weapon_vepr_camo
material,m/mtl_weapon_vks_camo
xmodel,weapon_vks_camo
xanim,mp_menu_male_idle
xanim,mp_menu_male_idle_v2
xanim,mp_menu_male_twitch_a
xanim,mp_menu_male_twitch_b
xanim,mp_menu_male_twitch_c
xanim,mp_menu_male_grab_gun_a
xanim,mp_menu_male_grab_gun_b
xanim,mp_menu_male_grab_gun_1_a
xanim,mp_menu_male_grab_gun_1_b
xanim,mp_menu_male_grab_gun_2_a
xanim,mp_menu_male_grab_gun_2_b
xanim,mp_menu_shield_idle
xanim,mp_menu_shield_twitch_a
xanim,mp_menu_shield_twitch_b
xanim,mp_menu_grab_shield_1_a
xanim,mp_menu_grab_shield_2_a
xanim,jug_maniac_idle
xanim,jug_maniac_twitcha
xanim,jug_maniac_twitchb
xanim,jug_maniac_twitchc
xanim,jug_maniac_twitchd
xanim,mp_menu_male_grab_knife_1_a
xanim,mp_menu_male_grab_knife_2_a
loaded_sound,user_interface/anim/ui_anim_menu_grab_gun_1_a
sndcurve,,$default
lpfcurve,,$default
reverbsendcurve,,$default
sound,ui_anim_grab_gun_1a
loaded_sound,user_interface/anim/ui_anim_mp_menu_grab_gun_1_c
sound,ui_anim_grab_gun_1c
loaded_sound,user_interface/anim/ui_anim_menu_grab_gun_2_a
sound,ui_anim_grab_gun_2a
loaded_sound,user_interface/anim/ui_anim_mp_menu_grab_gun_2_b
sound,ui_anim_grab_gun_2b
loaded_sound,user_interface/anim/ui_anim_mp_menu_grab_knife_1_a
sound,ui_anim_grab_knife_1a
loaded_sound,user_interface/anim/ui_anim_mp_menu_grab_knife_2_a
sound,ui_anim_grab_knife_2a
loaded_sound,user_interface/anim/ui_anim_mp_menu_grab_shield_1_a
sound,ui_anim_grab_shield_1a
loaded_sound,user_interface/anim/ui_anim_mp_menu_grab_shield_2_a
sound,ui_anim_grab_shield_2a
rawfile,animtrees/mp_character_room.atr
colorization,mp_character_room_near_color
colorizationset,mp_character_room_colorset
tonemapping,mp_character_room_tone
rawfile,vision/mp_character_room.vision
com_map,maps/mp/mp_character_room.d3dbsp
image,,falloff_linear
lightdef,light_point_linear
techset,,m_l_sm_t0c0l0_nfwpf
image,~plastic_case_big_us_dirt_spc~321ccf79
image,plastic_big_case_nml
image,plastic_case_big_green_us_dirt_col
material,m/mtl_plastic_case_green_big_us_dirt
image,plastic_case_big_text_col
material,m/mtl_plastic_case_big_text
xmodelsurfs,plastic_case_big_us_dirt_static_lod0001
xmodelsurfs,plastic_case_big_us_dirt_static_lod1000
xmodelsurfs,plastic_case_big_us_dirt_static_lod2000
xmodelsurfs,plastic_case_big_us_dirt_static_lod3100
physpreset,plastic_case_big
xmodel,com_plasticcase_green_big_us_dirt
techset,,m_l_sm_rim_heat_r0c0n0s0l0p0_nfwpf
techset,,m_l_sm_heat_r0c0n0s0l0p0_nfwpf
techset,,m_l_sm_rim_r0c0n0s0l0p0_nfwpf
image,~soap_africa_leatherboots_a_s~728bb50d
image,soap_africa_leatherboots_a_nml
image,soap_africa_leatherboots_a_col
material,m/mtl_soap_africa_boots_a
image,~price_africa_utility_a_spc-r~856c2db3
image,price_africa_utility_a_nml
image,price_africa_utility_a_col
material,m/mtl_price_africa_utility_a
image,~soap_africa_lower_body_a_spc~726bc7c4
image,soap_africa_lower_body_a_nml
image,pmc_africa_lower_body_a_col
material,m/mtl_pmc_africa_lowerbody_a
image,~price_africa_load_outs_a_spc~5599a075
image,price_africa_load_outs_a_nml
image,price_africa_load_outs_a_col
material,m/mtl_price_africa_loadout_a
image,~nikolai_africa_neckwrap_a_sp~f5af1853
image,nikolai_africa_neckwrap_a_nml
image,nikolai_africa_neckwrap_a_col
material,m/mtl_nikolai_africa_neckwrap_a
image,~nikolai_africa_upper_body_a_~321a2578
image,nikolai_africa_upper_body_a_nml
image,mp_test_pmc_upper_body_c_wood_col
material,m/mtl_pmc_africa_upperbody_b_wood
image,~keegan_africa_load_outs_a_sp~6d99a95d
image,keegan_africa_load_outs_a_nml
image,keegan_africa_load_outs_a_col
material,m/mtl_keegan_africa_loadout_a
image,~soap_africa_load_outs_a_spc-~bcbbe4d4
image,soap_africa_load_outs_a_nml
image,soap_africa_load_outs_a_col
material,m/mtl_soap_africa_loadout_a
image,~weapon_beretta_s-rgb&weapon_~be02a881
image,weapon_beretta_n
image,weapon_beretta_c
material,m/mtl_weapon_beretta
image,~price_africa_lower_body_a_sp~9a5840e0
image,price_africa_lower_body_a_nml
image,price_africa_lower_body_a_col
material,m/mtl_price_africa_lowerbody_a
image,~price_europe_upper_body_b_sp~183920f0
image,price_europe_upper_body_b_nml
image,price_europe_upper_body_b_col
material,m/mtl_price_europe_upperbody_b
xmodelsurfs,mp_test_pmc_body_shotgun_c_lod0300
xmodelsurfs,mp_test_pmc_body_shotgun_c_lod1300
xmodelsurfs,mp_test_pmc_body_shotgun_c_lod2300
xmodelsurfs,mp_test_pmc_body_shotgun_c_lod3300
xmodel,body_mp_test_pmc_shotgun_c_woodland
techset,,m_l_sm_rim_heat_r0c0n0s0l0_nfwpf
techset,,m_l_sm_ndw_b0c0n0s0l0p0_cltrans_eye
techset,,m_l_sm_heat_r0c0s0l0p0_nfwpf
techset,,m_l_sm_rim_heat_ndw_b0c0n0s0l0p0_cltrans
image,~delta_head_a_spc-rgb&delta_h~12d847ed
image,delta_head_a_nml
image,delta_head_a_col
material,m/mtl_delta_head_a
material,,m/mtl_shiny_lense_eye
image,,~generic_eye_spc-rgb&generic_~8a7d9489
image,lightblue_eye_a_col
material,m/mtl_lightblue_eye_a
image,~delta_headgear_a_spc-rgb&del~344df330
image,delta_headgear_a_nml
image,delta_headgear_a_col
material,m/mtl_delta_woodland_headgear_a
image,~delta_head_b_spc-rgb&delta_h~6eab4a09
image,delta_head_b_nml
image,delta_head_b_col
material,m/mtl_delta_head_b
image,~delta_alpha_a_spc-rgb&delta_~155668f1
image,delta_alpha_a_nml
image,delta_alpha_a_col
material,m/mtl_delta_eyeglass_a
xmodelsurfs,delta_head_a_lod0100
xmodelsurfs,delta_head_a_lod1100
xmodelsurfs,delta_head_a_lod2100
xmodelsurfs,delta_head_a_lod3100
xmodel,coop_head_delta
fx_map,maps/mp/mp_character_room.d3dbsp
techset,,wc_l_sm_r0c0n0s0l0_nfwpf
techset,,wc_sky_bl
techset,,tools_b0c0
techset,,2d
image,sky_frontend_lightstage
image,*reflection_probe0
image,*reflection_probe1
image,*reflection_probe2
image,*lightmap0_primary
image,*lightmap0_secondary
image,~fac_metal_sheet_01_col-r-49g~e0298379
image,fac_metal_sheet_01_nml
image,fac_metal_sheet_01_col
material,wc/fac_metal_sheet_01_wet
material,wc/sky_frontend_lightstage
image,sun
material,sun
image,sun_flare
material,sun_flare
image,$outdoor
gfx_map,maps/mp/mp_character_room.d3dbsp
map_ents,maps/mp/mp_character_room.d3dbsp
glass_map,maps/mp/mp_character_room.d3dbsp
col_map_mp,maps/mp/mp_character_room.d3dbsp
rawfile,mp_character_room
