netconststrings,ncs_fxt_mp_character_room_bodies
netconststrings,ncs_mdl_mp_character_room_bodies
techset,,m_l_sm_lmcloth_rim_r0c0n0s0l0_nfwpf
techset,,m_l_sm_lmcloth_rim_r0c0n0s0l0p0_nfwpf
techset,,m_l_sm_t0c0n0s0l0_nfwpf
techset,,m_l_sm_ndw_b0c0n0s0l0p0_cltrans
techset,,m_l_sm_r0c0n0s0l0_nfwpf
vertexshader,,vertcol_simple_mtlclr_fog_nc.hlsl
vertexdecl,pp.ft0t0.3
pixelshader,vertcol_shaded_fog_ndw_lin_nc.hlsl
vertexshader,,lpo_sm_l0n_fog_tc0_nc_sm5.hlsl
vertexdecl,pp.ft0t0.3nn.f
pixelshader,lpo_sm_l0n_ndw_fog_b0c0l0_nc_blm_sm5.hlsl
pixelshader,lpo_sm_l0d_ndw_fog_b0c0l0_nc_blm_sm5.hlsl
vertexshader,,lpo_sm_l0d_l0sd_fog_tc0_nc_sm5.hlsl
pixelshader,lpo_sm_l0d_l0sd_ndw_fog_b0c0l0_nc_blm_sm5.hlsl
vertexshader,,lpo_sm_l0s_fog_tc0_nc_sm5.hlsl
pixelshader,lpo_sm_l0s_ndw_fog_b0c0l0_nc_blm_sm5.hlsl
pixelshader,lpo_sm_l0s_l0ss_ndw_fog_b0c0l0_nc_blm_sm5.hlsl
pixelshader,lpo_sm_l0o_ndw_fog_b0c0l0_nc_blm_sm5.hlsl
pixelshader,lpo_sm_l0o_l0ss_ndw_fog_b0c0l0_nc_blm_sm5.hlsl
vertexshader,,lpo_sm_l0d_l1s_fog_tc0_nc_sm5.hlsl
pixelshader,lpo_sm_l0d_l1s_ndw_fog_b0c0l0_nc_blm_sm5.hlsl
vertexshader,,lpo_sm_l0d_l1s_l1ss_fog_tc0_nc_sm5.hlsl
pixelshader,lpo_sm_l0d_l1s_l1ss_ndw_fog_b0c0l0_nc_blm_sm5.hlsl
pixelshader,lpo_sm_l0d_l1o_ndw_fog_b0c0l0_nc_blm_sm5.hlsl
pixelshader,lpo_sm_l0d_l1o_l1ss_ndw_fog_b0c0l0_nc_blm_sm5.hlsl
vertexshader,,lpo_sm_l0d_l0sd_l1s_fog_tc0_nc_sm5.hlsl
pixelshader,lpo_sm_l0d_l0sd_l1s_ndw_fog_b0c0l0_nc_blm_sm5.hlsl
vertexshader,,lpo_sm_l0d_l0sd_l1s_l1ss_fog_tc0_nc_sm5.hlsl
pixelshader,lpo_sm_l0d_l0sd_l1s_l1ss_ndw_fog_b0c0l0_nc_blm_sm5.hlsl
pixelshader,lpo_sm_l0d_l0sd_l1o_ndw_fog_b0c0l0_nc_blm_sm5.hlsl
pixelshader,lpo_sm_l0d_l0sd_l1o_l1ss_ndw_fog_b0c0l0_nc_blm_sm5.hlsl
pixelshader,lpo_sm_l0s_l1s_ndw_fog_b0c0l0_nc_blm_sm5.hlsl
pixelshader,lpo_sm_l0s_l1s_l1ss_ndw_fog_b0c0l0_nc_blm_sm5.hlsl
pixelshader,lpo_sm_l0s_l1o_ndw_fog_b0c0l0_nc_blm_sm5.hlsl
pixelshader,lpo_sm_l0s_l1o_l1ss_ndw_fog_b0c0l0_nc_blm_sm5.hlsl
pixelshader,lpo_sm_l0s_l0ss_l1s_ndw_fog_b0c0l0_nc_blm_sm5.hlsl
pixelshader,lpo_sm_l0s_l0ss_l1s_l1ss_ndw_fog_b0c0l0_nc_blm_sm5.hlsl
pixelshader,lpo_sm_l0s_l0ss_l1o_ndw_fog_b0c0l0_nc_blm_sm5.hlsl
pixelshader,lpo_sm_l0s_l0ss_l1o_l1ss_ndw_fog_b0c0l0_nc_blm_sm5.hlsl
pixelshader,lpo_sm_l0o_l1o_ndw_fog_b0c0l0_nc_blm_sm5.hlsl
pixelshader,lpo_sm_l0o_l1o_l1ss_ndw_fog_b0c0l0_nc_blm_sm5.hlsl
pixelshader,lpo_sm_l0o_l0ss_l1o_ndw_fog_b0c0l0_nc_blm_sm5.hlsl
pixelshader,lpo_sm_l0o_l0ss_l1o_l1ss_ndw_fog_b0c0l0_nc_blm_sm5.hlsl
vertexshader,,lpo_sm_ldbsm_fog_tc0_nc_sm5.hlsl
pixelshader,lpo_sm_ldbsm_ndw_fog_b0c0l0_nc_blm_sm5.hlsl
pixelshader,lpo_sm_ldb_sunsm_ndw_fog_b0c0l0_nc_blm_sm5.hlsl
vertexshader,,lpo_sm_l0n_dfog_tc0_nc_sm5.hlsl
pixelshader,lpo_sm_l0n_ndw_dfog_b0c0l0_nc_blm_sm5.hlsl
pixelshader,lpo_sm_l0d_ndw_dfog_b0c0l0_nc_blm_sm5.hlsl
vertexshader,,lpo_sm_l0d_l0sd_dfog_tc0_nc_sm5.hlsl
pixelshader,lpo_sm_l0d_l0sd_ndw_dfog_b0c0l0_nc_blm_sm5.hlsl
pixelshader,lpo_sm_l0s_ndw_dfog_b0c0l0_nc_blm_sm5.hlsl
pixelshader,lpo_sm_l0s_l0ss_ndw_dfog_b0c0l0_nc_blm_sm5.hlsl
pixelshader,lpo_sm_l0o_ndw_dfog_b0c0l0_nc_blm_sm5.hlsl
pixelshader,lpo_sm_l0o_l0ss_ndw_dfog_b0c0l0_nc_blm_sm5.hlsl
vertexshader,,lpo_sm_l0d_l1s_dfog_tc0_nc_sm5.hlsl
pixelshader,lpo_sm_l0d_l1s_ndw_dfog_b0c0l0_nc_blm_sm5.hlsl
vertexshader,,lpo_sm_l0d_l1s_l1ss_dfog_tc0_nc_sm5.hlsl
pixelshader,lpo_sm_l0d_l1s_l1ss_ndw_dfog_b0c0l0_nc_blm_sm5.hlsl
pixelshader,lpo_sm_l0d_l1o_ndw_dfog_b0c0l0_nc_blm_sm5.hlsl
pixelshader,lpo_sm_l0d_l1o_l1ss_ndw_dfog_b0c0l0_nc_blm_sm5.hlsl
vertexshader,,lpo_sm_l0d_l0sd_l1s_dfog_tc0_nc_sm5.hlsl
pixelshader,lpo_sm_l0d_l0sd_l1s_ndw_dfog_b0c0l0_nc_blm_sm5.hlsl
vertexshader,,lpo_sm_l0d_l0sd_l1s_l1ss_dfog_tc0_nc_sm5.hlsl
pixelshader,lpo_sm_l0d_l0sd_l1s_l1ss_ndw_dfog_b0c0l0_nc_blm_sm5.hlsl
pixelshader,lpo_sm_l0d_l0sd_l1o_ndw_dfog_b0c0l0_nc_blm_sm5.hlsl
pixelshader,lpo_sm_l0d_l0sd_l1o_l1ss_ndw_dfog_b0c0l0_nc_blm_sm5.hlsl
pixelshader,lpo_sm_l0s_l1s_ndw_dfog_b0c0l0_nc_blm_sm5.hlsl
pixelshader,lpo_sm_l0s_l1s_l1ss_ndw_dfog_b0c0l0_nc_blm_sm5.hlsl
pixelshader,lpo_sm_l0s_l1o_ndw_dfog_b0c0l0_nc_blm_sm5.hlsl
pixelshader,lpo_sm_l0s_l1o_l1ss_ndw_dfog_b0c0l0_nc_blm_sm5.hlsl
pixelshader,lpo_sm_l0s_l0ss_l1s_ndw_dfog_b0c0l0_nc_blm_sm5.hlsl
pixelshader,lpo_sm_l0s_l0ss_l1s_l1ss_ndw_dfog_b0c0l0_nc_blm_sm5.hlsl
pixelshader,lpo_sm_l0s_l0ss_l1o_ndw_dfog_b0c0l0_nc_blm_sm5.hlsl
pixelshader,lpo_sm_l0s_l0ss_l1o_l1ss_ndw_dfog_b0c0l0_nc_blm_sm5.hlsl
pixelshader,lpo_sm_l0o_l1o_ndw_dfog_b0c0l0_nc_blm_sm5.hlsl
pixelshader,lpo_sm_l0o_l1o_l1ss_ndw_dfog_b0c0l0_nc_blm_sm5.hlsl
pixelshader,lpo_sm_l0o_l0ss_l1o_ndw_dfog_b0c0l0_nc_blm_sm5.hlsl
pixelshader,lpo_sm_l0o_l0ss_l1o_l1ss_ndw_dfog_b0c0l0_nc_blm_sm5.hlsl
vertexshader,,lpo_sm_ldbsm_dfog_tc0_nc_sm5.hlsl
pixelshader,lpo_sm_ldbsm_ndw_dfog_b0c0l0_nc_blm_sm5.hlsl
pixelshader,lpo_sm_ldb_sunsm_ndw_dfog_b0c0l0_nc_blm_sm5.hlsl
vertexshader,,l_point_tc0_nc.hlsl
pixelshader,,l_spot_ndw_b0c0_nc.hlsl
pixelshader,,l_omni_ndw_b0c0_nc.hlsl
vertexshader,,l_point_l0s2_sm_tc0_nc.hlsl
pixelshader,,l_spot_ndw_l0s2_sm_b0c0_nc.hlsl
vertexshader,,vertcol_untextured_nc_nofog.hlsl
vertexdecl,pp.f
pixelshader,vertcol_untextured_lin_nc_nofog.hlsl
vertexshader,,velocity_sm_nofog_nc_sm3_vrigid.hlsl
pixelshader,,velocity_sm_nofog_nc_sm3_vrigid.hlsl
vertexshader,,velocity_sm_nofog_nc_sm3_vskinned.hlsl
vertexshader,,debug_normals_nc.hlsl
vertexdecl,pp.ft0t0.3nn.7tt1.7
pixelshader,,debug_normals_nc.hlsl
vertexshader,,vertcol_simple_i_mtlclr_fog_nc.hlsl
vertexshader,,lpo_sm_l0n_i_fog_tc0_nc_sm5.hlsl
vertexshader,,lpo_sm_l0d_l0sd_i_fog_tc0_nc_sm5.hlsl
vertexshader,,lpo_sm_l0s_i_fog_tc0_nc_sm5.hlsl
vertexshader,,lpo_sm_l0d_l1s_i_fog_tc0_nc_sm5.hlsl
vertexshader,,lpo_sm_l0d_l1s_l1ss_i_fog_tc0_nc_sm5.hlsl
vertexshader,,lpo_sm_l0d_l0sd_l1s_i_fog_tc0_nc_sm5.hlsl
vertexshader,,lpo_sm_l0d_l0sd_l1s_l1ss_i_fog_tc0_nc_sm5.hlsl
vertexshader,,lpo_sm_ldbsm_i_fog_tc0_nc_sm5.hlsl
vertexshader,,lpo_sm_l0n_i_dfog_tc0_nc_sm5.hlsl
vertexshader,,lpo_sm_l0d_l0sd_i_dfog_tc0_nc_sm5.hlsl
vertexshader,,lpo_sm_l0d_l1s_i_dfog_tc0_nc_sm5.hlsl
vertexshader,,lpo_sm_l0d_l1s_l1ss_i_dfog_tc0_nc_sm5.hlsl
vertexshader,,lpo_sm_l0d_l0sd_l1s_i_dfog_tc0_nc_sm5.hlsl
vertexshader,,lpo_sm_l0d_l0sd_l1s_l1ss_i_dfog_tc0_nc_sm5.hlsl
vertexshader,,lpo_sm_ldbsm_i_dfog_tc0_nc_sm5.hlsl
vertexshader,,l_point_i_tc0_nc.hlsl
vertexshader,,l_point_i_l0s2_sm_tc0_nc.hlsl
vertexshader,,vertcol_untextured_i_nc_nofog.hlsl
vertexshader,,debug_normals_i_nc.hlsl
techset,m_l_sm_ndw_b0c0l0_cltrans
image,~us_rangers_upperbody_a_spc-r~e9d90ed9
image,us_rangers_upperbody_a_nml
image,us_rangers_upperbody_ae_col
image,us_rangers_upperbody_ae_outer_lobe
material,m/mtl_us_rangers_upperbody_ae
image,~us_rangers_lowerbody_a_spc-r~0c9cdb07
image,us_rangers_lowerbody_a_nml
image,us_rangers_lowerbody_ae_col
image,us_rangers_lowerbody_ae_outer_lobe
material,m/mtl_us_rangers_lowerbody_ae
image,~us_rangers_boot_a_spc-rgb&us~78f38962
image,us_rangers_boot_a_nml
image,us_rangers_boot_ab_col
image,us_rangers_boot_ab_outer_lobe
material,m/mtl_us_rangers_boot_ab
image,~us_rangers_loadout_c_spc-rgb~aa4fa2f9
image,us_rangers_loadout_c_nml
image,us_rangers_loadout_cb_col
image,us_rangers_loadout_cb_outer_lobe
material,m/mtl_us_rangers_loadout_cb
image,~us_rangers_loadout_b_spc-rgb~d3a748b2
image,us_rangers_loadout_b_nml
image,us_rangers_loadout_bb_col
image,us_rangers_loadout_bb_outer_lobe
material,m/mtl_us_rangers_loadout_bb
image,~us_rangers_loadout_a_spc-rgb~5da545b6
image,us_rangers_loadout_a_nml
image,us_rangers_loadout_ab_col
image,us_rangers_loadout_ab_outer_lobe
material,m/mtl_us_rangers_loadout_ab
image,~us_rangers_glove_a_spc-rgb&u~035204d5
image,us_rangers_glove_a_nml
image,us_rangers_glove_a_col
image,us_rangers_glove_a_outer_lobe
material,m/mtl_us_rangers_glove_a
image,~us_rangers_alpha_b_spc-rgb&u~b6ad5a3d
image,us_rangers_alpha_b_nml
image,us_rangers_alpha_b_col
material,m/mtl_us_rangers_alpha_b
material,,m/mtl_us_rangers_alpha_a
image,~mp_patch_a_spc-rgb&mp_patch_~6f741422
image,mp_patch_a_nml
image,mp_patch_a_col
material,m/mtl_mp_patch_test_a
image,,$identitynormalmap
image,mp_patch_a_patch_b
material,m/mtl_mp_patch_test_b
xmodelsurfs,body_us_rangers_assault_a_lod0300
xmodelsurfs,body_us_rangers_assault_a_lod1300
xmodelsurfs,body_us_rangers_assault_a_lod2300
xmodelsurfs,body_us_rangers_assault_a_lod3300
xmodelsurfs,body_us_rangers_assault_a_lod4300
xmodelsurfs,body_us_rangers_assault_a_lod5300
xmodel,mp_body_us_rangers_assault_a_arctic
image,us_rangers_upperbody_ad_col
image,us_rangers_upperbody_ad_outer_lobe
material,m/mtl_us_rangers_upperbody_ad
image,us_rangers_lowerbody_ad_col
image,us_rangers_lowerbody_ad_outer_lobe
material,m/mtl_us_rangers_lowerbody_ad
image,us_rangers_boot_b_col
image,us_rangers_boot_b_outer_lobe
material,m/mtl_us_rangers_boot_b
image,us_rangers_loadout_c_col
image,us_rangers_loadout_c_outer_lobe
material,m/mtl_us_rangers_loadout_c
image,us_rangers_loadout_b_col
image,us_rangers_loadout_b_outer_lobe
material,m/mtl_us_rangers_loadout_b
image,us_rangers_loadout_a_col
image,us_rangers_loadout_a_outer_lobe
material,m/mtl_us_rangers_loadout_a
image,us_rangers_glove_ab_col
image,us_rangers_glove_ab_outer_lobe
material,m/mtl_us_rangers_glove_ab
xmodel,mp_body_us_rangers_assault_a_desert
image,us_rangers_upperbody_af_col
image,us_rangers_upperbody_af_outer_lobe
material,m/mtl_us_rangers_upperbody_af
image,us_rangers_lowerbody_af_col
image,us_rangers_lowerbody_af_outer_lobe
material,m/mtl_us_rangers_lowerbody_af
xmodel,mp_body_us_rangers_assault_a_elite
image,us_rangers_upperbody_abb_col
image,us_rangers_upperbody_abb_outer_lobe
material,m/mtl_us_rangers_upperbody_abb
image,us_rangers_lowerbody_abb_col
image,us_rangers_lowerbody_abb_outer_lobe
material,m/mtl_us_rangers_lowerbody_abb
xmodel,mp_body_us_rangers_assault_a_urban
image,us_rangers_upperbody_a_col
image,us_rangers_upperbody_a_outer_lobe
material,m/mtl_us_rangers_upperbody_a
image,us_rangers_lowerbody_a_col
image,us_rangers_lowerbody_a_outer_lobe
material,m/mtl_us_rangers_lowerbody_a
image,us_rangers_boot_a_col
image,us_rangers_boot_a_outer_lobe
material,m/mtl_us_rangers_boot_a
xmodel,mp_body_us_rangers_assault_a_woodland
image,~us_rangers_lowerbody_b_spc-r~5b4dae86
image,us_rangers_lowerbody_b_nml
image,us_rangers_lowerbody_be_col
image,us_rangers_lowerbody_be_outer_lobe
material,m/mtl_us_rangers_lowerbody_be
xmodelsurfs,body_us_rangers_lmg_a_lod0300
xmodelsurfs,body_us_rangers_lmg_a_lod1300
xmodelsurfs,body_us_rangers_lmg_a_lod2300
xmodelsurfs,body_us_rangers_lmg_a_lod3300
xmodelsurfs,body_us_rangers_lmg_a_lod4300
xmodelsurfs,body_us_rangers_lmg_a_lod5300
xmodel,mp_body_us_rangers_lmg_a_arctic
image,us_rangers_lowerbody_bd_col
image,us_rangers_lowerbody_bd_outer_lobe
material,m/mtl_us_rangers_lowerbody_bd
xmodel,mp_body_us_rangers_lmg_a_desert
image,us_rangers_lowerbody_bf_col
image,us_rangers_lowerbody_bf_outer_lobe
material,m/mtl_us_rangers_lowerbody_bf
xmodel,mp_body_us_rangers_lmg_a_elite
image,us_rangers_lowerbody_bbb_col
image,us_rangers_lowerbody_bbb_outer_lobe
material,m/mtl_us_rangers_lowerbody_bbb
xmodel,mp_body_us_rangers_lmg_a_urban
image,us_rangers_lowerbody_b_col
image,us_rangers_lowerbody_b_outer_lobe
material,m/mtl_us_rangers_lowerbody_b
xmodel,mp_body_us_rangers_lmg_a_woodland
image,~us_rangers_upperbody_b_spc-r~7c14ffc1
image,us_rangers_upperbody_b_nml
image,us_rangers_upperbody_be_col
image,us_rangers_upperbody_be_outer_lobe
material,m/mtl_us_rangers_upperbody_be
xmodelsurfs,body_us_rangers_smg_a_lod0300
xmodelsurfs,body_us_rangers_smg_a_lod1300
xmodelsurfs,body_us_rangers_smg_a_lod2300
xmodelsurfs,body_us_rangers_smg_a_lod3300
xmodelsurfs,body_us_rangers_smg_a_lod4300
xmodelsurfs,body_us_rangers_smg_a_lod5300
xmodel,mp_body_us_rangers_smg_a_arctic
image,us_rangers_upperbody_bd_col
image,us_rangers_upperbody_bd_outer_lobe
material,m/mtl_us_rangers_upperbody_bd
xmodel,mp_body_us_rangers_smg_a_desert
image,us_rangers_upperbody_bf_col
image,us_rangers_upperbody_bf_outer_lobe
material,m/mtl_us_rangers_upperbody_bf
xmodel,mp_body_us_rangers_smg_a_elite
image,us_rangers_upperbody_bbb_col
image,us_rangers_upperbody_bbb_outer_lobe
material,m/mtl_us_rangers_upperbody_bbb
xmodel,mp_body_us_rangers_smg_a_urban
image,us_rangers_upperbody_b_col
image,us_rangers_upperbody_b_outer_lobe
material,m/mtl_us_rangers_upperbody_b
xmodel,mp_body_us_rangers_smg_a_woodland
xmodelsurfs,body_us_rangers_shotgun_a_lod0300
xmodelsurfs,body_us_rangers_shotgun_a_lod1300
xmodelsurfs,body_us_rangers_shotgun_a_lod2300
xmodelsurfs,body_us_rangers_shotgun_a_lod3300
xmodelsurfs,body_us_rangers_shotgun_a_lod4300
xmodelsurfs,body_us_rangers_shotgun_a_lod5300
xmodel,mp_body_us_rangers_shotgun_a_arctic
xmodel,mp_body_us_rangers_shotgun_a_desert
xmodel,mp_body_us_rangers_shotgun_a_elite
xmodel,mp_body_us_rangers_shotgun_a_urban
xmodel,mp_body_us_rangers_shotgun_a_woodland
xmodelsurfs,body_us_rangers_female_assault_a_lod0300
xmodelsurfs,body_us_rangers_female_assault_a_lod1300
xmodelsurfs,body_us_rangers_female_assault_a_lod2300
xmodelsurfs,body_us_rangers_female_assault_a_lod3300
xmodelsurfs,body_us_rangers_female_assault_a_lod5300
xmodel,mp_body_female_us_rangers_assault_a_arctic
xmodel,mp_body_female_us_rangers_assault_a_desert
xmodel,mp_body_female_us_rangers_assault_a_elite
xmodel,mp_body_female_us_rangers_assault_a_urban
xmodel,mp_body_female_us_rangers_assault_a_woodland
xmodel,mp_body_female_us_rangers_lmg_a_arctic
xmodel,mp_body_female_us_rangers_lmg_a_desert
xmodel,mp_body_female_us_rangers_lmg_a_elite
xmodel,mp_body_female_us_rangers_lmg_a_urban
xmodel,mp_body_female_us_rangers_lmg_a_woodland
xmodelsurfs,body_us_rangers_female_smg_a_lod0300
xmodelsurfs,body_us_rangers_female_smg_a_lod1300
xmodelsurfs,body_us_rangers_female_smg_a_lod2300
xmodelsurfs,body_us_rangers_female_smg_a_lod3300
xmodelsurfs,body_us_rangers_female_smg_a_lod4300
xmodelsurfs,body_us_rangers_female_smg_a_lod5300
xmodel,mp_body_female_us_rangers_smg_a_arctic
xmodel,mp_body_female_us_rangers_smg_a_desert
xmodel,mp_body_female_us_rangers_smg_a_elite
xmodel,mp_body_female_us_rangers_smg_a_urban
xmodel,mp_body_female_us_rangers_smg_a_woodland
xmodel,mp_body_female_us_rangers_shotgun_a_arctic
xmodel,mp_body_female_us_rangers_shotgun_a_desert
xmodel,mp_body_female_us_rangers_shotgun_a_elite
xmodel,mp_body_female_us_rangers_shotgun_a_urban
xmodel,mp_body_female_us_rangers_shotgun_a_woodland
techset,,m_l_sm_ndw_b0c0n0s0l0_cltrans
techset,,m_l_sm_rim_r0c0n0s0l0p0_nfwpf
techset,,m_l_sm_rim_r0c0n0s0l0_nfwpf
material,,m/mtl_elite_pmc_alpha_a
image,~elite_pmc_lowerbody_a_spc-rg~ba92b59b
image,elite_pmc_lowerbody_a_nml
image,elite_pmc_lowerbody_ae_col
material,m/mtl_elite_pmc_lowerbody_ae
image,~elite_pmc_boot_a_spc-rgb&eli~a0a1c413
image,elite_pmc_boot_a_nml
image,elite_pmc_boot_ab_col
material,m/mtl_elite_pmc_boot_ab
image,~elite_pmc_loadout_a_spc-rgb&~238fee35
image,elite_pmc_loadout_a_nml
image,elite_pmc_loadout_ab_col
material,m/mtl_elite_pmc_loadout_ab
image,~elite_pmc_utility_a_spc-rgb&~5644d0e9
image,elite_pmc_utility_a_nml
image,elite_pmc_utility_ab_col
material,m/mtl_elite_pmc_utility_ab
image,~elite_pmc_glove_a_spc-rgb&el~0d561fe6
image,elite_pmc_glove_a_nml
image,elite_pmc_glove_ab_col
material,m/mtl_elite_pmc_glove_ab
image,~elite_pmc_upperbody_a_spc-rg~1ccf751f
image,elite_pmc_upperbody_a_nml
image,elite_pmc_upperbody_ae_col
material,m/mtl_elite_pmc_upperbody_ae
image,~elite_pmc_upperbody_a_spc_36~9b867c31
image,elite_pmc_upperbody_a_nml_360
image,elite_pmc_upperbody_ab_col
material,m/mtl_elite_pmc_upperbody_ab_mtl
image,~elite_pmc_lowerbody_a_spc_36~8a6227aa
image,elite_pmc_lowerbody_a_nml_360
image,elite_pmc_lowerbody_ab_col
material,m/mtl_elite_pmc_lowerbody_ab_mtl
xmodelsurfs,elite_pmc_body_b_lod0300
xmodelsurfs,elite_pmc_body_b_lod1300
xmodelsurfs,elite_pmc_body_b_lod2300
xmodelsurfs,elite_pmc_body_b_lod3300
xmodelsurfs,elite_pmc_body_b_lod4300
xmodelsurfs,elite_pmc_body_b_lod5300
xmodel,mp_body_elite_pmc_assault_b_arctic
image,elite_pmc_lowerbody_ad_col
material,m/mtl_elite_pmc_lowerbody_ad
image,elite_pmc_upperbody_ad_col
material,m/mtl_elite_pmc_upperbody_ad
xmodel,mp_body_elite_pmc_assault_b_desert
image,elite_pmc_lowerbody_af_col
material,m/mtl_elite_pmc_lowerbody_af
image,elite_pmc_upperbody_af_col
material,m/mtl_elite_pmc_upperbody_af
xmodel,mp_body_elite_pmc_assault_b_elite
material,m/mtl_elite_pmc_lowerbody_ab
material,m/mtl_elite_pmc_upperbody_ab
xmodel,mp_body_elite_pmc_assault_b_urban
image,elite_pmc_lowerbody_ac_col
material,m/mtl_elite_pmc_lowerbody_ac
image,elite_pmc_upperbody_ac_col
material,m/mtl_elite_pmc_upperbody_ac
xmodel,mp_body_elite_pmc_assault_b_woodland
image,~fed_udt_loadout_a_spc-rgb&fe~5c585e17
image,fed_udt_loadout_a_nml
image,fed_udt_loadout_a_col
material,m/mtl_fed_udt_loadout_a
image,~fed_army_utility_d_spc-rgb&f~73dbbae6
image,fed_army_utility_d_nml
image,fed_army_utility_dc_col
material,m/mtl_fed_army_utility_dc
image,fed_army_utility_b_col
material,m/mtl_fed_army_utility_b
image,~elite_pmc_utility_c_spc-rgb&~dc3c19c6
image,elite_pmc_utility_c_nml
image,elite_pmc_utility_c_col
material,m/mtl_elite_pmc_utility_c
xmodelsurfs,body_elite_pmc_lmg_b_lod0300
xmodelsurfs,body_elite_pmc_lmg_b_lod1300
xmodelsurfs,body_elite_pmc_lmg_b_lod2300
xmodelsurfs,body_elite_pmc_lmg_b_lod3300
xmodelsurfs,body_elite_pmc_lmg_b_lod4300
xmodelsurfs,body_elite_pmc_lmg_b_lod5300
xmodel,mp_body_elite_pmc_lmg_b_arctic
xmodel,mp_body_elite_pmc_lmg_b_desert
xmodel,mp_body_elite_pmc_lmg_b_elite
xmodel,mp_body_elite_pmc_lmg_b_urban
xmodel,mp_body_elite_pmc_lmg_b_woodland
image,~fed_udt_divegear_a_spc-rgb&f~98340edf
image,fed_udt_divegear_a_nml
image,fed_udt_divegear_a_col
material,m/mtl_fed_udt_divegear_a
image,~elite_pmc_utility_e_spc-rgb&~f12ff906
image,elite_pmc_utility_e_nml
image,elite_pmc_utility_e_col
material,m/mtl_elite_pmc_utility_e
xmodelsurfs,body_elite_pmc_smg_b_lod0300
xmodelsurfs,body_elite_pmc_smg_b_lod1300
xmodelsurfs,body_elite_pmc_smg_b_lod2300
xmodelsurfs,body_elite_pmc_smg_b_lod3300
xmodelsurfs,body_elite_pmc_smg_b_lod4300
xmodelsurfs,body_elite_pmc_smg_b_lod5300
xmodel,mp_body_elite_pmc_smg_b_arctic
xmodel,mp_body_elite_pmc_smg_b_desert
xmodel,mp_body_elite_pmc_smg_b_elite
xmodel,mp_body_elite_pmc_smg_b_urban
xmodel,mp_body_elite_pmc_smg_b_woodland
image,~fed_army_utility_e_spc-rgb&f~f530080f
image,fed_army_utility_e_nml
image,elite_pmc_utility_b_col
material,m/mtl_elite_pmc_utility_b
xmodelsurfs,body_elite_pmc_shotgun_b_lod0300
xmodelsurfs,body_elite_pmc_shotgun_b_lod1300
xmodelsurfs,body_elite_pmc_shotgun_b_lod2300
xmodelsurfs,body_elite_pmc_shotgun_b_lod3300
xmodelsurfs,body_elite_pmc_shotgun_b_lod4300
xmodelsurfs,body_elite_pmc_shotgun_b_lod5300
xmodel,mp_body_elite_pmc_shotgun_b_arctic
xmodel,mp_body_elite_pmc_shotgun_b_desert
xmodel,mp_body_elite_pmc_shotgun_b_elite
xmodel,mp_body_elite_pmc_shotgun_b_urban
xmodel,mp_body_elite_pmc_shotgun_b_woodland
image,~elite_pmc_headgear_b_spc-rgb~6222765f
image,elite_pmc_headgear_b_nml
image,elite_pmc_headgear_b_col
material,m/mtl_elite_pmc_headgear_b
xmodelsurfs,elite_pmc_female_assault_a_lod0300
xmodelsurfs,elite_pmc_female_assault_a_lod1300
xmodelsurfs,elite_pmc_female_assault_a_lod2300
xmodelsurfs,elite_pmc_female_assault_a_lod3300
xmodelsurfs,elite_pmc_female_assault_a_lod4300
xmodelsurfs,elite_pmc_female_assault_a_lod5300
xmodel,mp_body_female_elite_pmc_assault_b_arctic
xmodel,mp_body_female_elite_pmc_assault_b_desert
xmodel,mp_body_female_elite_pmc_assault_b_elite
xmodel,mp_body_female_elite_pmc_assault_b_urban
xmodel,mp_body_female_elite_pmc_assault_b_woodland
xmodel,mp_body_female_elite_pmc_lmg_b_arctic
xmodel,mp_body_female_elite_pmc_lmg_b_desert
xmodel,mp_body_female_elite_pmc_lmg_b_elite
xmodel,mp_body_female_elite_pmc_lmg_b_urban
xmodel,mp_body_female_elite_pmc_lmg_b_woodland
xmodelsurfs,elite_pmc_female_smg_a_lod0300
xmodelsurfs,elite_pmc_female_smg_a_lod1300
xmodelsurfs,elite_pmc_female_smg_a_lod2300
xmodelsurfs,elite_pmc_female_smg_a_lod3300
xmodelsurfs,elite_pmc_female_smg_a_lod4300
xmodelsurfs,elite_pmc_female_smg_a_lod5300
xmodel,mp_body_female_elite_pmc_smg_b_arctic
xmodel,mp_body_female_elite_pmc_smg_b_desert
xmodel,mp_body_female_elite_pmc_smg_b_elite
xmodel,mp_body_female_elite_pmc_smg_b_urban
xmodel,mp_body_female_elite_pmc_smg_b_woodland
xmodel,mp_body_female_elite_pmc_shotgun_b_arctic
xmodel,mp_body_female_elite_pmc_shotgun_b_desert
xmodel,mp_body_female_elite_pmc_shotgun_b_elite
xmodel,mp_body_female_elite_pmc_shotgun_b_urban
xmodel,mp_body_female_elite_pmc_shotgun_b_woodland
image,~fed_army_boot_a_spc-rgb&fed_~b12f502c
image,fed_army_boot_a_nml
image,fed_army_boot_c_col
image,fed_army_boot_c_lobe
material,m/mtl_fed_army_boot_c
image,~fed_army_lowerbody_a_spc-rgb~f6203193
image,fed_army_lowerbody_a_nml
image,fed_army_lowerbody_bb_col
image,fed_army_lowerbody_a_lobe
material,m/mtl_fed_army_lowerbody_bb
image,~fed_army_upperbody_a_spc-rgb~8c3543f7
image,fed_army_upperbody_a_nml
image,fed_army_upperbody_ab_col
image,fed_army_upperbody_a_lobe
material,m/mtl_fed_army_upperbody_ab
image,~fed_army_glove_a_spc-rgb&fed~c40b2ee8
image,fed_army_glove_a_nml
image,fed_army_glove_c_col
material,m/mtl_fed_army_glove_c
image,fed_army_utility_cb_col
material,m/mtl_fed_army_utility_cb
image,fed_army_utility_bb_col
material,m/mtl_fed_army_utility_bb
image,~fed_army_utility_a_spc-rgb&f~b6f490dd
image,fed_army_utility_a_nml
image,fed_army_utility_ab_col
image,fed_army_utility_a_lobe
material,m/mtl_fed_army_utility_ab
xmodelsurfs,body_fed_army_assault_a_lod0300
xmodelsurfs,body_fed_army_assault_a_lod1300
xmodelsurfs,body_fed_army_assault_a_lod2300
xmodelsurfs,body_fed_army_assault_a_lod3300
xmodelsurfs,body_fed_army_assault_a_lod4300
xmodelsurfs,body_fed_army_assault_a_lod5300
xmodel,mp_body_fed_army_assault_a_arctic
image,fed_army_boot_a_col
material,m/mtl_fed_army_boot_a
image,fed_army_lowerbody_ac_col
material,m/mtl_fed_army_lowerbody_ac
image,fed_army_upperbody_ac_col
material,m/mtl_fed_army_upperbody_ac
image,fed_army_glove_a_col
material,m/mtl_fed_army_glove_a
image,fed_army_utility_c_col
material,m/mtl_fed_army_utility_c
image,fed_army_utility_a_col
material,m/mtl_fed_army_utility_a
xmodel,mp_body_fed_army_assault_a_desert
image,fed_army_boot_b_col
material,m/mtl_fed_army_boot_b
image,fed_army_lowerbody_be_col
material,m/mtl_fed_army_lowerbody_be
image,fed_army_upperbody_ae_col
material,m/mtl_fed_army_upperbody_ae
image,fed_army_glove_b_col
material,m/mtl_fed_army_glove_b
xmodel,mp_body_fed_army_assault_a_elite
image,fed_army_lowerbody_bd_col
material,m/mtl_fed_army_lowerbody_bd
image,fed_army_upperbody_ad_col
material,m/mtl_fed_army_upperbody_ad
xmodel,mp_body_fed_army_assault_a_urban
image,fed_army_lowerbody_a_col
material,m/mtl_fed_army_lowerbody_a
image,fed_army_upperbody_a_col
material,m/mtl_fed_army_upperbody_a
xmodel,mp_body_fed_army_assault_a_woodland
image,~fed_army_upperbody_c_spc-rgb~0caa17ef
image,fed_army_upperbody_c_nml
image,fed_army_upperbody_ca_col
image,fed_army_upperbody_c_lobe
material,m/mtl_fed_army_upperbody_ca
image,~fed_army_upperbody_b_spc-rgb~68e716e2
image,fed_army_upperbody_b_nml
image,fed_army_upperbody_bb_col
image,fed_army_upperbody_b_lobe
material,m/mtl_fed_army_upperbody_bb
image,fed_army_utility_db_col
material,m/mtl_fed_army_utility_db
xmodelsurfs,body_fed_army_lmg_a_lod0300
xmodelsurfs,body_fed_army_lmg_a_lod1300
xmodelsurfs,body_fed_army_lmg_a_lod2300
xmodelsurfs,body_fed_army_lmg_a_lod3300
xmodelsurfs,body_fed_army_lmg_a_lod4300
xmodelsurfs,body_fed_army_lmg_a_lod5300
xmodel,mp_body_fed_army_lmg_a_arctic
image,fed_army_upperbody_c_col
material,m/mtl_fed_army_upperbody_c
image,fed_army_upperbody_bc_col
material,m/mtl_fed_army_upperbody_bc
image,fed_army_utility_ac_col
material,m/mtl_fed_army_utility_ac
image,fed_army_utility_d_col
material,m/mtl_fed_army_utility_d
xmodel,mp_body_fed_army_lmg_a_desert
image,fed_army_upperbody_cb_col
material,m/mtl_fed_army_upperbody_cb
image,fed_army_upperbody_be_col
material,m/mtl_fed_army_upperbody_be
xmodel,mp_body_fed_army_lmg_a_elite
image,fed_army_upperbody_bd_col
material,m/mtl_fed_army_upperbody_bd
xmodel,mp_body_fed_army_lmg_a_urban
image,fed_army_upperbody_b_col
material,m/mtl_fed_army_upperbody_b
xmodel,mp_body_fed_army_lmg_a_woodland
xmodelsurfs,body_fed_army_smg_a_lod0300
xmodelsurfs,body_fed_army_smg_a_lod1300
xmodelsurfs,body_fed_army_smg_a_lod2300
xmodelsurfs,body_fed_army_smg_a_lod3300
xmodelsurfs,body_fed_army_smg_a_lod4300
xmodelsurfs,body_fed_army_smg_a_lod5300
xmodel,mp_body_fed_army_smg_a_arctic
xmodel,mp_body_fed_army_smg_a_desert
xmodel,mp_body_fed_army_smg_a_elite
xmodel,mp_body_fed_army_smg_a_urban
xmodel,mp_body_fed_army_smg_a_woodland
image,fed_army_utility_eb_col
image,fed_army_utility_e_lobe
material,m/mtl_fed_army_utility_eb
xmodelsurfs,body_fed_army_shotgun_a_lod0300
xmodelsurfs,body_fed_army_shotgun_a_lod1300
xmodelsurfs,body_fed_army_shotgun_a_lod2300
xmodelsurfs,body_fed_army_shotgun_a_lod3300
xmodelsurfs,body_fed_army_shotgun_a_lod4300
xmodelsurfs,body_fed_army_shotgun_a_lod5300
xmodel,mp_body_fed_army_shotgun_a_arctic
image,fed_army_lowerbody_bc_col
material,m/mtl_fed_army_lowerbody_bc
image,fed_army_utility_e_col
material,m/mtl_fed_army_utility_e
xmodel,mp_body_fed_army_shotgun_a_desert
xmodel,mp_body_fed_army_shotgun_a_elite
image,fed_army_lowerbody_ad_col
material,m/mtl_fed_army_lowerbody_ad
xmodel,mp_body_fed_army_shotgun_a_urban
xmodel,mp_body_fed_army_shotgun_a_woodland
xmodelsurfs,body_fed_army_female_assault_a_lod0300
xmodelsurfs,body_fed_army_female_assault_a_lod1300
xmodelsurfs,body_fed_army_female_assault_a_lod2300
xmodelsurfs,body_fed_army_female_assault_a_lod3300
xmodelsurfs,body_fed_army_female_assault_a_lod4300
xmodelsurfs,body_fed_army_female_assault_a_lod5300
xmodel,mp_body_female_fed_army_assault_a_arctic
xmodel,mp_body_female_fed_army_assault_a_desert
xmodel,mp_body_female_fed_army_assault_a_elite
xmodel,mp_body_female_fed_army_assault_a_urban
xmodel,mp_body_female_fed_army_assault_a_woodland
xmodel,mp_body_female_fed_army_lmg_a_arctic
xmodel,mp_body_female_fed_army_lmg_a_desert
xmodel,mp_body_female_fed_army_lmg_a_elite
xmodel,mp_body_female_fed_army_lmg_a_urban
xmodel,mp_body_female_fed_army_lmg_a_woodland
xmodelsurfs,body_fed_army_female_smg_a_lod0300
xmodelsurfs,body_fed_army_female_smg_a_lod1300
xmodelsurfs,body_fed_army_female_smg_a_lod2300
xmodelsurfs,body_fed_army_female_smg_a_lod3300
xmodelsurfs,body_fed_army_female_smg_a_lod4300
xmodelsurfs,body_fed_army_female_smg_a_lod5300
xmodel,mp_body_female_fed_army_smg_a_arctic
xmodel,mp_body_female_fed_army_smg_a_desert
xmodel,mp_body_female_fed_army_smg_a_elite
xmodel,mp_body_female_fed_army_smg_a_urban
xmodel,mp_body_female_fed_army_smg_a_woodland
xmodelsurfs,body_fed_army_female_shotgun_a_lod0300
xmodelsurfs,body_fed_army_female_shotgun_a_lod1300
xmodelsurfs,body_fed_army_female_shotgun_a_lod2300
xmodelsurfs,body_fed_army_female_shotgun_a_lod3300
xmodelsurfs,body_fed_army_female_shotgun_a_lod4300
xmodelsurfs,body_fed_army_female_shotgun_a_lod5300
xmodel,mp_body_female_fed_army_shotgun_a_arctic
xmodel,mp_body_female_fed_army_shotgun_a_desert
xmodel,mp_body_female_fed_army_shotgun_a_elite
xmodel,mp_body_female_fed_army_shotgun_a_urban
xmodel,mp_body_female_fed_army_shotgun_a_woodland
image,~devgru_loadout_a_spc-rgb&dev~db85a608
image,devgru_loadout_a_nml
image,devgru_loadout_a_col
image,devgru_loadout_a_lobe
material,m/mtl_devgru_loadout_a
image,~devgru_loadout_e_spc-rgb&dev~a81800c2
image,devgru_loadout_e_nml
image,devgru_loadout_ee_col
image,devgru_loadout_e_lobe
material,m/mtl_devgru_loadout_ee
image,~devgru_upperbody_a_spc-rgb&d~f7a5480b
image,devgru_upperbody_a_nml
image,devgru_upperbody_ae_col
image,devgru_upperbody_a_lobe
material,m/mtl_devgru_upperbody_ae
image,~devgru_lowerbody_a_spc-rgb&d~2761b1bc
image,devgru_lowerbody_a_nml
image,devgru_lowerbody_ae_col
image,devgru_lowerbody_a_lobe
material,m/mtl_devgru_lowerbody_ae
image,~gs_hostage_boot_a_spc-r-42g-~68b76690
image,gs_hostage_boot_a_nml
image,gs_hostage_boot_a_col
material,m/mtl_gs_hostage_boot_a
xmodelsurfs,body_devgru_assault_a_lod0300
xmodelsurfs,body_devgru_assault_a_lod1300
xmodelsurfs,body_devgru_assault_a_lod2300
xmodelsurfs,body_devgru_assault_a_lod3300
xmodelsurfs,body_devgru_assault_a_lod4300
xmodelsurfs,body_devgru_assault_a_lod5300
xmodel,mp_body_devgru_assault_a_arctic
image,devgru_loadout_ed_col
material,m/mtl_devgru_loadout_ed
image,devgru_upperbody_ad_col
material,m/mtl_devgru_upperbody_ad
image,devgru_lowerbody_ad_col
material,m/mtl_devgru_lowerbody_ad
xmodel,mp_body_devgru_assault_a_desert
image,devgru_loadout_ef_col
material,m/mtl_devgru_loadout_ef
image,~devgru_upperbody_a_spc-r-20g~b5236cf2
image,devgru_upperbody_af_col
material,m/mtl_devgru_upperbody_af
image,~devgru_lowerbody_a_spc-r-37g~8272f7ff
image,devgru_lowerbody_af_col
material,m/mtl_devgru_lowerbody_af
image,~gs_hostage_boot_a_spc-rgb&gs~917f909b
image,devgru_boot_a_col
material,m/mtl_devgru_boot_a
xmodel,mp_body_devgru_assault_a_elite
image,devgru_loadout_eb_col
material,m/mtl_devgru_loadout_eb
image,devgru_upperbody_ab_col
material,m/mtl_devgru_upperbody_ab
image,devgru_lowerbody_ab_col
material,m/mtl_devgru_lowerbody_ab
xmodel,mp_body_devgru_assault_a_urban
image,devgru_upperbody_a_col
material,m/mtl_devgru_upperbody_a
image,devgru_lowerbody_a_col
material,m/mtl_devgru_lowerbody_a
xmodel,mp_body_devgru_assault_a_woodland
image,~devgru_loadout_b_spc-rgb&dev~0b7e1959
image,devgru_loadout_b_nml
image,devgru_loadout_be_col
image,devgru_loadout_b_lobe
material,m/mtl_devgru_loadout_be
image,~devgru_loadout_d_spc-rgb&dev~f8f9df1e
image,devgru_loadout_d_nml
image,devgru_loadout_de_col
material,m/mtl_devgru_loadout_de
xmodelsurfs,body_devgru_lmg_a_lod0300
xmodelsurfs,body_devgru_lmg_a_lod1300
xmodelsurfs,body_devgru_lmg_a_lod2300
xmodelsurfs,body_devgru_lmg_a_lod3300
xmodelsurfs,body_devgru_lmg_a_lod4300
xmodelsurfs,body_devgru_lmg_a_lod5300
xmodel,mp_body_devgru_lmg_a_arctic
image,devgru_loadout_bd_col
material,m/mtl_devgru_loadout_bd
image,devgru_loadout_dd_col
material,m/mtl_devgru_loadout_dd
xmodel,mp_body_devgru_lmg_a_desert
image,devgru_loadout_b_col
material,m/mtl_devgru_loadout_b
image,devgru_loadout_db_col
material,m/mtl_devgru_loadout_db
xmodel,mp_body_devgru_lmg_a_elite
xmodel,mp_body_devgru_lmg_a_urban
techset,,m_l_sm_rim_r0c0n0s0l0sr0_nfwpf
image,devgru_loadout_d_col
material,m/mtl_devgru_loadout_d
xmodel,mp_body_devgru_lmg_a_woodland
image,~devgru_loadout_c_spc-rgb&dev~2f112ff5
image,devgru_loadout_c_nml
image,devgru_loadout_ce_col
material,m/mtl_devgru_loadout_ce
image,~devgru_upperbody_b_spc-rgb&d~42d49640
image,devgru_upperbody_b_nml
image,devgru_upperbody_be_col
image,devgru_upperbody_b_lobe
material,m/mtl_devgru_upperbody_be
xmodelsurfs,body_devgru_shotgun_a_lod0300
xmodelsurfs,body_devgru_shotgun_a_lod1300
xmodelsurfs,body_devgru_shotgun_a_lod2300
xmodelsurfs,body_devgru_shotgun_a_lod3300
xmodelsurfs,body_devgru_shotgun_a_lod4300
xmodelsurfs,body_devgru_shotgun_a_lod5300
xmodel,mp_body_devgru_shotgun_a_arctic
image,devgru_loadout_cd_col
material,m/mtl_devgru_loadout_cd
image,devgru_upperbody_bd_col
material,m/mtl_devgru_upperbody_bd
xmodel,mp_body_devgru_shotgun_a_desert
image,devgru_loadout_c_col
material,m/mtl_devgru_loadout_c
image,devgru_upperbody_bf_col
material,m/mtl_devgru_upperbody_bf
xmodel,mp_body_devgru_shotgun_a_elite
image,devgru_loadout_cb_col
material,m/mtl_devgru_loadout_cb
image,devgru_upperbody_bb_col
material,m/mtl_devgru_upperbody_bb
xmodel,mp_body_devgru_shotgun_a_urban
image,devgru_upperbody_b_col
material,m/mtl_devgru_upperbody_b
xmodel,mp_body_devgru_shotgun_a_woodland
xmodelsurfs,body_devgru_smg_a_lod0300
xmodelsurfs,body_devgru_smg_a_lod1300
xmodelsurfs,body_devgru_smg_a_lod2300
xmodelsurfs,body_devgru_smg_a_lod3300
xmodelsurfs,body_devgru_smg_a_lod4300
xmodelsurfs,body_devgru_smg_a_lod5300
xmodel,mp_body_devgru_smg_a_arctic
xmodel,mp_body_devgru_smg_a_desert
xmodel,mp_body_devgru_smg_a_elite
xmodel,mp_body_devgru_smg_a_urban
image,devgru_loadout_bc_col
material,m/mtl_devgru_loadout_bc
xmodel,mp_body_devgru_smg_a_woodland
xmodelsurfs,body_devgru_sniper_a_lod0300
xmodelsurfs,body_devgru_sniper_a_lod1300
xmodelsurfs,body_devgru_sniper_a_lod2300
xmodelsurfs,body_devgru_sniper_a_lod3300
xmodelsurfs,body_devgru_sniper_a_lod4300
xmodelsurfs,body_devgru_sniper_a_lod5300
xmodel,mp_body_devgru_sniper_a_arctic
xmodel,mp_body_devgru_sniper_a_desert
xmodel,mp_body_devgru_sniper_a_elite
xmodel,mp_body_devgru_sniper_a_urban
xmodel,mp_body_devgru_sniper_a_woodland
xmodelsurfs,body_devgru_female_assault_a_lod0300
xmodelsurfs,body_devgru_female_assault_a_lod1300
xmodelsurfs,body_devgru_female_assault_a_lod2300
xmodelsurfs,body_devgru_female_assault_a_lod3300
xmodelsurfs,body_devgru_female_assault_a_lod4300
xmodelsurfs,body_devgru_female_assault_a_lod5300
xmodel,mp_body_female_devgru_assault_a_arctic
xmodel,mp_body_female_devgru_assault_a_desert
xmodel,mp_body_female_devgru_assault_a_elite
xmodel,mp_body_female_devgru_assault_a_urban
xmodel,mp_body_female_devgru_assault_a_woodland
xmodel,mp_body_female_devgru_lmg_a_arctic
xmodel,mp_body_female_devgru_lmg_a_desert
xmodel,mp_body_female_devgru_lmg_a_elite
xmodel,mp_body_female_devgru_lmg_a_urban
xmodel,mp_body_female_devgru_lmg_a_woodland
xmodel,mp_body_female_devgru_shotgun_a_arctic
xmodel,mp_body_female_devgru_shotgun_a_desert
xmodel,mp_body_female_devgru_shotgun_a_elite
xmodel,mp_body_female_devgru_shotgun_a_urban
xmodel,mp_body_female_devgru_shotgun_a_woodland
xmodelsurfs,body_devgru_female_smg_a_lod0300
xmodelsurfs,body_devgru_female_smg_a_lod1300
xmodelsurfs,body_devgru_female_smg_a_lod2300
xmodelsurfs,body_devgru_female_smg_a_lod3300
xmodelsurfs,body_devgru_female_smg_a_lod4300
xmodelsurfs,body_devgru_female_smg_a_lod5300
xmodel,mp_body_female_devgru_smg_a_arctic
xmodel,mp_body_female_devgru_smg_a_desert
xmodel,mp_body_female_devgru_smg_a_elite
xmodel,mp_body_female_devgru_smg_a_urban
xmodel,mp_body_female_devgru_smg_a_woodland
xmodel,mp_body_female_devgru_sniper_a_arctic
xmodel,mp_body_female_devgru_sniper_a_desert
xmodel,mp_body_female_devgru_sniper_a_elite
xmodel,mp_body_female_devgru_sniper_a_urban
xmodel,mp_body_female_devgru_sniper_a_woodland
image,~fed_basic_upperbody_a_spc_36~27c8b1a1
image,fed_basic_upperbody_a_nml_360
image,fed_basic_upperbody_ae_col
image,fed_basic_upperbody_ae_outer_lobe
material,m/mtl_fed_basic_upperbody_ae
image,~fed_basic_gloves_a_spc_360-r~dcb849e3
image,fed_basic_gloves_a_nml_360
image,fed_basic_gloves_ae_col
material,m/mtl_fed_basic_gloves_ae
image,~fed_basic_lowerbody_a_spc_36~10e6358f
image,fed_basic_lowerbody_a_nml_360
image,fed_basic_lowerbody_ae_col
image,fed_basic_lowerbody_ae_outer_lobe
material,m/mtl_fed_basic_lowerbody_ae
image,~fed_basic_shoes_a_spc_360-rg~5d97f734
image,fed_basic_shoes_a_nml_360
image,fed_basic_shoes_ae_col
material,m/mtl_fed_basic_shoes_ae
image,~fed_basic_loadout_a_spc_360-~4929470c
image,fed_basic_loadout_a_nml_360
image,fed_basic_loadout_ae_col
material,m/mtl_fed_basic_loadout_ae
image,~fed_basic_loadout_b_spc_360-~5340930d
image,fed_basic_loadout_b_nml_360
image,fed_basic_loadout_be_col
image,fed_basic_loadout_be_outer_lobe
material,m/mtl_fed_basic_loadout_be
image,~fed_basic_loadout_d_spc_360-~96f1da17
image,fed_basic_loadout_d_nml_360
image,fed_basic_loadout_de_col
image,fed_basic_loadout_de_outer_lobe
material,m/mtl_fed_basic_loadout_de
material,,m/mtl_fed_basic_alpha_a
xmodelsurfs,fed_basic_body_assault_a_lod0300
xmodelsurfs,fed_basic_body_assault_a_lod1300
xmodelsurfs,fed_basic_body_assault_a_lod2300
xmodelsurfs,fed_basic_body_assault_a_lod3300
xmodelsurfs,fed_basic_body_assault_a_lod4300
xmodelsurfs,fed_basic_body_assault_a_lod5300
xmodel,mp_body_fed_basic_assault_a_arctic
image,fed_basic_upperbody_ad_col
image,fed_basic_upperbody_ad_outer_lobe
material,m/mtl_fed_basic_upperbody_ad
image,fed_basic_gloves_ad_col
material,m/mtl_fed_basic_gloves_ad
image,fed_basic_lowerbody_ad_col
image,fed_basic_lowerbody_ad_outer_lobe
material,m/mtl_fed_basic_lowerbody_ad
image,~fed_basic_shoes_a_spc-rgb&fe~54ffae10
image,fed_basic_shoes_a_nml
image,fed_basic_shoes_b_col
material,m/mtl_fed_basic_shoes_b
image,~fed_basic_loadout_a_spc-rgb&~9bbee614
image,fed_basic_loadout_a_nml
image,fed_basic_loadout_a_col
material,m/mtl_fed_basic_loadout_a
material,m/mtl_fed_basic_loadout_a_metal
image,~fed_basic_loadout_b_spc-rgb&~5809b7d5
image,fed_basic_loadout_b_nml
image,fed_basic_loadout_b_col
image,fed_basic_loadout_b_outer_lobe
material,m/mtl_fed_basic_loadout_b
image,fed_basic_loadout_dd_col
image,fed_basic_loadout_dd_outer_lobe
material,m/mtl_fed_basic_loadout_dd
xmodel,mp_body_fed_basic_assault_a_desert
image,fed_basic_upperbody_af_col
image,fed_basic_upperbody_af_outer_lobe
material,m/mtl_fed_basic_upperbody_af
image,fed_basic_gloves_af_col
material,m/mtl_fed_basic_gloves_af
image,fed_basic_lowerbody_af_col
image,fed_basic_lowerbody_af_outer_lobe
material,m/mtl_fed_basic_lowerbody_af
image,fed_basic_shoes_a_col
material,m/mtl_fed_basic_shoes_a
image,fed_basic_loadout_bf_col
image,fed_basic_loadout_bf_outer_lobe
material,m/mtl_fed_basic_loadout_bf
image,fed_basic_loadout_df_col
image,fed_basic_loadout_df_outer_lobe
material,m/mtl_fed_basic_loadout_df
xmodel,mp_body_fed_basic_assault_a_elite
image,fed_basic_upperbody_ab_col
image,fed_basic_upperbody_ab_outer_lobe
material,m/mtl_fed_basic_upperbody_ab
image,~fed_basic_gloves_a_spc-rgb&f~f9eea09d
image,fed_basic_gloves_a_nml
image,fed_basic_gloves_a_col
material,m/mtl_fed_basic_gloves_a
image,~fed_basic_lowerbody_a_spc-rg~dda14e35
image,fed_basic_lowerbody_a_nml
image,fed_basic_lowerbody_a_col
image,fed_basic_lowerbody_a_outer_lobe
material,m/mtl_fed_basic_lowerbody_a
image,fed_basic_shoes_ab_col
material,m/mtl_fed_basic_shoes_ab
image,fed_basic_loadout_bb_col
image,fed_basic_loadout_bb_outer_lobe
material,m/mtl_fed_basic_loadout_bb
image,fed_basic_loadout_db_col
image,fed_basic_loadout_db_outer_lobe
material,m/mtl_fed_basic_loadout_db
xmodel,mp_body_fed_basic_assault_a_urban
image,fed_basic_upperbody_ac_col
image,fed_basic_upperbody_ac_outer_lobe
material,m/mtl_fed_basic_upperbody_ac
image,fed_basic_gloves_ac_col
material,m/mtl_fed_basic_gloves_ac
image,fed_basic_lowerbody_ac_col
image,fed_basic_lowerbody_ac_outer_lobe
material,m/mtl_fed_basic_lowerbody_ac
image,fed_basic_loadout_ac_col
material,m/mtl_fed_basic_loadout_ac
image,fed_basic_loadout_bc_col
image,fed_basic_loadout_bc_outer_lobe
material,m/mtl_fed_basic_loadout_bc
image,fed_basic_loadout_dc_col
image,fed_basic_loadout_dc_outer_lobe
material,m/mtl_fed_basic_loadout_dc
xmodel,mp_body_fed_basic_assault_a_woodland
image,~fed_basic_loadout_c_spc-rgb&~42ee8bb1
image,fed_basic_loadout_c_nml
image,fed_basic_loadout_c_col
image,fed_basic_loadout_c_outer_lobe
material,m/mtl_fed_basic_loadout_c
xmodelsurfs,fed_basic_body_lmg_a_lod0300
xmodelsurfs,fed_basic_body_lmg_a_lod1300
xmodelsurfs,fed_basic_body_lmg_a_lod2300
xmodelsurfs,fed_basic_body_lmg_a_lod3300
xmodelsurfs,fed_basic_body_lmg_a_lod4300
xmodelsurfs,fed_basic_body_lmg_a_lod5300
xmodel,mp_body_fed_basic_lmg_a_arctic
xmodel,mp_body_fed_basic_lmg_a_desert
xmodel,mp_body_fed_basic_lmg_a_elite
image,~fed_basic_loadout_c_spc_360-~b1a424a5
image,fed_basic_loadout_c_nml_360
image,fed_basic_loadout_cb_col
image,fed_basic_loadout_cb_outer_lobe
material,m/mtl_fed_basic_loadout_cb
xmodel,mp_body_fed_basic_lmg_a_urban
image,fed_basic_loadout_cc_col
image,fed_basic_loadout_cc_outer_lobe
material,m/mtl_fed_basic_loadout_cc
xmodel,mp_body_fed_basic_lmg_a_woodland
image,fed_basic_lowerbody_be_col
image,fed_basic_lowerbody_be_outer_lobe
material,m/mtl_fed_basic_lowerbody_be
xmodelsurfs,fed_basic_body_smg_a_lod0300
xmodelsurfs,fed_basic_body_smg_a_lod1300
xmodelsurfs,fed_basic_body_smg_a_lod2300
xmodelsurfs,fed_basic_body_smg_a_lod3300
xmodelsurfs,fed_basic_body_smg_a_lod4300
xmodelsurfs,fed_basic_body_smg_a_lod5300
xmodel,mp_body_fed_basic_smg_a_arctic
image,fed_basic_lowerbody_b_col
image,fed_basic_lowerbody_b_outer_lobe
material,m/mtl_fed_basic_lowerbody_b
xmodel,mp_body_fed_basic_smg_a_desert
image,fed_basic_lowerbody_bf_col
image,fed_basic_lowerbody_bf_outer_lobe
material,m/mtl_fed_basic_lowerbody_bf
xmodel,mp_body_fed_basic_smg_a_elite
image,fed_basic_lowerbody_bb_col
image,fed_basic_lowerbody_bb_outer_lobe
material,m/mtl_fed_basic_lowerbody_bb
xmodel,mp_body_fed_basic_smg_a_urban
xmodel,mp_body_fed_basic_smg_a_woodland
xmodelsurfs,fed_basic_body_shotgun_a_lod0300
xmodelsurfs,fed_basic_body_shotgun_a_lod1300
xmodelsurfs,fed_basic_body_shotgun_a_lod2300
xmodelsurfs,fed_basic_body_shotgun_a_lod3300
xmodelsurfs,fed_basic_body_shotgun_a_lod4300
xmodelsurfs,fed_basic_body_shotgun_a_lod5300
xmodel,mp_body_fed_basic_shotgun_a_arctic
xmodel,mp_body_fed_basic_shotgun_a_desert
xmodel,mp_body_fed_basic_shotgun_a_elite
xmodel,mp_body_fed_basic_shotgun_a_urban
xmodel,mp_body_fed_basic_shotgun_a_woodland
xmodelsurfs,fed_basic_female_body_assault_a_lod0300
xmodelsurfs,fed_basic_female_body_assault_a_lod1300
xmodelsurfs,fed_basic_female_body_assault_a_lod2300
xmodelsurfs,fed_basic_female_body_assault_a_lod3300
xmodelsurfs,fed_basic_female_body_assault_a_lod4300
xmodelsurfs,fed_basic_female_body_assault_a_lod5300
xmodel,mp_body_female_fed_basic_assault_a_arctic
xmodel,mp_body_female_fed_basic_assault_a_desert
xmodel,mp_body_female_fed_basic_assault_a_elite
xmodel,mp_body_female_fed_basic_assault_a_urban
xmodel,mp_body_female_fed_basic_assault_a_woodland
xmodel,mp_body_female_fed_basic_lmg_a_arctic
xmodel,mp_body_female_fed_basic_lmg_a_desert
xmodel,mp_body_female_fed_basic_lmg_a_elite
xmodel,mp_body_female_fed_basic_lmg_a_urban
xmodel,mp_body_female_fed_basic_lmg_a_woodland
xmodelsurfs,fed_basic_female_body_smg_a_lod0300
xmodelsurfs,fed_basic_female_body_smg_a_lod1300
xmodelsurfs,fed_basic_female_body_smg_a_lod2300
xmodelsurfs,fed_basic_female_body_smg_a_lod3300
xmodelsurfs,fed_basic_female_body_smg_a_lod4300
xmodelsurfs,fed_basic_female_body_smg_a_lod5300
xmodel,mp_body_female_fed_basic_smg_a_arctic
xmodel,mp_body_female_fed_basic_smg_a_desert
xmodel,mp_body_female_fed_basic_smg_a_elite
xmodel,mp_body_female_fed_basic_smg_a_urban
xmodel,mp_body_female_fed_basic_smg_a_woodland
xmodel,mp_body_female_fed_basic_shotgun_a_arctic
xmodel,mp_body_female_fed_basic_shotgun_a_desert
xmodel,mp_body_female_fed_basic_shotgun_a_elite
xmodel,mp_body_female_fed_basic_shotgun_a_urban
xmodel,mp_body_female_fed_basic_shotgun_a_woodland
xmodelsurfs,body_mp_sniper_a_lod0300
xmodelsurfs,body_mp_sniper_a_lod1300
xmodelsurfs,body_mp_sniper_a_lod2300
xmodelsurfs,body_mp_sniper_a_lod3300
xmodelsurfs,body_mp_sniper_a_lod4300
xmodelsurfs,body_mp_sniper_a_lod5300
xmodel,mp_body_sniper_a_arctic
xmodel,mp_body_sniper_a_desert
xmodel,mp_body_sniper_a_elite
xmodel,mp_body_sniper_a_urban
image,devgru_loadout_e_col
material,m/mtl_devgru_loadout_e
image,devgru_upperbody_bc_col
material,m/mtl_devgru_upperbody_bc
image,devgru_lowerbody_ac_col
material,m/mtl_devgru_lowerbody_ac
xmodel,mp_body_sniper_a_woodland
xmodel,mp_body_female_sniper_a_arctic
xmodel,mp_body_female_sniper_a_desert
xmodel,mp_body_female_sniper_a_elite
xmodel,mp_body_female_sniper_a_urban
xmodel,mp_body_female_sniper_a_woodland
techset,,m_l_sm_r0c0s0l0_nfwpf
techset,,m_l_sm_ndw_b0c0n0s0l0p0_cltrans_eye
techset,,m_l_sm_t0c0n0s0l0p0_nfwpf
material,,m/mtl_devgru_alpha
material,,m/mtl_devgru_headgear_b
image,~devgru_head_b_spc-rgb&devgru~a0ff67db
image,devgru_head_b_nml
image,devgru_head_b_col
material,m/mtl_devgru_head_a
image,,~shared_eye_a_spc-rgb&shared_~770a7bf6
image,devgru_eye_b_col
material,m/mtl_devgru_eye_b
material,,m/mtl_shiny_lense_eye
material,,m/mtl_hesh_ranger_headgear_a
image,~devgru_alpha_b_spc-rgb&devgr~6e65d987
image,devgru_alpha_b_nml
image,devgru_alpha_be_col
material,m/mtl_devgru_alpha_be
xmodelsurfs,fullbody_mp_sniper_aa_lod0300
xmodelsurfs,fullbody_mp_sniper_aa_lod1300
xmodelsurfs,fullbody_mp_sniper_aa_lod2300
xmodelsurfs,fullbody_mp_sniper_aa_lod3300
xmodelsurfs,fullbody_mp_sniper_aa_lod4300
xmodelsurfs,fullbody_mp_sniper_aa_lod5300
xmodel,mp_fullbody_sniper_aa_arctic
image,devgru_alpha_bd_col
material,m/mtl_devgru_alpha_bd
xmodel,mp_fullbody_sniper_aa_desert
image,devgru_alpha_bf_col
material,m/mtl_devgru_alpha_bf
xmodel,mp_fullbody_sniper_aa_elite
image,devgru_alpha_bb_col
material,m/mtl_devgru_alpha_bb
xmodel,mp_fullbody_sniper_aa_urban
image,devgru_alpha_bc_col
material,m/mtl_devgru_alpha_bc
xmodel,mp_fullbody_sniper_aa_woodland
xmodelsurfs,fullbody_mp_sniper_ab_lod0300
xmodelsurfs,fullbody_mp_sniper_ab_lod1300
xmodelsurfs,fullbody_mp_sniper_ab_lod2300
xmodelsurfs,fullbody_mp_sniper_ab_lod3300
xmodelsurfs,fullbody_mp_sniper_ab_lod4300
xmodelsurfs,fullbody_mp_sniper_ab_lod5300
xmodel,mp_fullbody_sniper_ab_arctic
xmodel,mp_fullbody_sniper_ab_desert
xmodel,mp_fullbody_sniper_ab_elite
xmodel,mp_fullbody_sniper_ab_urban
xmodel,mp_fullbody_sniper_ab_woodland
rawfile,mp_character_room_bodies
