luafile,ui/lui/default.lua
luafile,ui/lui/codedependence.lua
luafile,ui/lui/lui.lua
luafile,ui/lui/luianimnumber.lua
luafile,ui/lui/luibutton.lua
luafile,ui/lui/luibindbutton.lua
luafile,ui/lui/luibuttonrepeater.lua
luafile,ui/lui/luielement.lua
luafile,ui/lui/luihorizontallist.lua
luafile,ui/lui/luigrid.lua
luafile,ui/lui/luiimage.lua
luafile,ui/lui/luilitimage.lua
luafile,ui/lui/luimousecursor.lua
luafile,ui/lui/luiroot.lua
luafile,ui/lui/luisafeareaoverlay.lua
luafile,ui/lui/luiscrollable.lua
luafile,ui/lui/luitighttext.lua
luafile,ui/lui/luiprettynumber.lua
luafile,ui/lui/luitext.lua
luafile,ui/lui/luitimer.lua
luafile,ui/lui/luiverticallist.lua
luafile,ui/lui/luiscrollingverticallist.lua
luafile,ui/lui/luiverticalscrollbar.lua
luafile,ui/lui/luibarrellist.lua
luafile,ui/lui/luicountdown.lua
luafile,ui/lui/luilongcountdown.lua
luafile,ui/lui/luicharacterwindow.lua
luafile,ui/lui/luitest.lua
luafile,ui/lui/menuautonav.lua
luafile,ui/lui/speech.lua
luafile,ui/lui/menubuilder.lua
luafile,ui/lui/flowmanager.lua
luafile,ui/lui/hudmanager.lua
luafile,ui/lui/eventcatcher.lua
luafile,ui/lui/cod.lua
luafile,ui/lui/menugenerics.lua
luafile,ui/lui/menugenericbuttons.lua
luafile,ui/lui/buttonhelpertext.lua
luafile,ui/lui/buttondesctext.lua
luafile,ui/lui/persistentbackground.lua
luafile,ui/lui/common_menus/rankutils.lua
luafile,ui/lui/common_menus/cacutils.lua
luafile,ui/lui/common_menus/caccustomizeutils.lua
luafile,ui/lui/common_menus/commonpopups.lua
luafile,ui/lui/common_menus/friendswidget.lua
luafile,ui/lui/common_menus/friendslist.lua
luafile,ui/lui/common_menus/friendslistutils.lua
luafile,ui/lui/common_menus/gamemanual.lua
luafile,ui/lui/common_menus/kinectcontrolmenu.lua
luafile,ui/lui/common_menus/kinectutils.lua
luafile,ui/lui/common_menus/options.lua
luafile,ui/lui/common_menus/optionslayout.lua
luafile,ui/lui/common_menus/playercard.lua
luafile,ui/lui/common_menus/virtualkeyboard.lua
luafile,ui/lui/common_menus/whatcanisay.lua
luafile,ui/lui/gamex.lua
luafile,ui/lui/pcoptions.lua
luafile,ui/lui/luimarqueetext.lua
luafile,ui/lui/luitechydigits.lua
luafile,ui/lui/advancedvideo.lua
luafile,ui/lui/movementcontrols.lua
luafile,ui/lui/actionscontrols.lua
luafile,ui/lui/chatcontrols.lua
luafile,ui/lui/gamepadcontrols.lua
luafile,ui/lui/lookcontrols.lua
luafile,ui/lui/mp_hud/mlghud.lua
luafile,ui/lui/mp_hud/hudutils.lua
luafile,ui/lui/mp_hud/hud.lua
luafile,ui/lui/mp_hud/hints.lua
luafile,ui/lui/mp_hud/scorelisthud.lua
luafile,ui/lui/mp_hud/scoreboard.lua
luafile,ui/lui/mp_hud/weaponinfohud.lua
luafile,ui/lui/mp_hud/weaponattachment.lua
luafile,ui/lui/mp_hud/playerinfohud.lua
luafile,ui/lui/mp_hud/minimaphud.lua
luafile,ui/lui/mp_hud/jammereffecthud.lua
luafile,ui/lui/mp_hud/timershud.lua
luafile,ui/lui/mp_hud/teamscoreshud.lua
luafile,ui/lui/mp_hud/killstreakhud.lua
luafile,ui/lui/mp_hud/capturinghud.lua
luafile,ui/lui/mp_hud/hordehud.lua
luafile,ui/lui/mp_hud/hordeperkshud.lua
luafile,ui/lui/mp_hud/intelchallenges.lua
luafile,ui/lui/mp_hud/optionsmenu.lua
luafile,ui/lui/mp_hud/charselectmenu.lua
luafile,ui/lui/mp_hud/damagefeedbackhud.lua
luafile,ui/lui/mp_hud/killcamhud.lua
luafile,ui/lui/mp_hud/splasheshud.lua
luafile,ui/lui/mp_hud/overlayhud.lua
luafile,ui/lui/mp_hud/teamselect.lua
luafile,ui/lui/mp_hud/endgamemenu.lua
luafile,ui/lui/mp_hud/ingamecontrols.lua
luafile,ui/lui/mp_hud/ingamepcoptions.lua
luafile,ui/lui/mp_hud/ingameadvancedvideo.lua
luafile,ui/lui/mp_hud/ingamemovementcontrols.lua
luafile,ui/lui/mp_hud/ingameactionscontrols.lua
luafile,ui/lui/mp_hud/ingamechatcontrols.lua
luafile,ui/lui/mp_hud/ingamegamepadcontrols.lua
luafile,ui/lui/mp_hud/ingamelookcontrols.lua
luafile,ui/lui/mp_hud/screeneffectshud.lua
luafile,ui/lui/mp_hud/fireteammenu.lua
luafile,ui/lui/mp_hud/fireteamhud.lua
luafile,ui/lui/mp_hud/predatormissileoverlayhud.lua
luafile,ui/lui/mp_hud/vanguardoverlayhud.lua
luafile,ui/lui/mp_hud/talkerhud.lua
luafile,ui/lui/mp_hud/obituaryhud.lua
luafile,ui/lui/mp_hud/spectatorhud.lua
luafile,ui/lui/mp_hud/optionsmenuscoreboard.lua
luafile,ui/lui/mp_hud/helicopterpilotoverlayhud.lua
luafile,ui/lui/mp_hud/odinoverlayhud.lua
luafile,ui/lui/mp_hud/juggernautoverlayhud.lua
luafile,ui/lui/mp_hud/a10overlayhud.lua
luafile,ui/lui/mp_hud/predatoroverlayhud2.lua
luafile,ui/lui/mp_hud/gamemessagehud.lua
luafile,ui/lui/mp_hud/playercardhud.lua
luafile,ui/lui/mp_hud/pointspopuphud.lua
luafile,ui/lui/mp_hud/muteplayers.lua
luafile,ui/lui/mp_hud/matchstarthud.lua
luafile,ui/lui/mp_hud/hostmigration.lua
luafile,ui/lui/mp_hud/perksonspawnhud.lua
luafile,ui/lui/mp_hud/roundendhud.lua
luafile,ui/lui/mp_hud/ac130overlayhud.lua
luafile,ui/lui/mp_hud/dighud.lua
luafile,ui/lui/mp_menus/main.lua
luafile,ui/lui/mp_menus/cacloadoututils.lua
luafile,ui/lui/mp_menus/mppopups.lua
luafile,ui/lui/mp_menus/playerdatainit.lua
luafile,ui/lui/mp_menus/menudata.lua
luafile,ui/lui/mp_menus/aarunlockscreen.lua
luafile,ui/lui/mp_menus/aarmini.lua
luafile,ui/lui/mp_menus/aliens.lua
luafile,ui/lui/mp_menus/cacrecap.lua
luafile,ui/lui/mp_menus/mplobbyutils.lua
luafile,ui/lui/mp_menus/alienspurchasables.lua
luafile,ui/lui/mp_hud/alienhud.lua
luafile,ui/lui/mp_hud/alienchaos.lua
luafile,ui/lui/mp_hud/alienvanguardoverlayhud.lua
luafile,ui/lui/mp_hud/alienhudtechtree.lua
luafile,ui/lui/mp_hud/alienscoreboards.lua
luafile,ui/lui/mp_hud/aliencapturinghud.lua
image,$white_3d
image,$streaming
rawfile,options_graphics.cfg
rawfile,options_graphics_set.cfg
vertexshader,smaa_blending_weight_calculation.hlsl
vertexdecl,pp.ft0t0.3
pixelshader,smaa_blending_weight_calculation.hlsl
techset,smaa_blending_weight_calculation
vertexshader,smaa_edge_detection.hlsl
pixelshader,smaa_edge_detection.hlsl
techset,smaa_edge_detection
vertexshader,smaa_neighborhood_blending.hlsl
pixelshader,smaa_neighborhood_blending.hlsl
techset,smaa_neighborhood_blending
pixelshader,smaa_neighborhood_blending_t2x.hlsl
techset,smaa_neighborhood_blending_t2x
vertexshader,velocity_static.hlsl
vertexdecl,pp.7
pixelshader,velocity_static.hlsl
techset,velocity_static
pixelshader,velocity_static_vm.hlsl
techset,velocity_static_vm
vertexshader,postfx_mblurhq.hlsl
pixelshader,postfx_mblurhq.hlsl
techset,postfx_mblurhq
pixelshader,postfx_mblurhq_velocity_pass0.hlsl
techset,postfx_mblurhq_velocity_pass0
pixelshader,postfx_mblurhq_velocity_pass1.hlsl
techset,postfx_mblurhq_velocity_pass1
pixelshader,postfx_mblurhq_fast_low_depthmask.hlsl
techset,postfx_mblurhq_fast_low_depthmask
pixelshader,postfx_mblurhq_fast_med_depthmask.hlsl
techset,postfx_mblurhq_fast_med_depthmask
pixelshader,postfx_mblurhq_fast_high_depthmask.hlsl
techset,postfx_mblurhq_fast_high_depthmask
material,smaa_edge_detection
image,smaa_area_tex
image,smaa_search_tex
material,smaa_blending_weight_calculation
material,smaa_neighborhood_blending
material,smaa_neighborhood_blending_t2x
material,$velocity_static2
material,$velocity_static2_vm
material,postfx_mblurhq2
material,postfx_mblurhq_velocity_pass0
material,postfx_mblurhq_velocity_pass1
material,postfx_mblurhq_fast_low_depthmask
material,postfx_mblurhq_fast_med_depthmask
material,postfx_mblurhq_fast_high_depthmask
techset,,dof_hq_final
material,dof_hq_final
vertexshader,postfx_predator_thermal_msaa.hlsl
pixelshader,postfx_predator_thermal_msaa.hlsl
techset,postfx_predator_thermal_msaa
vertexshader,postfx_predator_thermal_msaa_lmh.hlsl
pixelshader,postfx_predator_thermal_msaa_lmh.hlsl
techset,postfx_predator_thermal_msaa_lmh
image,,watersheeting_fx_distortion
material,postfx_predator_thermal_msaa
material,postfx_predator_thermal_msaa_lmh
pixelshader,postfx_predator_thermal_lmh.hlsl
techset,postfx_predator_thermal_lmh
material,postfx_predator_thermal_lmh
structureddatadef,mp/playerdata_ex.def
structureddatadef,mp/elitecreateaclass.def
rawfile,mp/basemaps.arena
rawfile,maps/mp/gametypes/_gametypes.txt
rawfile,maps/mp/gametypes/gun.txt
rawfile,maps/mp/gametypes/grnd.txt
rawfile,maps/mp/gametypes/siege.txt
leaderboarddef,LB_GM_SQUAD_ASSAULT
leaderboarddef,LB_GM_SD
leaderboarddef,LB_GM_SD_HC
leaderboarddef,LB_GM_GUN
leaderboarddef,LB_GM_HORDE
leaderboarddef,LB_GM_GRND
leaderboarddef,LB_GM_SIEGE
structureddatadef,mp/recipes.def
structureddatadef,mp/matchdata.def
structureddatadef,mp/clientmatchdata.def
rawfile,default_mp_gamesettings.cfg
rawfile,default_xboxlive.cfg
rawfile,default_splitscreen.cfg
rawfile,default_systemlink.cfg
rawfile,mp/recipes/dm.recipe
rawfile,mp/recipes/war.recipe
rawfile,mp/recipes/sd.recipe
rawfile,mp/recipes/dom.recipe
rawfile,mp/recipes/dd.recipe
rawfile,mp/recipes/conf.recipe
rawfile,mp/recipes/sr.recipe
rawfile,mp/recipes/cranked.recipe
rawfile,mp/recipes/blitz.recipe
rawfile,mp/recipes/grind.recipe
rawfile,mp/recipes/infect.recipe
rawfile,mp/recipes/sotf.recipe
rawfile,mp/recipes/sotf_ffa.recipe
rawfile,mp/recipes/horde.recipe
rawfile,mp/recipes/gun.recipe
rawfile,mp/recipes/grnd.recipe
rawfile,mp/recipes/siege.recipe
rawfile,mp/recipes/mlg_blitz.recipe
rawfile,mp/recipes/mlg_dom.recipe
rawfile,mp/recipes/mlg_sd.recipe
rawfile,mp/recipes/mlg_siege.recipe
techset,,2d
material,,$levelbriefing
material,,gradient_bottom
material,,img_load_bar_bg
material,,white
menu,connect
menufile,ui_mp/patch_menus.txt
leaderboarddef,LB_MP_ALIEN_TOWN_COOP_HC
leaderboarddef,LB_MP_ALIEN_ARMORY_COOP
leaderboarddef,LB_MP_ALIEN_ARMORY_SOLO
leaderboarddef,LB_MP_ALIEN_ARMORY_ESCAPES
leaderboarddef,LB_MP_ALIEN_ARMORY_COOP_HC
leaderboarddef,LB_MP_ALIEN_ARMORY_SOLO_HC
leaderboarddef,LB_MP_ALIEN_TOWN_SOLO_HC
leaderboarddef,LB_MP_ALIEN_BEACON_COOP
leaderboarddef,LB_MP_ALIEN_BEACON_SOLO
leaderboarddef,LB_MP_ALIEN_BEACON_ESCAPES
leaderboarddef,LB_MP_ALIEN_BEACON_COOP_HC
leaderboarddef,LB_MP_ALIEN_BEACON_SOLO_HC
leaderboarddef,LB_MP_ALIEN_TOWN_ESCAPES
leaderboarddef,LB_GB_ALIEN_CHAOS_SOLO
leaderboarddef,LB_GB_ALIEN_CHAOS_COOP
leaderboarddef,LB_MP_ALIEN_TOWN_CHAOS_SOLO
leaderboarddef,LB_MP_ALIEN_TOWN_CHAOS_COOP
leaderboarddef,LB_MP_ALIEN_ARMORY_CHAOS_SOLO
leaderboarddef,LB_MP_ALIEN_ARMORY_CHAOS_COOP
leaderboarddef,LB_MP_ALIEN_BEACON_CHAOS_SOLO
leaderboarddef,LB_MP_ALIEN_BEACON_CHAOS_COOP
leaderboarddef,LB_MP_ALIEN_DLC3_COOP
leaderboarddef,LB_MP_ALIEN_DLC3_SOLO
leaderboarddef,LB_MP_ALIEN_DLC3_ESCAPES
leaderboarddef,LB_MP_ALIEN_DLC3_COOP_HC
leaderboarddef,LB_MP_ALIEN_DLC3_SOLO_HC
leaderboarddef,LB_MP_ALIEN_DLC3_CHAOS_SOLO
leaderboarddef,LB_MP_ALIEN_DLC3_CHAOS_COOP
leaderboarddef,LB_MP_ALIEN_LAST_COOP
leaderboarddef,LB_MP_ALIEN_LAST_SOLO
leaderboarddef,LB_MP_ALIEN_LAST_ESCAPES
leaderboarddef,LB_MP_ALIEN_LAST_COOP_HC
leaderboarddef,LB_MP_ALIEN_LAST_SOLO_HC
leaderboarddef,LB_MP_ALIEN_LAST_CHAOS_SOLO
leaderboarddef,LB_MP_ALIEN_LAST_CHAOS_COOP
rawfile,thumbstick_southpaw_ns.cfg
rawfile,thumbstick_legacysouthpaw_ns.cfg
sndcurve,,$default
lpfcurve,,$default
reverbsendcurve,,$default
sound,music_mainmenu_mp
rawfile,start_up_aliens_mp.cfg
rawfile,start_up_core_mp.cfg
pixelshader,postfx_predator_thermal.hlsl
techset,postfx_predator_thermal
material,postfx_predator_thermal
