netconststrings,ncs_lui_patch_common_mp
netconststrings,ncs_snd_patch_common_mp
netconststrings,ncs_mat_patch_common_mp
scriptfile,927
scriptfile,923
scriptfile,919
scriptfile,920
scriptfile,921
scriptfile,914
scriptfile,922
scriptfile,917
scriptfile,916
scriptfile,915
scriptfile,1351
scriptfile,1354
scriptfile,1358
scriptfile,1353
scriptfile,1367
scriptfile,1366
scriptfile,1363
scriptfile,1368
scriptfile,1369
scriptfile,1364
scriptfile,1373
scriptfile,1357
scriptfile,1377
scriptfile,1380
scriptfile,1382
scriptfile,1385
scriptfile,1361
scriptfile,1376
scriptfile,1352
scriptfile,1365
scriptfile,1360
scriptfile,1383
scriptfile,1372
scriptfile,1371
scriptfile,1374
scriptfile,1355
scriptfile,1370
scriptfile,1381
scriptfile,1387
scriptfile,1572
scriptfile,1571
scriptfile,1466
scriptfile,1467
scriptfile,1468
scriptfile,1469
scriptfile,1471
scriptfile,1472
scriptfile,1474
scriptfile,1465
scriptfile,1475
scriptfile,1479
scriptfile,1477
scriptfile,1482
scriptfile,1486
scriptfile,1489
scriptfile,1488
scriptfile,1487
scriptfile,1492
scriptfile,1493
scriptfile,1494
scriptfile,1495
scriptfile,1496
scriptfile,1498
scriptfile,1499
scriptfile,1501
scriptfile,1502
scriptfile,1503
scriptfile,1505
scriptfile,1506
scriptfile,1504
scriptfile,1507
scriptfile,1508
scriptfile,1511
scriptfile,1509
scriptfile,1510
scriptfile,1476
scriptfile,1500
scriptfile,1470
scriptfile,1478
rawfile,info/mp_lochit_dmgtable
rawfile,info/bullet_penetration_mp
scriptfile,maps/mp/agents/_scriptedagents
scriptfile,1570
scriptfile,1497
scriptfile,1548
scriptfile,1516
scriptfile,1560
scriptfile,1564
scriptfile,1567
scriptfile,1558
scriptfile,1520
scriptfile,1521
scriptfile,1536
scriptfile,1539
scriptfile,1540
scriptfile,1541
scriptfile,1565
scriptfile,1538
scriptfile,1533
scriptfile,1553
scriptfile,1561
scriptfile,1524
scriptfile,1529
scriptfile,1527
scriptfile,1526
scriptfile,1528
scriptfile,1559
scriptfile,1566
scriptfile,1545
scriptfile,1555
scriptfile,1563
scriptfile,1547
scriptfile,1523
scriptfile,1514
scriptfile,1531
scriptfile,1569
scriptfile,1532
scriptfile,1534
scriptfile,1518
scriptfile,911
scriptfile,912
scriptfile,913
scriptfile,1379
xanim,mp_shield_crouch_walk_flash
xanim,mp_rpg_crouch_wpnswp_rpg2shld
xanim,mp_shield_grenade_pullout
xanim,mp_shield_grenade_throw
xanim,mp_shield_crouch_grenade_pullout
xanim,mp_shield_crouch_grenade_throw
rawfile,animtrees/multiplayer.atr
rawfile,mp/playeranimtypes.txt
techset,,2d
image,box_mlg_bg
material,box_mlg_bg
image,compass_mlg_cam1
material,compass_mlg_cam1
image,compass_mlg_cam2
material,compass_mlg_cam2
image,compass_mlg_cam3
material,compass_mlg_cam3
image,compass_mlg_cam4
material,compass_mlg_cam4
image,finalscore_icon_back_gray
material,finalscore_icon_back_gray
image,icon_mlg_cam
material,icon_mlg_cam
image,icon_mlg_cam1
material,icon_mlg_cam1
image,icon_mlg_cam2
material,icon_mlg_cam2
image,icon_mlg_cam3
material,icon_mlg_cam3
image,icon_mlg_cam4
material,icon_mlg_cam4
image,box_white_gradient_fade
material,box_white_gradient_fade
image,box_white_gradient_fade_rt
material,box_white_gradient_fade_rt
image,scoreboard_bar
material,hud_scoreboard_bar
image,compassping_mlg_highlight
material,cb_compassping_mlg_highlight
image,compassping_enemyfiring_mlg
material,cb_compassping_enemyfiring_mlg
image,alien_dpad_arrow_rt
material,alien_dpad_arrow_right
image,dpad_background_360
material,icon_hud_dpad
colorization,aftermath_near_color
colorization,aftermath_far_color
colorization,aftermath_low_clr
colorization,aftermath_mid_clr
colorization,aftermath_high_clr
colorizationset,aftermath_colorset
colorization,,default
colorizationset,aftermath_mid_clr
tonemapping,aftermath_tone
colorization,mp_strikezone_flash_near_color
colorization,mp_strikezone_flash_far_color
colorization,mp_strikezone_flash_low_color
colorization,mp_strikezone_flash_mid_color
colorization,mp_strikezone_flash_high_color
colorizationset,nuke_global_flash_colorset
tonemapping,nuke_global_flash_tone
vertexshader,position_only.hlsl
vertexdecl,pp.7
pixelshader,null.hlsl
vertexshader,blur_scene_scope_nc_vs.hlsl
vertexdecl,pp.ft0t0.3
pixelshader,blur_scene_scope_nc_ps.hlsl
techset,m_blur_scene_scope
image,,scope_reticle_thermal
image,,scope_reticle_nml
material,m/mtl_weapon_dualfov_thermal
techset,,m_l_sm_r0c0n0s0l0_nfwpf
techset,,mc_l_sm_r0c0s0l0_nfwpf
techset,,mc_unlit_add_lin_ndw_bl_blmod_custom_objective2_cltrans
material,,m/mtl_emergency_flare_iw6
material,,mc/lambert1
material,,mc/mtl_bombsquad
xmodelsurfs,emergency_flare_iw6_lod0101
xmodelsurfs,emergency_flare_iw6_lod1100
xmodelsurfs,emergency_flare_iw6_lod2100
xmodelsurfs,emergency_flare_iw6_lod3100
xmodelsurfs,emergency_flare_iw6_lod4100
xmodel,emergency_flare_iw6
image,hud_arrow_up
material,hud_arrow_up
image,hud_arrow_left
material,hud_arrow_left
image,hud_arrow_right
material,hud_arrow_right
image,hud_arrow_down
material,hud_arrow_down
image,widg_loading_triangle
material,widg_loading_triangle
rawfile,vision/aftermath_post.vision
image,icon_new_3
material,icon_new_3
rawfile,vision/aftermath_glow.vision
rawfile,vision/nuke_global_flash.vision
image,box_alien_intel_hud
material,box_alien_intel_hud
image,box_alien_intel_hud_overlay
material,box_alien_intel_hud_overlay
image,alien_icon_intel_hud_intercept
material,alien_icon_intel_hud_intercept
image,alien_icon_intel_hud_nightfall
material,alien_icon_intel_hud_nightfall
image,hud_killstreak_bar_half
material,hud_killstreak_bar_half
