techset,,2d
techset,,lit_2d
techset,,grain_overlay
techset,,effect_blend_lin_ndw_bl_abl
vertexshader,vertcol_simple_fog.hlsl
vertexdecl,pp.fcc0.ft0t0.3
pixelshader,vertcol_simple_add_lin_fog_addblend_ndw_blml_blmod.hlsl
vertexshader,,vertcol_untextured_nofog.hlsl
vertexdecl,pp.fcc0.f
pixelshader,,vertcol_untextured_lin_nofog.hlsl
techset,unlit_add_lin_ndw_bl_blmod_cltrans
techset,,mc_l_sm_r0c0s0l0_nfwpf
techset,,effect_zfeather_blend_tab_lin_ndw_bl_abl
techset,,effect_zfeather_blend_lin_ndw_bl_abl
techset,,m_l_sm_ndw_b0c0s0l0_cltrans
vertexshader,,position_only.hlsl
vertexdecl,pp.7
pixelshader,,null.hlsl
vertexshader,,vertcol_simple_mtlclr_nofog_nc.hlsl
vertexdecl,pp.ft0t0.3
pixelshader,,vertcol_shaded_nofog_lin_nc.hlsl
vertexshader,,lpo_sm_l0n_nofog_s_tc0_nc_sm5.hlsl
vertexdecl,pp.ft0t0.3nn.f
pixelshader,,lpo_sm_l0n_nofog_r0c0s0l0_nc_blm_sm5.hlsl
pixelshader,,lpo_sm_l0d_nofog_r0c0s0l0_nc_blm_sm5.hlsl
vertexshader,,lpo_sm_l0d_l0sd_nofog_s_tc0_nc_sm5.hlsl
pixelshader,,lpo_sm_l0d_l0sd_nofog_r0c0s0l0_nc_blm_sm5.hlsl
pixelshader,,lpo_sm_l0s_nofog_r0c0s0l0_nc_blm_sm5.hlsl
pixelshader,,lpo_sm_l0s_l0ss_nofog_r0c0s0l0_nc_blm_sm5.hlsl
pixelshader,,lpo_sm_l0o_nofog_r0c0s0l0_nc_blm_sm5.hlsl
pixelshader,,lpo_sm_l0o_l0ss_nofog_r0c0s0l0_nc_blm_sm5.hlsl
vertexshader,,lpo_sm_l0d_l1s_nofog_s_tc0_nc_sm5.hlsl
pixelshader,,lpo_sm_l0d_l1s_nofog_r0c0s0l0_nc_blm_sm5.hlsl
vertexshader,,lpo_sm_l0d_l1s_l1ss_nofog_s_tc0_nc_sm5.hlsl
pixelshader,,lpo_sm_l0d_l1s_l1ss_nofog_r0c0s0l0_nc_blm_sm5.hlsl
pixelshader,,lpo_sm_l0d_l1o_nofog_r0c0s0l0_nc_blm_sm5.hlsl
pixelshader,,lpo_sm_l0d_l1o_l1ss_nofog_r0c0s0l0_nc_blm_sm5.hlsl
vertexshader,,lpo_sm_l0d_l0sd_l1s_nofog_s_tc0_nc_sm5.hlsl
pixelshader,,lpo_sm_l0d_l0sd_l1s_nofog_r0c0s0l0_nc_blm_sm5.hlsl
vertexshader,,lpo_sm_l0d_l0sd_l1s_l1ss_nofog_s_tc0_nc_sm5.hlsl
pixelshader,,lpo_sm_l0d_l0sd_l1s_l1ss_nofog_r0c0s0l0_nc_blm_sm5.hlsl
pixelshader,,lpo_sm_l0d_l0sd_l1o_nofog_r0c0s0l0_nc_blm_sm5.hlsl
pixelshader,,lpo_sm_l0d_l0sd_l1o_l1ss_nofog_r0c0s0l0_nc_blm_sm5.hlsl
pixelshader,,lpo_sm_l0s_l1s_nofog_r0c0s0l0_nc_blm_sm5.hlsl
pixelshader,,lpo_sm_l0s_l1s_l1ss_nofog_r0c0s0l0_nc_blm_sm5.hlsl
pixelshader,,lpo_sm_l0s_l1o_nofog_r0c0s0l0_nc_blm_sm5.hlsl
pixelshader,,lpo_sm_l0s_l1o_l1ss_nofog_r0c0s0l0_nc_blm_sm5.hlsl
pixelshader,,lpo_sm_l0s_l0ss_l1s_nofog_r0c0s0l0_nc_blm_sm5.hlsl
pixelshader,,lpo_sm_l0s_l0ss_l1s_l1ss_nofog_r0c0s0l0_nc_blm_sm5.hlsl
pixelshader,,lpo_sm_l0s_l0ss_l1o_nofog_r0c0s0l0_nc_blm_sm5.hlsl
pixelshader,,lpo_sm_l0s_l0ss_l1o_l1ss_nofog_r0c0s0l0_nc_blm_sm5.hlsl
pixelshader,,lpo_sm_l0o_l1o_nofog_r0c0s0l0_nc_blm_sm5.hlsl
pixelshader,,lpo_sm_l0o_l1o_l1ss_nofog_r0c0s0l0_nc_blm_sm5.hlsl
pixelshader,,lpo_sm_l0o_l0ss_l1o_nofog_r0c0s0l0_nc_blm_sm5.hlsl
pixelshader,,lpo_sm_l0o_l0ss_l1o_l1ss_nofog_r0c0s0l0_nc_blm_sm5.hlsl
vertexshader,,lpo_sm_ldbsm_nofog_s_tc0_nc_sm5.hlsl
pixelshader,,lpo_sm_ldbsm_nofog_r0c0s0l0_nc_blm_sm5.hlsl
pixelshader,,lpo_sm_ldb_sunsm_nofog_r0c0s0l0_nc_blm_sm5.hlsl
vertexshader,,l_point_tc0_nc.hlsl
pixelshader,,l_spot_r0c0_nc.hlsl
pixelshader,,l_omni_r0c0_nc.hlsl
vertexshader,,l_point_l0s2_sm_tc0_nc.hlsl
pixelshader,,l_spot_l0s2_sm_r0c0_nc.hlsl
vertexshader,,vertcol_untextured_nc_nofog.hlsl
vertexdecl,pp.f
vertexshader,velocity_sm_nofog_sm3_vrigid.hlsl
pixelshader,velocity_sm_nofog_sm3_vrigid.hlsl
vertexshader,velocity_sm_nofog_sm3_vskinned.hlsl
vertexshader,,debug_normals_nc.hlsl
vertexdecl,pp.ft0t0.3nn.7tt1.7
pixelshader,debug_normals.hlsl
vertexshader,,instanced_position_only.hlsl
vertexshader,,vertcol_simple_i_mtlclr_nofog_nc.hlsl
vertexshader,,lpo_sm_l0n_i_nofog_s_tc0_nc_sm5.hlsl
vertexshader,,lpo_sm_l0d_l0sd_i_nofog_s_tc0_nc_sm5.hlsl
vertexshader,,lpo_sm_l0d_l1s_i_nofog_s_tc0_nc_sm5.hlsl
vertexshader,,lpo_sm_l0d_l1s_l1ss_i_nofog_s_tc0_nc_sm5.hlsl
vertexshader,,lpo_sm_l0d_l0sd_l1s_i_nofog_s_tc0_nc_sm5.hlsl
vertexshader,,lpo_sm_l0d_l0sd_l1s_l1ss_i_nofog_s_tc0_nc_sm5.hlsl
vertexshader,,lpo_sm_ldbsm_i_nofog_s_tc0_nc_sm5.hlsl
vertexshader,,l_point_i_tc0_nc.hlsl
vertexshader,,l_point_i_l0s2_sm_tc0_nc.hlsl
vertexshader,,vertcol_untextured_i_nc_nofog.hlsl
vertexshader,,debug_normals_i_nc.hlsl
techset,m_l_sm_heat_r0c0s0l0_nfwpf
techset,,m_l_sm_r0c0n0s0l0p0_nfwpf
techset,,m_l_sm_ndw_b0c0n0s0l0_cltrans
techset,,ms_l_sm_r0c0n0s0l0_nfwpf
techset,,m_l_sm_r0c0n0s0l0_nfwpf
techset,,effect_add_lin_ndw_bl_blmod
techset,,distortion_scale
vertexshader,,lpo_sm_l0n_nofog_s_tc0n0_nc_sm5.hlsl
vertexdecl,pp.ft0t0.3nn.ftt2.f
pixelshader,lpo_sm_l0n_nofog_r0c0q0n0s0l0px_nc_blm_sm5.hlsl
pixelshader,lpo_sm_l0d_nofog_r0c0q0n0s0l0px_nc_blm_sm5.hlsl
vertexshader,,lpo_sm_l0d_l0sd_nofog_s_tc0n0_nc_sm5.hlsl
pixelshader,lpo_sm_l0d_l0sd_nofog_r0c0q0n0s0l0px_nc_blm_sm5.hlsl
pixelshader,lpo_sm_l0s_nofog_r0c0q0n0s0l0px_nc_blm_sm5.hlsl
pixelshader,lpo_sm_l0s_l0ss_nofog_r0c0q0n0s0l0px_nc_blm_sm5.hlsl
pixelshader,lpo_sm_l0o_nofog_r0c0q0n0s0l0px_nc_blm_sm5.hlsl
pixelshader,lpo_sm_l0o_l0ss_nofog_r0c0q0n0s0l0px_nc_blm_sm5.hlsl
vertexshader,,lpo_sm_l0d_l1s_nofog_s_tc0n0_nc_sm5.hlsl
pixelshader,lpo_sm_l0d_l1s_nofog_r0c0q0n0s0l0px_nc_blm_sm5.hlsl
vertexshader,,lpo_sm_l0d_l1s_l1ss_nofog_s_tc0n0_nc_sm5.hlsl
pixelshader,lpo_sm_l0d_l1s_l1ss_nofog_r0c0q0n0s0l0px_nc_blm_sm5.hlsl
pixelshader,lpo_sm_l0d_l1o_nofog_r0c0q0n0s0l0px_nc_blm_sm5.hlsl
pixelshader,lpo_sm_l0d_l1o_l1ss_nofog_r0c0q0n0s0l0px_nc_blm_sm5.hlsl
vertexshader,,lpo_sm_l0d_l0sd_l1s_nofog_s_tc0n0_nc_sm5.hlsl
pixelshader,lpo_sm_l0d_l0sd_l1s_nofog_r0c0q0n0s0l0px_nc_blm_sm5.hlsl
vertexshader,,lpo_sm_l0d_l0sd_l1s_l1ss_nofog_s_tc0n0_nc_sm5.hlsl
pixelshader,lpo_sm_l0d_l0sd_l1s_l1ss_nofog_r0c0q0n0s0l0px_nc_blm_sm5.hlsl
pixelshader,lpo_sm_l0d_l0sd_l1o_nofog_r0c0q0n0s0l0px_nc_blm_sm5.hlsl
pixelshader,lpo_sm_l0d_l0sd_l1o_l1ss_nofog_r0c0q0n0s0l0px_nc_blm_sm5.hlsl
pixelshader,lpo_sm_l0s_l1s_nofog_r0c0q0n0s0l0px_nc_blm_sm5.hlsl
pixelshader,lpo_sm_l0s_l1s_l1ss_nofog_r0c0q0n0s0l0px_nc_blm_sm5.hlsl
pixelshader,lpo_sm_l0s_l1o_nofog_r0c0q0n0s0l0px_nc_blm_sm5.hlsl
pixelshader,lpo_sm_l0s_l1o_l1ss_nofog_r0c0q0n0s0l0px_nc_blm_sm5.hlsl
pixelshader,lpo_sm_l0s_l0ss_l1s_nofog_r0c0q0n0s0l0px_nc_blm_sm5.hlsl
pixelshader,lpo_sm_l0s_l0ss_l1s_l1ss_nofog_r0c0q0n0s0l0px_nc_blm_sm5.hlsl
pixelshader,lpo_sm_l0s_l0ss_l1o_nofog_r0c0q0n0s0l0px_nc_blm_sm5.hlsl
pixelshader,lpo_sm_l0s_l0ss_l1o_l1ss_nofog_r0c0q0n0s0l0px_nc_blm_sm5.hlsl
pixelshader,lpo_sm_l0o_l1o_nofog_r0c0q0n0s0l0px_nc_blm_sm5.hlsl
pixelshader,lpo_sm_l0o_l1o_l1ss_nofog_r0c0q0n0s0l0px_nc_blm_sm5.hlsl
pixelshader,lpo_sm_l0o_l0ss_l1o_nofog_r0c0q0n0s0l0px_nc_blm_sm5.hlsl
pixelshader,lpo_sm_l0o_l0ss_l1o_l1ss_nofog_r0c0q0n0s0l0px_nc_blm_sm5.hlsl
vertexshader,,lpo_sm_ldbsm_nofog_s_tc0n0_nc_sm5.hlsl
pixelshader,lpo_sm_ldbsm_nofog_r0c0q0n0s0l0px_nc_blm_sm5.hlsl
pixelshader,lpo_sm_ldb_sunsm_nofog_r0c0q0n0s0l0px_nc_blm_sm5.hlsl
vertexshader,,l_point_tc0n0_nc.hlsl
pixelshader,l_spot_mdet_r0c0q0n0_nc.hlsl
pixelshader,l_omni_mdet_r0c0q0n0_nc.hlsl
vertexshader,,l_point_l0s2_sm_tc0n0_nc.hlsl
pixelshader,l_spot_l0s2_sm_mdet_r0c0q0n0_nc.hlsl
vertexshader,,lpo_sm_l0n_i_nofog_s_tc0n0_nc_sm5.hlsl
vertexshader,,lpo_sm_l0d_l0sd_i_nofog_s_tc0n0_nc_sm5.hlsl
vertexshader,,lpo_sm_l0d_l1s_i_nofog_s_tc0n0_nc_sm5.hlsl
vertexshader,,lpo_sm_l0d_l1s_l1ss_i_nofog_s_tc0n0_nc_sm5.hlsl
vertexshader,,lpo_sm_l0d_l0sd_l1s_i_nofog_s_tc0n0_nc_sm5.hlsl
vertexshader,,lpo_sm_l0d_l0sd_l1s_l1ss_i_nofog_s_tc0n0_nc_sm5.hlsl
vertexshader,,lpo_sm_ldbsm_i_nofog_s_tc0n0_nc_sm5.hlsl
vertexshader,,l_point_i_tc0n0_nc.hlsl
vertexshader,,l_point_i_l0s2_sm_tc0n0_nc.hlsl
techset,m_l_sm_r0c0q0n0s0l0p0_nfwpf
techset,,effect_zfeather_add_lin_nofog_ndw_bl_blmod
techset,,effect_blend_tab_lin_ndw_bl_abl
techset,,effect_zfeather_add_lin_ndw_bl_blmod
techset,,effect_add_lin_nofog_ndw_bl_blmod
techset,,mc_l_sm_ndw_b0c0s0l0_cltrans
vertexshader,,vertcol_simple_mtlclr_fog_nc.hlsl
pixelshader,vertcol_shaded_fog_ndw_lin_nc.hlsl
vertexshader,,lpo_sm_l0n_fog_tc0_nc_sm5.hlsl
pixelshader,lpo_sm_l0n_ndw_fog_b0c0l0_nc_blm_sm5.hlsl
pixelshader,lpo_sm_l0d_ndw_fog_b0c0l0_nc_blm_sm5.hlsl
vertexshader,,lpo_sm_l0d_l0sd_fog_tc0_nc_sm5.hlsl
pixelshader,lpo_sm_l0d_l0sd_ndw_fog_b0c0l0_nc_blm_sm5.hlsl
vertexshader,,lpo_sm_l0s_fog_tc0_nc_sm5.hlsl
pixelshader,lpo_sm_l0s_ndw_fog_b0c0l0_nc_blm_sm5.hlsl
pixelshader,lpo_sm_l0s_l0ss_ndw_fog_b0c0l0_nc_blm_sm5.hlsl
pixelshader,lpo_sm_l0o_ndw_fog_b0c0l0_nc_blm_sm5.hlsl
pixelshader,lpo_sm_l0o_l0ss_ndw_fog_b0c0l0_nc_blm_sm5.hlsl
vertexshader,,lpo_sm_l0d_l1s_fog_tc0_nc_sm5.hlsl
pixelshader,lpo_sm_l0d_l1s_ndw_fog_b0c0l0_nc_blm_sm5.hlsl
vertexshader,,lpo_sm_l0d_l1s_l1ss_fog_tc0_nc_sm5.hlsl
pixelshader,lpo_sm_l0d_l1s_l1ss_ndw_fog_b0c0l0_nc_blm_sm5.hlsl
pixelshader,lpo_sm_l0d_l1o_ndw_fog_b0c0l0_nc_blm_sm5.hlsl
pixelshader,lpo_sm_l0d_l1o_l1ss_ndw_fog_b0c0l0_nc_blm_sm5.hlsl
vertexshader,,lpo_sm_l0d_l0sd_l1s_fog_tc0_nc_sm5.hlsl
pixelshader,lpo_sm_l0d_l0sd_l1s_ndw_fog_b0c0l0_nc_blm_sm5.hlsl
vertexshader,,lpo_sm_l0d_l0sd_l1s_l1ss_fog_tc0_nc_sm5.hlsl
pixelshader,lpo_sm_l0d_l0sd_l1s_l1ss_ndw_fog_b0c0l0_nc_blm_sm5.hlsl
pixelshader,lpo_sm_l0d_l0sd_l1o_ndw_fog_b0c0l0_nc_blm_sm5.hlsl
pixelshader,lpo_sm_l0d_l0sd_l1o_l1ss_ndw_fog_b0c0l0_nc_blm_sm5.hlsl
pixelshader,lpo_sm_l0s_l1s_ndw_fog_b0c0l0_nc_blm_sm5.hlsl
pixelshader,lpo_sm_l0s_l1s_l1ss_ndw_fog_b0c0l0_nc_blm_sm5.hlsl
pixelshader,lpo_sm_l0s_l1o_ndw_fog_b0c0l0_nc_blm_sm5.hlsl
pixelshader,lpo_sm_l0s_l1o_l1ss_ndw_fog_b0c0l0_nc_blm_sm5.hlsl
pixelshader,lpo_sm_l0s_l0ss_l1s_ndw_fog_b0c0l0_nc_blm_sm5.hlsl
pixelshader,lpo_sm_l0s_l0ss_l1s_l1ss_ndw_fog_b0c0l0_nc_blm_sm5.hlsl
pixelshader,lpo_sm_l0s_l0ss_l1o_ndw_fog_b0c0l0_nc_blm_sm5.hlsl
pixelshader,lpo_sm_l0s_l0ss_l1o_l1ss_ndw_fog_b0c0l0_nc_blm_sm5.hlsl
pixelshader,lpo_sm_l0o_l1o_ndw_fog_b0c0l0_nc_blm_sm5.hlsl
pixelshader,lpo_sm_l0o_l1o_l1ss_ndw_fog_b0c0l0_nc_blm_sm5.hlsl
pixelshader,lpo_sm_l0o_l0ss_l1o_ndw_fog_b0c0l0_nc_blm_sm5.hlsl
pixelshader,lpo_sm_l0o_l0ss_l1o_l1ss_ndw_fog_b0c0l0_nc_blm_sm5.hlsl
vertexshader,,lpo_sm_ldbsm_fog_tc0_nc_sm5.hlsl
pixelshader,lpo_sm_ldbsm_ndw_fog_b0c0l0_nc_blm_sm5.hlsl
pixelshader,lpo_sm_ldb_sunsm_ndw_fog_b0c0l0_nc_blm_sm5.hlsl
vertexshader,,lpo_sm_l0n_dfog_tc0_nc_sm5.hlsl
pixelshader,lpo_sm_l0n_ndw_dfog_b0c0l0_nc_blm_sm5.hlsl
pixelshader,lpo_sm_l0d_ndw_dfog_b0c0l0_nc_blm_sm5.hlsl
vertexshader,,lpo_sm_l0d_l0sd_dfog_tc0_nc_sm5.hlsl
pixelshader,lpo_sm_l0d_l0sd_ndw_dfog_b0c0l0_nc_blm_sm5.hlsl
pixelshader,lpo_sm_l0s_ndw_dfog_b0c0l0_nc_blm_sm5.hlsl
pixelshader,lpo_sm_l0s_l0ss_ndw_dfog_b0c0l0_nc_blm_sm5.hlsl
pixelshader,lpo_sm_l0o_ndw_dfog_b0c0l0_nc_blm_sm5.hlsl
pixelshader,lpo_sm_l0o_l0ss_ndw_dfog_b0c0l0_nc_blm_sm5.hlsl
vertexshader,,lpo_sm_l0d_l1s_dfog_tc0_nc_sm5.hlsl
pixelshader,lpo_sm_l0d_l1s_ndw_dfog_b0c0l0_nc_blm_sm5.hlsl
vertexshader,,lpo_sm_l0d_l1s_l1ss_dfog_tc0_nc_sm5.hlsl
pixelshader,lpo_sm_l0d_l1s_l1ss_ndw_dfog_b0c0l0_nc_blm_sm5.hlsl
pixelshader,lpo_sm_l0d_l1o_ndw_dfog_b0c0l0_nc_blm_sm5.hlsl
pixelshader,lpo_sm_l0d_l1o_l1ss_ndw_dfog_b0c0l0_nc_blm_sm5.hlsl
vertexshader,,lpo_sm_l0d_l0sd_l1s_dfog_tc0_nc_sm5.hlsl
pixelshader,lpo_sm_l0d_l0sd_l1s_ndw_dfog_b0c0l0_nc_blm_sm5.hlsl
vertexshader,,lpo_sm_l0d_l0sd_l1s_l1ss_dfog_tc0_nc_sm5.hlsl
pixelshader,lpo_sm_l0d_l0sd_l1s_l1ss_ndw_dfog_b0c0l0_nc_blm_sm5.hlsl
pixelshader,lpo_sm_l0d_l0sd_l1o_ndw_dfog_b0c0l0_nc_blm_sm5.hlsl
pixelshader,lpo_sm_l0d_l0sd_l1o_l1ss_ndw_dfog_b0c0l0_nc_blm_sm5.hlsl
pixelshader,lpo_sm_l0s_l1s_ndw_dfog_b0c0l0_nc_blm_sm5.hlsl
pixelshader,lpo_sm_l0s_l1s_l1ss_ndw_dfog_b0c0l0_nc_blm_sm5.hlsl
pixelshader,lpo_sm_l0s_l1o_ndw_dfog_b0c0l0_nc_blm_sm5.hlsl
pixelshader,lpo_sm_l0s_l1o_l1ss_ndw_dfog_b0c0l0_nc_blm_sm5.hlsl
pixelshader,lpo_sm_l0s_l0ss_l1s_ndw_dfog_b0c0l0_nc_blm_sm5.hlsl
pixelshader,lpo_sm_l0s_l0ss_l1s_l1ss_ndw_dfog_b0c0l0_nc_blm_sm5.hlsl
pixelshader,lpo_sm_l0s_l0ss_l1o_ndw_dfog_b0c0l0_nc_blm_sm5.hlsl
pixelshader,lpo_sm_l0s_l0ss_l1o_l1ss_ndw_dfog_b0c0l0_nc_blm_sm5.hlsl
pixelshader,lpo_sm_l0o_l1o_ndw_dfog_b0c0l0_nc_blm_sm5.hlsl
pixelshader,lpo_sm_l0o_l1o_l1ss_ndw_dfog_b0c0l0_nc_blm_sm5.hlsl
pixelshader,lpo_sm_l0o_l0ss_l1o_ndw_dfog_b0c0l0_nc_blm_sm5.hlsl
pixelshader,lpo_sm_l0o_l0ss_l1o_l1ss_ndw_dfog_b0c0l0_nc_blm_sm5.hlsl
vertexshader,,lpo_sm_ldbsm_dfog_tc0_nc_sm5.hlsl
pixelshader,lpo_sm_ldbsm_ndw_dfog_b0c0l0_nc_blm_sm5.hlsl
pixelshader,lpo_sm_ldb_sunsm_ndw_dfog_b0c0l0_nc_blm_sm5.hlsl
pixelshader,,l_spot_ndw_b0c0_nc.hlsl
pixelshader,,l_omni_ndw_b0c0_nc.hlsl
pixelshader,,l_spot_ndw_l0s2_sm_b0c0_nc.hlsl
vertexshader,,vertcol_simple_i_mtlclr_fog_nc.hlsl
vertexshader,,lpo_sm_l0n_i_fog_tc0_nc_sm5.hlsl
vertexshader,,lpo_sm_l0d_l0sd_i_fog_tc0_nc_sm5.hlsl
vertexshader,,lpo_sm_l0s_i_fog_tc0_nc_sm5.hlsl
vertexshader,,lpo_sm_l0d_l1s_i_fog_tc0_nc_sm5.hlsl
vertexshader,,lpo_sm_l0d_l1s_l1ss_i_fog_tc0_nc_sm5.hlsl
vertexshader,,lpo_sm_l0d_l0sd_l1s_i_fog_tc0_nc_sm5.hlsl
vertexshader,,lpo_sm_l0d_l0sd_l1s_l1ss_i_fog_tc0_nc_sm5.hlsl
vertexshader,,lpo_sm_ldbsm_i_fog_tc0_nc_sm5.hlsl
vertexshader,,lpo_sm_l0n_i_dfog_tc0_nc_sm5.hlsl
vertexshader,,lpo_sm_l0d_l0sd_i_dfog_tc0_nc_sm5.hlsl
vertexshader,,lpo_sm_l0d_l1s_i_dfog_tc0_nc_sm5.hlsl
vertexshader,,lpo_sm_l0d_l1s_l1ss_i_dfog_tc0_nc_sm5.hlsl
vertexshader,,lpo_sm_l0d_l0sd_l1s_i_dfog_tc0_nc_sm5.hlsl
vertexshader,,lpo_sm_l0d_l0sd_l1s_l1ss_i_dfog_tc0_nc_sm5.hlsl
vertexshader,,lpo_sm_ldbsm_i_dfog_tc0_nc_sm5.hlsl
techset,m_l_sm_ndw_b0c0l0_cltrans
techset,,mc_l_sm_ndw_b0c0s0l0p0_cltrans
techset,,mc_l_sm_ndw_b0c0n0s0l0_cltrans
vertexshader,vertcol_simple_atest_fog_clg_nc.hlsl
pixelshader,vertcol_simple_atest_fog_blml_lin_clg_nc.hlsl
vertexshader,vertcol_simple_atest_dfog_clg_nc.hlsl
pixelshader,vertcol_simple_atest_dfog_blml_lin_clg_nc.hlsl
techset,m_effect_atest_lin_bl
vertexshader,,vertcol_simple_vs_atest_nc.hlsl
pixelshader,,vertcol_simple_atest_nc.hlsl
vertexshader,,vertcol_simple_atest_mtlclr_nofog_nc.hlsl
pixelshader,,vertcol_shaded_atest_nofog_lin_nc.hlsl
pixelshader,lpo_sm_l0n_nofog_t0c0s0l0_nc_blm_sm5.hlsl
pixelshader,lpo_sm_l0d_nofog_t0c0s0l0_nc_blm_sm5.hlsl
pixelshader,lpo_sm_l0d_l0sd_nofog_t0c0s0l0_nc_blm_sm5.hlsl
pixelshader,lpo_sm_l0s_nofog_t0c0s0l0_nc_blm_sm5.hlsl
pixelshader,lpo_sm_l0s_l0ss_nofog_t0c0s0l0_nc_blm_sm5.hlsl
pixelshader,lpo_sm_l0o_nofog_t0c0s0l0_nc_blm_sm5.hlsl
pixelshader,lpo_sm_l0o_l0ss_nofog_t0c0s0l0_nc_blm_sm5.hlsl
pixelshader,lpo_sm_l0d_l1s_nofog_t0c0s0l0_nc_blm_sm5.hlsl
pixelshader,lpo_sm_l0d_l1s_l1ss_nofog_t0c0s0l0_nc_blm_sm5.hlsl
pixelshader,lpo_sm_l0d_l1o_nofog_t0c0s0l0_nc_blm_sm5.hlsl
pixelshader,lpo_sm_l0d_l1o_l1ss_nofog_t0c0s0l0_nc_blm_sm5.hlsl
pixelshader,lpo_sm_l0d_l0sd_l1s_nofog_t0c0s0l0_nc_blm_sm5.hlsl
pixelshader,lpo_sm_l0d_l0sd_l1s_l1ss_nofog_t0c0s0l0_nc_blm_sm5.hlsl
pixelshader,lpo_sm_l0d_l0sd_l1o_nofog_t0c0s0l0_nc_blm_sm5.hlsl
pixelshader,lpo_sm_l0d_l0sd_l1o_l1ss_nofog_t0c0s0l0_nc_blm_sm5.hlsl
pixelshader,lpo_sm_l0s_l1s_nofog_t0c0s0l0_nc_blm_sm5.hlsl
pixelshader,lpo_sm_l0s_l1s_l1ss_nofog_t0c0s0l0_nc_blm_sm5.hlsl
pixelshader,lpo_sm_l0s_l1o_nofog_t0c0s0l0_nc_blm_sm5.hlsl
pixelshader,lpo_sm_l0s_l1o_l1ss_nofog_t0c0s0l0_nc_blm_sm5.hlsl
pixelshader,lpo_sm_l0s_l0ss_l1s_nofog_t0c0s0l0_nc_blm_sm5.hlsl
pixelshader,lpo_sm_l0s_l0ss_l1s_l1ss_nofog_t0c0s0l0_nc_blm_sm5.hlsl
pixelshader,lpo_sm_l0s_l0ss_l1o_nofog_t0c0s0l0_nc_blm_sm5.hlsl
pixelshader,lpo_sm_l0s_l0ss_l1o_l1ss_nofog_t0c0s0l0_nc_blm_sm5.hlsl
pixelshader,lpo_sm_l0o_l1o_nofog_t0c0s0l0_nc_blm_sm5.hlsl
pixelshader,lpo_sm_l0o_l1o_l1ss_nofog_t0c0s0l0_nc_blm_sm5.hlsl
pixelshader,lpo_sm_l0o_l0ss_l1o_nofog_t0c0s0l0_nc_blm_sm5.hlsl
pixelshader,lpo_sm_l0o_l0ss_l1o_l1ss_nofog_t0c0s0l0_nc_blm_sm5.hlsl
pixelshader,lpo_sm_ldbsm_nofog_t0c0s0l0_nc_blm_sm5.hlsl
pixelshader,lpo_sm_ldb_sunsm_nofog_t0c0s0l0_nc_blm_sm5.hlsl
pixelshader,,l_spot_t0c0_nc.hlsl
pixelshader,,l_omni_t0c0_nc.hlsl
pixelshader,,l_spot_l0s2_sm_t0c0_nc.hlsl
vertexshader,,vertcol_simple_vs_i_atest_nc.hlsl
vertexshader,,vertcol_simple_i_atest_mtlclr_nofog_nc.hlsl
techset,m_l_sm_heat_t0c0s0l0_nocast_nfwpf
techset,,effect_zfeather_add_lin_nofog_eyeoffset_ndw_bl_blmod
techset,,effect_blend_lin_nofog_ndw_bl_abl
techset,,effect_zfeather_premul_tab_lin_ndw_bl_abl
techset,,effect_falloff_blend_lin_ndw_bl_abl
techset,,m_l_sm_r0c0l0_nfwpf
techset,,effect_zfeather_premul_lin_eyeoffset_ndw_bl_abl
techset,,m_l_sm_ndw_b0c0s0l0p0_cltrans
techset,,m_l_sm_r0c0s0l0_nfwpf
vertexshader,,vertcol_simple_fog_nc.hlsl
pixelshader,,vertcol_simple_add_lin_fog_addblend_ndw_blml_blmod_nc.hlsl
vertexshader,,vertcol_simple_i_fog_nc.hlsl
techset,m_unlit_add_lin_ndw_bl_blmod_cltrans
vertexshader,,vertcol_simple_foa_clgnb.hlsl
vertexdecl,pp.fcc0.ft0t0.3nn.7
pixelshader,,vertcol_simple_screen_lin_addblend_ndw_foa_blml_clgnb.hlsl
techset,effect_falloff_screen_lin_nofog_ndw_bl
vertexshader,,lpo_sm_l0n_nofog_tc0_nc_sm5.hlsl
pixelshader,,lpo_sm_l0n_nofog_r0c0l0_nc_blm_sm5.hlsl
pixelshader,,lpo_sm_l0d_nofog_r0c0l0_nc_blm_sm5.hlsl
vertexshader,,lpo_sm_l0d_l0sd_nofog_tc0_nc_sm5.hlsl
pixelshader,,lpo_sm_l0d_l0sd_nofog_r0c0l0_nc_blm_sm5.hlsl
vertexshader,,lpo_sm_l0s_nofog_tc0_nc_sm5.hlsl
pixelshader,,lpo_sm_l0s_nofog_r0c0l0_nc_blm_sm5.hlsl
pixelshader,,lpo_sm_l0s_l0ss_nofog_r0c0l0_nc_blm_sm5.hlsl
pixelshader,,lpo_sm_l0o_nofog_r0c0l0_nc_blm_sm5.hlsl
pixelshader,,lpo_sm_l0o_l0ss_nofog_r0c0l0_nc_blm_sm5.hlsl
vertexshader,,lpo_sm_l0d_l1s_nofog_tc0_nc_sm5.hlsl
pixelshader,,lpo_sm_l0d_l1s_nofog_r0c0l0_nc_blm_sm5.hlsl
vertexshader,,lpo_sm_l0d_l1s_l1ss_nofog_tc0_nc_sm5.hlsl
pixelshader,,lpo_sm_l0d_l1s_l1ss_nofog_r0c0l0_nc_blm_sm5.hlsl
pixelshader,,lpo_sm_l0d_l1o_nofog_r0c0l0_nc_blm_sm5.hlsl
pixelshader,,lpo_sm_l0d_l1o_l1ss_nofog_r0c0l0_nc_blm_sm5.hlsl
vertexshader,,lpo_sm_l0d_l0sd_l1s_nofog_tc0_nc_sm5.hlsl
pixelshader,,lpo_sm_l0d_l0sd_l1s_nofog_r0c0l0_nc_blm_sm5.hlsl
vertexshader,,lpo_sm_l0d_l0sd_l1s_l1ss_nofog_tc0_nc_sm5.hlsl
pixelshader,,lpo_sm_l0d_l0sd_l1s_l1ss_nofog_r0c0l0_nc_blm_sm5.hlsl
pixelshader,,lpo_sm_l0d_l0sd_l1o_nofog_r0c0l0_nc_blm_sm5.hlsl
pixelshader,,lpo_sm_l0d_l0sd_l1o_l1ss_nofog_r0c0l0_nc_blm_sm5.hlsl
pixelshader,,lpo_sm_l0s_l1s_nofog_r0c0l0_nc_blm_sm5.hlsl
pixelshader,,lpo_sm_l0s_l1s_l1ss_nofog_r0c0l0_nc_blm_sm5.hlsl
pixelshader,,lpo_sm_l0s_l1o_nofog_r0c0l0_nc_blm_sm5.hlsl
pixelshader,,lpo_sm_l0s_l1o_l1ss_nofog_r0c0l0_nc_blm_sm5.hlsl
pixelshader,,lpo_sm_l0s_l0ss_l1s_nofog_r0c0l0_nc_blm_sm5.hlsl
pixelshader,,lpo_sm_l0s_l0ss_l1s_l1ss_nofog_r0c0l0_nc_blm_sm5.hlsl
pixelshader,,lpo_sm_l0s_l0ss_l1o_nofog_r0c0l0_nc_blm_sm5.hlsl
pixelshader,,lpo_sm_l0s_l0ss_l1o_l1ss_nofog_r0c0l0_nc_blm_sm5.hlsl
pixelshader,,lpo_sm_l0o_l1o_nofog_r0c0l0_nc_blm_sm5.hlsl
pixelshader,,lpo_sm_l0o_l1o_l1ss_nofog_r0c0l0_nc_blm_sm5.hlsl
pixelshader,,lpo_sm_l0o_l0ss_l1o_nofog_r0c0l0_nc_blm_sm5.hlsl
pixelshader,,lpo_sm_l0o_l0ss_l1o_l1ss_nofog_r0c0l0_nc_blm_sm5.hlsl
vertexshader,,lpo_sm_ldbsm_nofog_tc0_nc_sm5.hlsl
pixelshader,,lpo_sm_ldbsm_nofog_r0c0l0_nc_blm_sm5.hlsl
pixelshader,,lpo_sm_ldb_sunsm_nofog_r0c0l0_nc_blm_sm5.hlsl
vertexshader,,lpo_sm_l0n_i_nofog_tc0_nc_sm5.hlsl
vertexshader,,lpo_sm_l0d_l0sd_i_nofog_tc0_nc_sm5.hlsl
vertexshader,,lpo_sm_l0s_i_nofog_tc0_nc_sm5.hlsl
vertexshader,,lpo_sm_l0d_l1s_i_nofog_tc0_nc_sm5.hlsl
vertexshader,,lpo_sm_l0d_l1s_l1ss_i_nofog_tc0_nc_sm5.hlsl
vertexshader,,lpo_sm_l0d_l0sd_l1s_i_nofog_tc0_nc_sm5.hlsl
vertexshader,,lpo_sm_l0d_l0sd_l1s_l1ss_i_nofog_tc0_nc_sm5.hlsl
vertexshader,,lpo_sm_ldbsm_i_nofog_tc0_nc_sm5.hlsl
techset,m_l_sm_r0c0l0p0_nfwpf
techset,,m_unlit_blend_lin_ndw_ua_bl_abl_cltrans
techset,,particle_cloud_sparkf_add_bl_blmod_lin
vertexshader,,vertcol_eyeofs_fog_clgnb.hlsl
pixelshader,,vertcol_simple_fog_blml_abl_ndw_lin_clg.hlsl
vertexshader,,zfeather_l0s_eo_clgnb.hlsl
pixelshader,,zfeather_l0s_lin_ndw_blml_abl_clg.hlsl
vertexshader,,zfeather_l0s_dfog_eo_clgnb.hlsl
pixelshader,,zfeather_l0s_dfog_lin_ndw_blml_abl_clg.hlsl
techset,effect_zfeather_blend_lin_eyeoffset_ndw_bl_abl
pixelshader,,lpo_sm_l0n_nofog_r0c0n0s0l0_nc_blm_sm5.hlsl
pixelshader,,lpo_sm_l0d_nofog_r0c0n0s0l0_nc_blm_sm5.hlsl
pixelshader,,lpo_sm_l0d_l0sd_nofog_r0c0n0s0l0_nc_blm_sm5.hlsl
pixelshader,,lpo_sm_l0s_nofog_r0c0n0s0l0_nc_blm_sm5.hlsl
pixelshader,,lpo_sm_l0s_l0ss_nofog_r0c0n0s0l0_nc_blm_sm5.hlsl
pixelshader,,lpo_sm_l0o_nofog_r0c0n0s0l0_nc_blm_sm5.hlsl
pixelshader,,lpo_sm_l0o_l0ss_nofog_r0c0n0s0l0_nc_blm_sm5.hlsl
pixelshader,,lpo_sm_l0d_l1s_nofog_r0c0n0s0l0_nc_blm_sm5.hlsl
pixelshader,,lpo_sm_l0d_l1s_l1ss_nofog_r0c0n0s0l0_nc_blm_sm5.hlsl
pixelshader,,lpo_sm_l0d_l1o_nofog_r0c0n0s0l0_nc_blm_sm5.hlsl
pixelshader,,lpo_sm_l0d_l1o_l1ss_nofog_r0c0n0s0l0_nc_blm_sm5.hlsl
pixelshader,,lpo_sm_l0d_l0sd_l1s_nofog_r0c0n0s0l0_nc_blm_sm5.hlsl
pixelshader,,lpo_sm_l0d_l0sd_l1s_l1ss_nofog_r0c0n0s0l0_nc_blm_sm5.hlsl
pixelshader,,lpo_sm_l0d_l0sd_l1o_nofog_r0c0n0s0l0_nc_blm_sm5.hlsl
pixelshader,,lpo_sm_l0d_l0sd_l1o_l1ss_nofog_r0c0n0s0l0_nc_blm_sm5.hlsl
pixelshader,,lpo_sm_l0s_l1s_nofog_r0c0n0s0l0_nc_blm_sm5.hlsl
pixelshader,,lpo_sm_l0s_l1s_l1ss_nofog_r0c0n0s0l0_nc_blm_sm5.hlsl
pixelshader,,lpo_sm_l0s_l1o_nofog_r0c0n0s0l0_nc_blm_sm5.hlsl
pixelshader,,lpo_sm_l0s_l1o_l1ss_nofog_r0c0n0s0l0_nc_blm_sm5.hlsl
pixelshader,,lpo_sm_l0s_l0ss_l1s_nofog_r0c0n0s0l0_nc_blm_sm5.hlsl
pixelshader,,lpo_sm_l0s_l0ss_l1s_l1ss_nofog_r0c0n0s0l0_nc_blm_sm5.hlsl
pixelshader,,lpo_sm_l0s_l0ss_l1o_nofog_r0c0n0s0l0_nc_blm_sm5.hlsl
pixelshader,,lpo_sm_l0s_l0ss_l1o_l1ss_nofog_r0c0n0s0l0_nc_blm_sm5.hlsl
pixelshader,,lpo_sm_l0o_l1o_nofog_r0c0n0s0l0_nc_blm_sm5.hlsl
pixelshader,,lpo_sm_l0o_l1o_l1ss_nofog_r0c0n0s0l0_nc_blm_sm5.hlsl
pixelshader,,lpo_sm_l0o_l0ss_l1o_nofog_r0c0n0s0l0_nc_blm_sm5.hlsl
pixelshader,,lpo_sm_l0o_l0ss_l1o_l1ss_nofog_r0c0n0s0l0_nc_blm_sm5.hlsl
pixelshader,,lpo_sm_ldbsm_nofog_r0c0n0s0l0_nc_blm_sm5.hlsl
pixelshader,,lpo_sm_ldb_sunsm_nofog_r0c0n0s0l0_nc_blm_sm5.hlsl
pixelshader,,l_spot_r0c0n0_nc.hlsl
pixelshader,,l_omni_r0c0n0_nc.hlsl
pixelshader,,l_spot_l0s2_sm_r0c0n0_nc.hlsl
techset,m_l_sm_heat_r0c0n0s0l0_nfwpf
vertexshader,vertcol_simple_mtlclr_fog_ua_nc.hlsl
vertexshader,lpo_sm_l0n_ua_fog_s_tc0n0_nc_sm5.hlsl
pixelshader,,lpo_sm_l0n_ndw_fog_b0c0n0s0l0_nc_blm_sm5.hlsl
pixelshader,,lpo_sm_l0d_ndw_fog_b0c0n0s0l0_nc_blm_sm5.hlsl
vertexshader,lpo_sm_l0d_l0sd_ua_fog_s_tc0n0_nc_sm5.hlsl
pixelshader,,lpo_sm_l0d_l0sd_ndw_fog_b0c0n0s0l0_nc_blm_sm5.hlsl
pixelshader,,lpo_sm_l0s_ndw_fog_b0c0n0s0l0_nc_blm_sm5.hlsl
pixelshader,,lpo_sm_l0s_l0ss_ndw_fog_b0c0n0s0l0_nc_blm_sm5.hlsl
pixelshader,,lpo_sm_l0o_ndw_fog_b0c0n0s0l0_nc_blm_sm5.hlsl
pixelshader,,lpo_sm_l0o_l0ss_ndw_fog_b0c0n0s0l0_nc_blm_sm5.hlsl
vertexshader,lpo_sm_l0d_l1s_ua_fog_s_tc0n0_nc_sm5.hlsl
pixelshader,,lpo_sm_l0d_l1s_ndw_fog_b0c0n0s0l0_nc_blm_sm5.hlsl
vertexshader,lpo_sm_l0d_l1s_l1ss_ua_fog_s_tc0n0_nc_sm5.hlsl
pixelshader,,lpo_sm_l0d_l1s_l1ss_ndw_fog_b0c0n0s0l0_nc_blm_sm5.hlsl
pixelshader,,lpo_sm_l0d_l1o_ndw_fog_b0c0n0s0l0_nc_blm_sm5.hlsl
pixelshader,,lpo_sm_l0d_l1o_l1ss_ndw_fog_b0c0n0s0l0_nc_blm_sm5.hlsl
vertexshader,lpo_sm_l0d_l0sd_l1s_ua_fog_s_tc0n0_nc_sm5.hlsl
pixelshader,,lpo_sm_l0d_l0sd_l1s_ndw_fog_b0c0n0s0l0_nc_blm_sm5.hlsl
vertexshader,lpo_sm_l0d_l0sd_l1s_l1ss_ua_fog_s_tc0n0_nc_sm5.hlsl
pixelshader,,lpo_sm_l0d_l0sd_l1s_l1ss_ndw_fog_b0c0n0s0l0_nc_blm_sm5.hlsl
pixelshader,,lpo_sm_l0d_l0sd_l1o_ndw_fog_b0c0n0s0l0_nc_blm_sm5.hlsl
pixelshader,,lpo_sm_l0d_l0sd_l1o_l1ss_ndw_fog_b0c0n0s0l0_nc_blm_sm5.hlsl
pixelshader,,lpo_sm_l0s_l1s_ndw_fog_b0c0n0s0l0_nc_blm_sm5.hlsl
pixelshader,,lpo_sm_l0s_l1s_l1ss_ndw_fog_b0c0n0s0l0_nc_blm_sm5.hlsl
pixelshader,,lpo_sm_l0s_l1o_ndw_fog_b0c0n0s0l0_nc_blm_sm5.hlsl
pixelshader,,lpo_sm_l0s_l1o_l1ss_ndw_fog_b0c0n0s0l0_nc_blm_sm5.hlsl
pixelshader,,lpo_sm_l0s_l0ss_l1s_ndw_fog_b0c0n0s0l0_nc_blm_sm5.hlsl
pixelshader,,lpo_sm_l0s_l0ss_l1s_l1ss_ndw_fog_b0c0n0s0l0_nc_blm_sm5.hlsl
pixelshader,,lpo_sm_l0s_l0ss_l1o_ndw_fog_b0c0n0s0l0_nc_blm_sm5.hlsl
pixelshader,,lpo_sm_l0s_l0ss_l1o_l1ss_ndw_fog_b0c0n0s0l0_nc_blm_sm5.hlsl
pixelshader,,lpo_sm_l0o_l1o_ndw_fog_b0c0n0s0l0_nc_blm_sm5.hlsl
pixelshader,,lpo_sm_l0o_l1o_l1ss_ndw_fog_b0c0n0s0l0_nc_blm_sm5.hlsl
pixelshader,,lpo_sm_l0o_l0ss_l1o_ndw_fog_b0c0n0s0l0_nc_blm_sm5.hlsl
pixelshader,,lpo_sm_l0o_l0ss_l1o_l1ss_ndw_fog_b0c0n0s0l0_nc_blm_sm5.hlsl
vertexshader,lpo_sm_ldbsm_ua_fog_s_tc0n0_nc_sm5.hlsl
pixelshader,,lpo_sm_ldbsm_ndw_fog_b0c0n0s0l0_nc_blm_sm5.hlsl
pixelshader,,lpo_sm_ldb_sunsm_ndw_fog_b0c0n0s0l0_nc_blm_sm5.hlsl
vertexshader,lpo_sm_l0n_ua_dfog_s_tc0n0_nc_sm5.hlsl
pixelshader,,lpo_sm_l0n_ndw_dfog_b0c0n0s0l0_nc_blm_sm5.hlsl
pixelshader,,lpo_sm_l0d_ndw_dfog_b0c0n0s0l0_nc_blm_sm5.hlsl
vertexshader,lpo_sm_l0d_l0sd_ua_dfog_s_tc0n0_nc_sm5.hlsl
pixelshader,,lpo_sm_l0d_l0sd_ndw_dfog_b0c0n0s0l0_nc_blm_sm5.hlsl
pixelshader,,lpo_sm_l0s_ndw_dfog_b0c0n0s0l0_nc_blm_sm5.hlsl
pixelshader,,lpo_sm_l0s_l0ss_ndw_dfog_b0c0n0s0l0_nc_blm_sm5.hlsl
pixelshader,,lpo_sm_l0o_ndw_dfog_b0c0n0s0l0_nc_blm_sm5.hlsl
pixelshader,,lpo_sm_l0o_l0ss_ndw_dfog_b0c0n0s0l0_nc_blm_sm5.hlsl
vertexshader,lpo_sm_l0d_l1s_ua_dfog_s_tc0n0_nc_sm5.hlsl
pixelshader,,lpo_sm_l0d_l1s_ndw_dfog_b0c0n0s0l0_nc_blm_sm5.hlsl
vertexshader,lpo_sm_l0d_l1s_l1ss_ua_dfog_s_tc0n0_nc_sm5.hlsl
pixelshader,,lpo_sm_l0d_l1s_l1ss_ndw_dfog_b0c0n0s0l0_nc_blm_sm5.hlsl
pixelshader,,lpo_sm_l0d_l1o_ndw_dfog_b0c0n0s0l0_nc_blm_sm5.hlsl
pixelshader,,lpo_sm_l0d_l1o_l1ss_ndw_dfog_b0c0n0s0l0_nc_blm_sm5.hlsl
vertexshader,lpo_sm_l0d_l0sd_l1s_ua_dfog_s_tc0n0_nc_sm5.hlsl
pixelshader,,lpo_sm_l0d_l0sd_l1s_ndw_dfog_b0c0n0s0l0_nc_blm_sm5.hlsl
vertexshader,lpo_sm_l0d_l0sd_l1s_l1ss_ua_dfog_s_tc0n0_nc_sm5.hlsl
pixelshader,,lpo_sm_l0d_l0sd_l1s_l1ss_ndw_dfog_b0c0n0s0l0_nc_blm_sm5.hlsl
pixelshader,,lpo_sm_l0d_l0sd_l1o_ndw_dfog_b0c0n0s0l0_nc_blm_sm5.hlsl
pixelshader,,lpo_sm_l0d_l0sd_l1o_l1ss_ndw_dfog_b0c0n0s0l0_nc_blm_sm5.hlsl
pixelshader,,lpo_sm_l0s_l1s_ndw_dfog_b0c0n0s0l0_nc_blm_sm5.hlsl
pixelshader,,lpo_sm_l0s_l1s_l1ss_ndw_dfog_b0c0n0s0l0_nc_blm_sm5.hlsl
pixelshader,,lpo_sm_l0s_l1o_ndw_dfog_b0c0n0s0l0_nc_blm_sm5.hlsl
pixelshader,,lpo_sm_l0s_l1o_l1ss_ndw_dfog_b0c0n0s0l0_nc_blm_sm5.hlsl
pixelshader,,lpo_sm_l0s_l0ss_l1s_ndw_dfog_b0c0n0s0l0_nc_blm_sm5.hlsl
pixelshader,,lpo_sm_l0s_l0ss_l1s_l1ss_ndw_dfog_b0c0n0s0l0_nc_blm_sm5.hlsl
pixelshader,,lpo_sm_l0s_l0ss_l1o_ndw_dfog_b0c0n0s0l0_nc_blm_sm5.hlsl
pixelshader,,lpo_sm_l0s_l0ss_l1o_l1ss_ndw_dfog_b0c0n0s0l0_nc_blm_sm5.hlsl
pixelshader,,lpo_sm_l0o_l1o_ndw_dfog_b0c0n0s0l0_nc_blm_sm5.hlsl
pixelshader,,lpo_sm_l0o_l1o_l1ss_ndw_dfog_b0c0n0s0l0_nc_blm_sm5.hlsl
pixelshader,,lpo_sm_l0o_l0ss_l1o_ndw_dfog_b0c0n0s0l0_nc_blm_sm5.hlsl
pixelshader,,lpo_sm_l0o_l0ss_l1o_l1ss_ndw_dfog_b0c0n0s0l0_nc_blm_sm5.hlsl
vertexshader,lpo_sm_ldbsm_ua_dfog_s_tc0n0_nc_sm5.hlsl
pixelshader,,lpo_sm_ldbsm_ndw_dfog_b0c0n0s0l0_nc_blm_sm5.hlsl
pixelshader,,lpo_sm_ldb_sunsm_ndw_dfog_b0c0n0s0l0_nc_blm_sm5.hlsl
vertexshader,l_point_ua_tc0n0_nc.hlsl
pixelshader,,l_spot_ndw_b0c0n0_nc.hlsl
pixelshader,,l_omni_ndw_b0c0n0_nc.hlsl
vertexshader,l_point_l0s2_ua_sm_tc0n0_nc.hlsl
pixelshader,,l_spot_ndw_l0s2_sm_b0c0n0_nc.hlsl
vertexshader,vertcol_simple_i_mtlclr_fog_ua_nc.hlsl
vertexshader,lpo_sm_l0n_i_ua_fog_s_tc0n0_nc_sm5.hlsl
vertexshader,lpo_sm_l0d_l0sd_i_ua_fog_s_tc0n0_nc_sm5.hlsl
vertexshader,lpo_sm_l0d_l1s_i_ua_fog_s_tc0n0_nc_sm5.hlsl
vertexshader,lpo_sm_l0d_l1s_l1ss_i_ua_fog_s_tc0n0_nc_sm5.hlsl
vertexshader,lpo_sm_l0d_l0sd_l1s_i_ua_fog_s_tc0n0_nc_sm5.hlsl
vertexshader,lpo_sm_l0d_l0sd_l1s_l1ss_i_ua_fog_s_tc0n0_nc_sm5.hlsl
vertexshader,lpo_sm_ldbsm_i_ua_fog_s_tc0n0_nc_sm5.hlsl
vertexshader,lpo_sm_l0n_i_ua_dfog_s_tc0n0_nc_sm5.hlsl
vertexshader,lpo_sm_l0d_l0sd_i_ua_dfog_s_tc0n0_nc_sm5.hlsl
vertexshader,lpo_sm_l0d_l1s_i_ua_dfog_s_tc0n0_nc_sm5.hlsl
vertexshader,lpo_sm_l0d_l1s_l1ss_i_ua_dfog_s_tc0n0_nc_sm5.hlsl
vertexshader,lpo_sm_l0d_l0sd_l1s_i_ua_dfog_s_tc0n0_nc_sm5.hlsl
vertexshader,lpo_sm_l0d_l0sd_l1s_l1ss_i_ua_dfog_s_tc0n0_nc_sm5.hlsl
vertexshader,lpo_sm_ldbsm_i_ua_dfog_s_tc0n0_nc_sm5.hlsl
vertexshader,l_point_i_ua_tc0n0_nc.hlsl
vertexshader,l_point_i_l0s2_ua_sm_tc0n0_nc.hlsl
techset,m_l_sm_heat_ndw_ua_b0c0n0s0l0_cltrans
techset,,effect_zfeather_add_lin_eyeoffset_ndw_bl_blmod
techset,,mc_l_sm_ndw_b0c0l0_nfwpf
techset,,wc_l_sm_ndw_b0c0l0_nfwpf
techset,,wc_l_sm_ndw_b0c0l0_z1_z2_z3_z4_z5_z6_z7_z8_zdecal0_nfwpf
techset,,effect_zfeather_falloff_blend_lin_ndw_bl_abl
techset,m_l_sm_r0c0s0l0_nocastp0_nfwpf
techset,,m_l_sm_ndw_b0c0n0s0l0p0_cltrans
pixelshader,,vertcol_simple_add_lin_addblend_ndw_foa_blml_blmod_clgnb.hlsl
techset,effect_falloff_add_lin_nofog_ndw_bl_blmod
techset,,effect_zfeather_falloff_screen_lin_nofog_ndw_bl
vertexshader,vertcol_simple_vs_flag_atest.hlsl
pixelshader,,vertcol_simple_atest.hlsl
vertexshader,vertcol_simple_atest_mtlclr_nofog_flag.hlsl
pixelshader,,vertcol_shaded_atest_nofog_lin.hlsl
vertexshader,lpo_sm_l0n_flag_nofog_s_tc0n0_sm5.hlsl
vertexdecl,pp.fcc0.ft0t0.3nn.ftt2.f
pixelshader,lpo_sm_l0n_nofog_t0c0n0s0l0_blm_sm5.hlsl
pixelshader,lpo_sm_l0d_nofog_t0c0n0s0l0_blm_sm5.hlsl
vertexshader,lpo_sm_l0d_l0sd_flag_nofog_s_tc0n0_sm5.hlsl
pixelshader,lpo_sm_l0d_l0sd_nofog_t0c0n0s0l0_blm_sm5.hlsl
pixelshader,lpo_sm_l0s_nofog_t0c0n0s0l0_blm_sm5.hlsl
pixelshader,lpo_sm_l0s_l0ss_nofog_t0c0n0s0l0_blm_sm5.hlsl
pixelshader,lpo_sm_l0o_nofog_t0c0n0s0l0_blm_sm5.hlsl
pixelshader,lpo_sm_l0o_l0ss_nofog_t0c0n0s0l0_blm_sm5.hlsl
vertexshader,lpo_sm_l0d_l1s_flag_nofog_s_tc0n0_sm5.hlsl
pixelshader,lpo_sm_l0d_l1s_nofog_t0c0n0s0l0_blm_sm5.hlsl
vertexshader,lpo_sm_l0d_l1s_l1ss_flag_nofog_s_tc0n0_sm5.hlsl
pixelshader,lpo_sm_l0d_l1s_l1ss_nofog_t0c0n0s0l0_blm_sm5.hlsl
pixelshader,lpo_sm_l0d_l1o_nofog_t0c0n0s0l0_blm_sm5.hlsl
pixelshader,lpo_sm_l0d_l1o_l1ss_nofog_t0c0n0s0l0_blm_sm5.hlsl
vertexshader,lpo_sm_l0d_l0sd_l1s_flag_nofog_s_tc0n0_sm5.hlsl
pixelshader,lpo_sm_l0d_l0sd_l1s_nofog_t0c0n0s0l0_blm_sm5.hlsl
vertexshader,lpo_sm_l0d_l0sd_l1s_l1ss_flag_nofog_s_tc0n0_sm5.hlsl
pixelshader,lpo_sm_l0d_l0sd_l1s_l1ss_nofog_t0c0n0s0l0_blm_sm5.hlsl
pixelshader,lpo_sm_l0d_l0sd_l1o_nofog_t0c0n0s0l0_blm_sm5.hlsl
pixelshader,lpo_sm_l0d_l0sd_l1o_l1ss_nofog_t0c0n0s0l0_blm_sm5.hlsl
pixelshader,lpo_sm_l0s_l1s_nofog_t0c0n0s0l0_blm_sm5.hlsl
pixelshader,lpo_sm_l0s_l1s_l1ss_nofog_t0c0n0s0l0_blm_sm5.hlsl
pixelshader,lpo_sm_l0s_l1o_nofog_t0c0n0s0l0_blm_sm5.hlsl
pixelshader,lpo_sm_l0s_l1o_l1ss_nofog_t0c0n0s0l0_blm_sm5.hlsl
pixelshader,lpo_sm_l0s_l0ss_l1s_nofog_t0c0n0s0l0_blm_sm5.hlsl
pixelshader,lpo_sm_l0s_l0ss_l1s_l1ss_nofog_t0c0n0s0l0_blm_sm5.hlsl
pixelshader,lpo_sm_l0s_l0ss_l1o_nofog_t0c0n0s0l0_blm_sm5.hlsl
pixelshader,lpo_sm_l0s_l0ss_l1o_l1ss_nofog_t0c0n0s0l0_blm_sm5.hlsl
pixelshader,lpo_sm_l0o_l1o_nofog_t0c0n0s0l0_blm_sm5.hlsl
pixelshader,lpo_sm_l0o_l1o_l1ss_nofog_t0c0n0s0l0_blm_sm5.hlsl
pixelshader,lpo_sm_l0o_l0ss_l1o_nofog_t0c0n0s0l0_blm_sm5.hlsl
pixelshader,lpo_sm_l0o_l0ss_l1o_l1ss_nofog_t0c0n0s0l0_blm_sm5.hlsl
vertexshader,lpo_sm_ldbsm_flag_nofog_s_tc0n0_sm5.hlsl
pixelshader,lpo_sm_ldbsm_nofog_t0c0n0s0l0_blm_sm5.hlsl
pixelshader,lpo_sm_ldb_sunsm_nofog_t0c0n0s0l0_blm_sm5.hlsl
vertexshader,l_point_flag_tc0n0.hlsl
pixelshader,l_spot_t0c0n0.hlsl
pixelshader,l_omni_t0c0n0.hlsl
vertexshader,l_point_l0s2_flag_sm_tc0n0.hlsl
pixelshader,l_spot_l0s2_sm_t0c0n0.hlsl
vertexshader,vertcol_untextured_flag_nofog.hlsl
vertexshader,,debug_normals.hlsl
vertexdecl,pp.fcc0.ft0t0.3nn.7tt1.7
vertexshader,vertcol_simple_vs_i_flag_atest.hlsl
vertexshader,vertcol_simple_i_atest_mtlclr_nofog_flag.hlsl
vertexshader,lpo_sm_l0n_i_flag_nofog_s_tc0n0_sm5.hlsl
vertexshader,lpo_sm_l0d_l0sd_i_flag_nofog_s_tc0n0_sm5.hlsl
vertexshader,lpo_sm_l0d_l1s_i_flag_nofog_s_tc0n0_sm5.hlsl
vertexshader,lpo_sm_l0d_l1s_l1ss_i_flag_nofog_s_tc0n0_sm5.hlsl
vertexshader,lpo_sm_l0d_l0sd_l1s_i_flag_nofog_s_tc0n0_sm5.hlsl
vertexshader,lpo_sm_l0d_l0sd_l1s_l1ss_i_flag_nofog_s_tc0n0_sm5.hlsl
vertexshader,lpo_sm_ldbsm_i_flag_nofog_s_tc0n0_sm5.hlsl
vertexshader,l_point_i_flag_tc0n0.hlsl
vertexshader,l_point_i_l0s2_flag_sm_tc0n0.hlsl
vertexshader,vertcol_untextured_i_flag_nofog.hlsl
vertexshader,,debug_normals_i.hlsl
techset,mc_l_sm_flag_t0c0n0s0l0_nfwpf
vertexshader,objective_base_nc.hlsl
vertexdecl,pp.7t0t0.3nn.7
pixelshader,objective_base_nc.hlsl
techset,m_objective
vertexshader,custom_objective2_vertcol_simple_fog_nc.hlsl
vertexdecl,pp.ft0t0.3nn.7
pixelshader,custom_objective2_vertcol_simple_add_lin_fog_addblend_ndw_blml_blmod_nc.hlsl
vertexshader,custom_objective2_vertcol_simple_i_fog_nc.hlsl
techset,m_unlit_add_lin_ndw_bl_blmod_custom_objective2_cltrans
vertexshader,,custom_objective_vertcol_simple_mtlclr_nofog_nc.hlsl
pixelshader,,custom_objective_vertcol_shaded_nofog_lin_nc.hlsl
vertexshader,custom_objective_lpo_sm_l0n_nofog_s_tc0n0_nc_sm5.hlsl
pixelshader,custom_objective_lpo_sm_l0n_nofog_r0c0n0s0l0_nc_blm_sm5.hlsl
pixelshader,custom_objective_lpo_sm_l0d_nofog_r0c0n0s0l0_nc_blm_sm5.hlsl
vertexshader,custom_objective_lpo_sm_l0d_l0sd_nofog_s_tc0n0_nc_sm5.hlsl
pixelshader,custom_objective_lpo_sm_l0d_l0sd_nofog_r0c0n0s0l0_nc_blm_sm5.hlsl
pixelshader,custom_objective_lpo_sm_l0s_nofog_r0c0n0s0l0_nc_blm_sm5.hlsl
pixelshader,custom_objective_lpo_sm_l0s_l0ss_nofog_r0c0n0s0l0_nc_blm_sm5.hlsl
pixelshader,custom_objective_lpo_sm_l0o_nofog_r0c0n0s0l0_nc_blm_sm5.hlsl
pixelshader,custom_objective_lpo_sm_l0o_l0ss_nofog_r0c0n0s0l0_nc_blm_sm5.hlsl
vertexshader,custom_objective_lpo_sm_l0d_l1s_nofog_s_tc0n0_nc_sm5.hlsl
pixelshader,custom_objective_lpo_sm_l0d_l1s_nofog_r0c0n0s0l0_nc_blm_sm5.hlsl
vertexshader,custom_objective_lpo_sm_l0d_l1s_l1ss_nofog_s_tc0n0_nc_sm5.hlsl
pixelshader,custom_objective_lpo_sm_l0d_l1s_l1ss_nofog_r0c0n0s0l0_nc_blm_sm5.hlsl
pixelshader,custom_objective_lpo_sm_l0d_l1o_nofog_r0c0n0s0l0_nc_blm_sm5.hlsl
pixelshader,custom_objective_lpo_sm_l0d_l1o_l1ss_nofog_r0c0n0s0l0_nc_blm_sm5.hlsl
vertexshader,custom_objective_lpo_sm_l0d_l0sd_l1s_nofog_s_tc0n0_nc_sm5.hlsl
pixelshader,custom_objective_lpo_sm_l0d_l0sd_l1s_nofog_r0c0n0s0l0_nc_blm_sm5.hlsl
vertexshader,custom_objective_lpo_sm_l0d_l0sd_l1s_l1ss_nofog_s_tc0n0_nc_sm5.hlsl
pixelshader,custom_objective_lpo_sm_l0d_l0sd_l1s_l1ss_nofog_r0c0n0s0l0_nc_blm_sm5.hlsl
pixelshader,custom_objective_lpo_sm_l0d_l0sd_l1o_nofog_r0c0n0s0l0_nc_blm_sm5.hlsl
pixelshader,custom_objective_lpo_sm_l0d_l0sd_l1o_l1ss_nofog_r0c0n0s0l0_nc_blm_sm5.hlsl
pixelshader,custom_objective_lpo_sm_l0s_l1s_nofog_r0c0n0s0l0_nc_blm_sm5.hlsl
pixelshader,custom_objective_lpo_sm_l0s_l1s_l1ss_nofog_r0c0n0s0l0_nc_blm_sm5.hlsl
pixelshader,custom_objective_lpo_sm_l0s_l1o_nofog_r0c0n0s0l0_nc_blm_sm5.hlsl
pixelshader,custom_objective_lpo_sm_l0s_l1o_l1ss_nofog_r0c0n0s0l0_nc_blm_sm5.hlsl
pixelshader,custom_objective_lpo_sm_l0s_l0ss_l1s_nofog_r0c0n0s0l0_nc_blm_sm5.hlsl
pixelshader,custom_objective_lpo_sm_l0s_l0ss_l1s_l1ss_nofog_r0c0n0s0l0_nc_blm_sm5.hlsl
pixelshader,custom_objective_lpo_sm_l0s_l0ss_l1o_nofog_r0c0n0s0l0_nc_blm_sm5.hlsl
pixelshader,custom_objective_lpo_sm_l0s_l0ss_l1o_l1ss_nofog_r0c0n0s0l0_nc_blm_sm5.hlsl
pixelshader,custom_objective_lpo_sm_l0o_l1o_nofog_r0c0n0s0l0_nc_blm_sm5.hlsl
pixelshader,custom_objective_lpo_sm_l0o_l1o_l1ss_nofog_r0c0n0s0l0_nc_blm_sm5.hlsl
pixelshader,custom_objective_lpo_sm_l0o_l0ss_l1o_nofog_r0c0n0s0l0_nc_blm_sm5.hlsl
pixelshader,custom_objective_lpo_sm_l0o_l0ss_l1o_l1ss_nofog_r0c0n0s0l0_nc_blm_sm5.hlsl
vertexshader,custom_objective_lpo_sm_ldbsm_nofog_s_tc0n0_nc_sm5.hlsl
pixelshader,custom_objective_lpo_sm_ldbsm_nofog_r0c0n0s0l0_nc_blm_sm5.hlsl
pixelshader,custom_objective_lpo_sm_ldb_sunsm_nofog_r0c0n0s0l0_nc_blm_sm5.hlsl
vertexshader,,custom_objective_vertcol_simple_i_mtlclr_nofog_nc.hlsl
vertexshader,custom_objective_lpo_sm_l0n_i_nofog_s_tc0n0_nc_sm5.hlsl
vertexshader,custom_objective_lpo_sm_l0d_l0sd_i_nofog_s_tc0n0_nc_sm5.hlsl
vertexshader,custom_objective_lpo_sm_l0d_l1s_i_nofog_s_tc0n0_nc_sm5.hlsl
vertexshader,custom_objective_lpo_sm_l0d_l1s_l1ss_i_nofog_s_tc0n0_nc_sm5.hlsl
vertexshader,custom_objective_lpo_sm_l0d_l0sd_l1s_i_nofog_s_tc0n0_nc_sm5.hlsl
vertexshader,custom_objective_lpo_sm_l0d_l0sd_l1s_l1ss_i_nofog_s_tc0n0_nc_sm5.hlsl
vertexshader,custom_objective_lpo_sm_ldbsm_i_nofog_s_tc0n0_nc_sm5.hlsl
techset,m_l_sm_r0c0n0s0l0_custom_objective_nfwpf
techset,,ms_l_sm_ndw_b0c0s0l0p0_cltrans
techset,,ms_l_sm_ndw_b0c0n0s0l0p0_cltrans
techset,,m_reflexsight
techset,,ms_l_sm_ndw_b0c0n0s0l0_cltrans
techset,,m_unlit_add_lin_ndw_ua_bl_blmod_cltrans
techset,,m_unlit_replace_lin_bl_nfwpf
techset,,ms_l_sm_r0c0n0s0l0p0_nfwpf
techset,,ms_l_sm_ndw_b0c0s0l0_cltrans
techset,,mc_l_sm_r0c0n0s0l0p0_nfwpf
techset,,mc_unlit_replace_lin_bl_nfwpf
techset,,m_unlit_add_lin_ndw_ua_bl_blmod_nfwpf
techset,,m_blur_scene
techset,,m_unlit_blend_lin_ndw_bl_abl_cltrans
techset,,m_l_sm_lmmetal_r0c0n0ss0l0p0_nfwpf
techset,,mc_l_sm_lmmetal_r0c0s0l0p0_nfwpf
techset,,m_l_sm_lmmetal_r0c0s0l0p0_nfwpf
techset,,m_l_sm_r0c0db0n0s0l0_nfwpf
techset,,mc_l_sm_r0c0db0n0s0l0_nfwpf
techset,,l_sm_r0c0db0n0s0l0_nfwpf
techset,,l_sm_r0c0l0_nfwpf
techset,,effect_zfeather_falloff_add_lin_ndw_bl_blmod
techset,,effect_zfeather_falloff_add_tab_lin_ndw_bl_blmod
techset,,effect_zfeather_add_tab_lin_ndw_bl_blmod
techset,,mc_l_sm_r0c0n0s0l0_nfwpf
techset,,m_l_sm_r0c0q0n0s0l0_nfwpf
techset,,mc_l_sm_r0c0q0n0s0l0_nfwpf
techset,,mc_l_sm_ndw_b0c0d0l0p0_cltrans
techset,,m_l_sm_r0c0db0n0s0l0p0_nfwpf
techset,,l_sm_r0c0db0n0s0l0p0_nfwpf
techset,,ms_l_sm_r0c0db0n0s0l0p0_nfwpf
techset,,ms_l_sm_r0c0q0n0s0l0_nfwpf
techset,,mc_l_sm_r0c0db0n0s0l0p0_nfwpf
techset,,mc_l_sm_lmmetal_r0c0n0ss0l0p0_nfwpf
techset,,ms_l_sm_r0c0db0n0s0l0_nfwpf
techset,,m_l_sm_r0c0s0l0p0_nfwpf
techset,,m_unlit_replace_lin_ct_bl_nfwpf
techset,,msc_l_sm_r0c0n0s0l0_nfwpf
techset,,mc_unlit_blend_lin_ndw_ua_bl_abl_cltrans
techset,,m_l_sm_t0c0n0s0l0_nfwpf
techset,,m_l_sm_t0c0q0n0s0l0_nfwpf
techset,,mc_l_sm_t0c0q0n0s0l0_nfwpf
techset,,m_l_sm_lmmetal_r0c0db0n0ss0l0p0_nfwpf
techset,,l_sm_lmmetal_r0c0db0n0ss0l0p0_nfwpf
techset,,m_l_sm_lmmetal_r0c0q0n0s0l0_nfwpf
techset,,m_l_sm_r0c0n0s0l0sr0p0_nfwpf
techset,,m_l_sm_t0c0eu0n0s0l0p0_nfwpf
techset,,m_l_sm_ndw_b0c0l0p0_cltrans
techset,,ms_l_sm_lmmetal_r0c0n0ss0l0p0_nfwpf
techset,,m_l_sm_t0c0n0s0l0p0_nfwpf
techset,,m_unlit_replace_lin_ndw_bl_abl_cltrans
techset,,mc_l_sm_r0c0s0l0p0_nfwpf
vertexshader,,vertcol_simple_fog_tab_clg.hlsl
pixelshader,,vertcol_simple_add_lin_fog_addblend_ndw_tab_blml_blmod_clgnb.hlsl
techset,effect_add_tab_lin_ndw_bl_blmod
pixelshader,,vertcol_shaded_nofog_dtl_lin_nc.hlsl
pixelshader,lpo_sm_l0n_nofog_r0c0d0n0s0l0_nc_blm_sm5.hlsl
pixelshader,lpo_sm_l0d_nofog_r0c0d0n0s0l0_nc_blm_sm5.hlsl
pixelshader,lpo_sm_l0d_l0sd_nofog_r0c0d0n0s0l0_nc_blm_sm5.hlsl
pixelshader,lpo_sm_l0s_nofog_r0c0d0n0s0l0_nc_blm_sm5.hlsl
pixelshader,lpo_sm_l0s_l0ss_nofog_r0c0d0n0s0l0_nc_blm_sm5.hlsl
pixelshader,lpo_sm_l0o_nofog_r0c0d0n0s0l0_nc_blm_sm5.hlsl
pixelshader,lpo_sm_l0o_l0ss_nofog_r0c0d0n0s0l0_nc_blm_sm5.hlsl
pixelshader,lpo_sm_l0d_l1s_nofog_r0c0d0n0s0l0_nc_blm_sm5.hlsl
pixelshader,lpo_sm_l0d_l1s_l1ss_nofog_r0c0d0n0s0l0_nc_blm_sm5.hlsl
pixelshader,lpo_sm_l0d_l1o_nofog_r0c0d0n0s0l0_nc_blm_sm5.hlsl
pixelshader,lpo_sm_l0d_l1o_l1ss_nofog_r0c0d0n0s0l0_nc_blm_sm5.hlsl
pixelshader,lpo_sm_l0d_l0sd_l1s_nofog_r0c0d0n0s0l0_nc_blm_sm5.hlsl
pixelshader,lpo_sm_l0d_l0sd_l1s_l1ss_nofog_r0c0d0n0s0l0_nc_blm_sm5.hlsl
pixelshader,lpo_sm_l0d_l0sd_l1o_nofog_r0c0d0n0s0l0_nc_blm_sm5.hlsl
pixelshader,lpo_sm_l0d_l0sd_l1o_l1ss_nofog_r0c0d0n0s0l0_nc_blm_sm5.hlsl
pixelshader,lpo_sm_l0s_l1s_nofog_r0c0d0n0s0l0_nc_blm_sm5.hlsl
pixelshader,lpo_sm_l0s_l1s_l1ss_nofog_r0c0d0n0s0l0_nc_blm_sm5.hlsl
pixelshader,lpo_sm_l0s_l1o_nofog_r0c0d0n0s0l0_nc_blm_sm5.hlsl
pixelshader,lpo_sm_l0s_l1o_l1ss_nofog_r0c0d0n0s0l0_nc_blm_sm5.hlsl
pixelshader,lpo_sm_l0s_l0ss_l1s_nofog_r0c0d0n0s0l0_nc_blm_sm5.hlsl
pixelshader,lpo_sm_l0s_l0ss_l1s_l1ss_nofog_r0c0d0n0s0l0_nc_blm_sm5.hlsl
pixelshader,lpo_sm_l0s_l0ss_l1o_nofog_r0c0d0n0s0l0_nc_blm_sm5.hlsl
pixelshader,lpo_sm_l0s_l0ss_l1o_l1ss_nofog_r0c0d0n0s0l0_nc_blm_sm5.hlsl
pixelshader,lpo_sm_l0o_l1o_nofog_r0c0d0n0s0l0_nc_blm_sm5.hlsl
pixelshader,lpo_sm_l0o_l1o_l1ss_nofog_r0c0d0n0s0l0_nc_blm_sm5.hlsl
pixelshader,lpo_sm_l0o_l0ss_l1o_nofog_r0c0d0n0s0l0_nc_blm_sm5.hlsl
pixelshader,lpo_sm_l0o_l0ss_l1o_l1ss_nofog_r0c0d0n0s0l0_nc_blm_sm5.hlsl
pixelshader,lpo_sm_ldbsm_nofog_r0c0d0n0s0l0_nc_blm_sm5.hlsl
pixelshader,lpo_sm_ldb_sunsm_nofog_r0c0d0n0s0l0_nc_blm_sm5.hlsl
pixelshader,l_spot_mdet_r0c0d0n0_nc.hlsl
pixelshader,l_omni_mdet_r0c0d0n0_nc.hlsl
pixelshader,l_spot_l0s2_sm_mdet_r0c0d0n0_nc.hlsl
techset,m_l_sm_r0c0d0n0s0l0_nfwpf
pixelshader,lpo_sm_l0n_nofog_r0c0d0n0s0l0px_nc_blm_sm5.hlsl
pixelshader,lpo_sm_l0d_nofog_r0c0d0n0s0l0px_nc_blm_sm5.hlsl
pixelshader,lpo_sm_l0d_l0sd_nofog_r0c0d0n0s0l0px_nc_blm_sm5.hlsl
pixelshader,lpo_sm_l0s_nofog_r0c0d0n0s0l0px_nc_blm_sm5.hlsl
pixelshader,lpo_sm_l0s_l0ss_nofog_r0c0d0n0s0l0px_nc_blm_sm5.hlsl
pixelshader,lpo_sm_l0o_nofog_r0c0d0n0s0l0px_nc_blm_sm5.hlsl
pixelshader,lpo_sm_l0o_l0ss_nofog_r0c0d0n0s0l0px_nc_blm_sm5.hlsl
pixelshader,lpo_sm_l0d_l1s_nofog_r0c0d0n0s0l0px_nc_blm_sm5.hlsl
pixelshader,lpo_sm_l0d_l1s_l1ss_nofog_r0c0d0n0s0l0px_nc_blm_sm5.hlsl
pixelshader,lpo_sm_l0d_l1o_nofog_r0c0d0n0s0l0px_nc_blm_sm5.hlsl
pixelshader,lpo_sm_l0d_l1o_l1ss_nofog_r0c0d0n0s0l0px_nc_blm_sm5.hlsl
pixelshader,lpo_sm_l0d_l0sd_l1s_nofog_r0c0d0n0s0l0px_nc_blm_sm5.hlsl
pixelshader,lpo_sm_l0d_l0sd_l1s_l1ss_nofog_r0c0d0n0s0l0px_nc_blm_sm5.hlsl
pixelshader,lpo_sm_l0d_l0sd_l1o_nofog_r0c0d0n0s0l0px_nc_blm_sm5.hlsl
pixelshader,lpo_sm_l0d_l0sd_l1o_l1ss_nofog_r0c0d0n0s0l0px_nc_blm_sm5.hlsl
pixelshader,lpo_sm_l0s_l1s_nofog_r0c0d0n0s0l0px_nc_blm_sm5.hlsl
pixelshader,lpo_sm_l0s_l1s_l1ss_nofog_r0c0d0n0s0l0px_nc_blm_sm5.hlsl
pixelshader,lpo_sm_l0s_l1o_nofog_r0c0d0n0s0l0px_nc_blm_sm5.hlsl
pixelshader,lpo_sm_l0s_l1o_l1ss_nofog_r0c0d0n0s0l0px_nc_blm_sm5.hlsl
pixelshader,lpo_sm_l0s_l0ss_l1s_nofog_r0c0d0n0s0l0px_nc_blm_sm5.hlsl
pixelshader,lpo_sm_l0s_l0ss_l1s_l1ss_nofog_r0c0d0n0s0l0px_nc_blm_sm5.hlsl
pixelshader,lpo_sm_l0s_l0ss_l1o_nofog_r0c0d0n0s0l0px_nc_blm_sm5.hlsl
pixelshader,lpo_sm_l0s_l0ss_l1o_l1ss_nofog_r0c0d0n0s0l0px_nc_blm_sm5.hlsl
pixelshader,lpo_sm_l0o_l1o_nofog_r0c0d0n0s0l0px_nc_blm_sm5.hlsl
pixelshader,lpo_sm_l0o_l1o_l1ss_nofog_r0c0d0n0s0l0px_nc_blm_sm5.hlsl
pixelshader,lpo_sm_l0o_l0ss_l1o_nofog_r0c0d0n0s0l0px_nc_blm_sm5.hlsl
pixelshader,lpo_sm_l0o_l0ss_l1o_l1ss_nofog_r0c0d0n0s0l0px_nc_blm_sm5.hlsl
pixelshader,lpo_sm_ldbsm_nofog_r0c0d0n0s0l0px_nc_blm_sm5.hlsl
pixelshader,lpo_sm_ldb_sunsm_nofog_r0c0d0n0s0l0px_nc_blm_sm5.hlsl
techset,m_l_sm_r0c0d0n0s0l0p0_nfwpf
techset,,m_l_sm_lmcloth_rim_r0c0n0s0l0_nfwpf
techset,,m_l_sm_lmcloth_rim_r0c0n0s0l0p0_nfwpf
techset,,effect_add_tab_lin_nofog_ndw_bl_blmod
vertexshader,vertcol_simple_clgnb.hlsl
pixelshader,vertcol_simple_premul_lin_addblend_ndw_flow_blml_clgnb_nopm.hlsl
techset,effect_premulnopm_lin_nofog_ndw_flow_bl_abl
pixelshader,vertcol_simple_add_lin_addblend_ndw_flow_blml_blmod_clgnb.hlsl
techset,effect_add_lin_nofog_ndw_flow_bl_blmod
techset,,effect_add_nofog_ndw_bl_blmod
techset,,particle_cloud_add_bl_blmod_lin
techset,mc_objective
vertexshader,custom_objective2_vertcol_simple_fog.hlsl
pixelshader,custom_objective2_vertcol_simple_add_lin_fog_addblend_ndw_blml_blmod.hlsl
vertexshader,custom_objective2_vertcol_simple_i_fog.hlsl
vertexshader,,vertcol_untextured_i_nofog.hlsl
techset,mc_unlit_add_lin_ndw_bl_blmod_custom_objective2_cltrans
pixelshader,custom_grenade_lpo_sm_l0n_nofog_r0c0s0l0_nc_blm_sm5.hlsl
pixelshader,custom_grenade_lpo_sm_l0d_nofog_r0c0s0l0_nc_blm_sm5.hlsl
pixelshader,custom_grenade_lpo_sm_l0d_l0sd_nofog_r0c0s0l0_nc_blm_sm5.hlsl
pixelshader,custom_grenade_lpo_sm_l0s_nofog_r0c0s0l0_nc_blm_sm5.hlsl
pixelshader,custom_grenade_lpo_sm_l0s_l0ss_nofog_r0c0s0l0_nc_blm_sm5.hlsl
pixelshader,custom_grenade_lpo_sm_l0o_nofog_r0c0s0l0_nc_blm_sm5.hlsl
pixelshader,custom_grenade_lpo_sm_l0o_l0ss_nofog_r0c0s0l0_nc_blm_sm5.hlsl
pixelshader,custom_grenade_lpo_sm_l0d_l1s_nofog_r0c0s0l0_nc_blm_sm5.hlsl
pixelshader,custom_grenade_lpo_sm_l0d_l1s_l1ss_nofog_r0c0s0l0_nc_blm_sm5.hlsl
pixelshader,custom_grenade_lpo_sm_l0d_l1o_nofog_r0c0s0l0_nc_blm_sm5.hlsl
pixelshader,custom_grenade_lpo_sm_l0d_l1o_l1ss_nofog_r0c0s0l0_nc_blm_sm5.hlsl
pixelshader,custom_grenade_lpo_sm_l0d_l0sd_l1s_nofog_r0c0s0l0_nc_blm_sm5.hlsl
pixelshader,custom_grenade_lpo_sm_l0d_l0sd_l1s_l1ss_nofog_r0c0s0l0_nc_blm_sm5.hlsl
pixelshader,custom_grenade_lpo_sm_l0d_l0sd_l1o_nofog_r0c0s0l0_nc_blm_sm5.hlsl
pixelshader,custom_grenade_lpo_sm_l0d_l0sd_l1o_l1ss_nofog_r0c0s0l0_nc_blm_sm5.hlsl
pixelshader,custom_grenade_lpo_sm_l0s_l1s_nofog_r0c0s0l0_nc_blm_sm5.hlsl
pixelshader,custom_grenade_lpo_sm_l0s_l1s_l1ss_nofog_r0c0s0l0_nc_blm_sm5.hlsl
pixelshader,custom_grenade_lpo_sm_l0s_l1o_nofog_r0c0s0l0_nc_blm_sm5.hlsl
pixelshader,custom_grenade_lpo_sm_l0s_l1o_l1ss_nofog_r0c0s0l0_nc_blm_sm5.hlsl
pixelshader,custom_grenade_lpo_sm_l0s_l0ss_l1s_nofog_r0c0s0l0_nc_blm_sm5.hlsl
pixelshader,custom_grenade_lpo_sm_l0s_l0ss_l1s_l1ss_nofog_r0c0s0l0_nc_blm_sm5.hlsl
pixelshader,custom_grenade_lpo_sm_l0s_l0ss_l1o_nofog_r0c0s0l0_nc_blm_sm5.hlsl
pixelshader,custom_grenade_lpo_sm_l0s_l0ss_l1o_l1ss_nofog_r0c0s0l0_nc_blm_sm5.hlsl
pixelshader,custom_grenade_lpo_sm_l0o_l1o_nofog_r0c0s0l0_nc_blm_sm5.hlsl
pixelshader,custom_grenade_lpo_sm_l0o_l1o_l1ss_nofog_r0c0s0l0_nc_blm_sm5.hlsl
pixelshader,custom_grenade_lpo_sm_l0o_l0ss_l1o_nofog_r0c0s0l0_nc_blm_sm5.hlsl
pixelshader,custom_grenade_lpo_sm_l0o_l0ss_l1o_l1ss_nofog_r0c0s0l0_nc_blm_sm5.hlsl
pixelshader,custom_grenade_lpo_sm_ldbsm_nofog_r0c0s0l0_nc_blm_sm5.hlsl
pixelshader,custom_grenade_lpo_sm_ldb_sunsm_nofog_r0c0s0l0_nc_blm_sm5.hlsl
techset,m_l_sm_r0c0s0l0_custom_grenade_nfwpf
pixelshader,lpo_sm_l0d_nofog_r0c0n0ss0l0_nc_lmmetal_blm_sm5.hlsl
pixelshader,lpo_sm_l0d_l0sd_nofog_r0c0n0ss0l0_nc_lmmetal_blm_sm5.hlsl
pixelshader,lpo_sm_l0s_nofog_r0c0n0ss0l0_nc_lmmetal_blm_sm5.hlsl
pixelshader,lpo_sm_l0s_l0ss_nofog_r0c0n0ss0l0_nc_lmmetal_blm_sm5.hlsl
pixelshader,lpo_sm_l0o_nofog_r0c0n0ss0l0_nc_lmmetal_blm_sm5.hlsl
pixelshader,lpo_sm_l0o_l0ss_nofog_r0c0n0ss0l0_nc_lmmetal_blm_sm5.hlsl
pixelshader,lpo_sm_l0d_l1s_nofog_r0c0n0ss0l0_nc_lmmetal_blm_sm5.hlsl
pixelshader,lpo_sm_l0d_l1s_l1ss_nofog_r0c0n0ss0l0_nc_lmmetal_blm_sm5.hlsl
pixelshader,lpo_sm_l0d_l1o_nofog_r0c0n0ss0l0_nc_lmmetal_blm_sm5.hlsl
pixelshader,lpo_sm_l0d_l1o_l1ss_nofog_r0c0n0ss0l0_nc_lmmetal_blm_sm5.hlsl
pixelshader,lpo_sm_l0d_l0sd_l1s_nofog_r0c0n0ss0l0_nc_lmmetal_blm_sm5.hlsl
pixelshader,lpo_sm_l0d_l0sd_l1s_l1ss_nofog_r0c0n0ss0l0_nc_lmmetal_blm_sm5.hlsl
pixelshader,lpo_sm_l0d_l0sd_l1o_nofog_r0c0n0ss0l0_nc_lmmetal_blm_sm5.hlsl
pixelshader,lpo_sm_l0d_l0sd_l1o_l1ss_nofog_r0c0n0ss0l0_nc_lmmetal_blm_sm5.hlsl
pixelshader,lpo_sm_l0s_l1s_nofog_r0c0n0ss0l0_nc_lmmetal_blm_sm5.hlsl
pixelshader,lpo_sm_l0s_l1s_l1ss_nofog_r0c0n0ss0l0_nc_lmmetal_blm_sm5.hlsl
pixelshader,lpo_sm_l0s_l1o_nofog_r0c0n0ss0l0_nc_lmmetal_blm_sm5.hlsl
pixelshader,lpo_sm_l0s_l1o_l1ss_nofog_r0c0n0ss0l0_nc_lmmetal_blm_sm5.hlsl
pixelshader,lpo_sm_l0s_l0ss_l1s_nofog_r0c0n0ss0l0_nc_lmmetal_blm_sm5.hlsl
pixelshader,lpo_sm_l0s_l0ss_l1s_l1ss_nofog_r0c0n0ss0l0_nc_lmmetal_blm_sm5.hlsl
pixelshader,lpo_sm_l0s_l0ss_l1o_nofog_r0c0n0ss0l0_nc_lmmetal_blm_sm5.hlsl
pixelshader,lpo_sm_l0s_l0ss_l1o_l1ss_nofog_r0c0n0ss0l0_nc_lmmetal_blm_sm5.hlsl
pixelshader,lpo_sm_l0o_l1o_nofog_r0c0n0ss0l0_nc_lmmetal_blm_sm5.hlsl
pixelshader,lpo_sm_l0o_l1o_l1ss_nofog_r0c0n0ss0l0_nc_lmmetal_blm_sm5.hlsl
pixelshader,lpo_sm_l0o_l0ss_l1o_nofog_r0c0n0ss0l0_nc_lmmetal_blm_sm5.hlsl
pixelshader,lpo_sm_l0o_l0ss_l1o_l1ss_nofog_r0c0n0ss0l0_nc_lmmetal_blm_sm5.hlsl
pixelshader,lpo_sm_ldbsm_nofog_r0c0n0ss0l0_nc_lmmetal_blm_sm5.hlsl
pixelshader,lpo_sm_ldb_sunsm_nofog_r0c0n0ss0l0_nc_lmmetal_blm_sm5.hlsl
techset,m_l_sm_lmmetal_r0c0n0ss0l0_nfwpf
vertexshader,lpo_sm_l0n_nofog_s_tc0n0_subdiv_nc_sm5.hlsl
pixelshader,,lpo_sm_l0n_nofog_t0c0n0s0l0_nc_blm_sm5.hlsl
pixelshader,,lpo_sm_l0d_nofog_t0c0n0s0l0_nc_blm_sm5.hlsl
vertexshader,lpo_sm_l0d_l0sd_nofog_s_tc0n0_subdiv_nc_sm5.hlsl
pixelshader,,lpo_sm_l0d_l0sd_nofog_t0c0n0s0l0_nc_blm_sm5.hlsl
pixelshader,,lpo_sm_l0s_nofog_t0c0n0s0l0_nc_blm_sm5.hlsl
pixelshader,,lpo_sm_l0s_l0ss_nofog_t0c0n0s0l0_nc_blm_sm5.hlsl
pixelshader,,lpo_sm_l0o_nofog_t0c0n0s0l0_nc_blm_sm5.hlsl
pixelshader,,lpo_sm_l0o_l0ss_nofog_t0c0n0s0l0_nc_blm_sm5.hlsl
vertexshader,lpo_sm_l0d_l1s_nofog_s_tc0n0_subdiv_nc_sm5.hlsl
pixelshader,,lpo_sm_l0d_l1s_nofog_t0c0n0s0l0_nc_blm_sm5.hlsl
vertexshader,lpo_sm_l0d_l1s_l1ss_nofog_s_tc0n0_subdiv_nc_sm5.hlsl
pixelshader,,lpo_sm_l0d_l1s_l1ss_nofog_t0c0n0s0l0_nc_blm_sm5.hlsl
pixelshader,,lpo_sm_l0d_l1o_nofog_t0c0n0s0l0_nc_blm_sm5.hlsl
pixelshader,,lpo_sm_l0d_l1o_l1ss_nofog_t0c0n0s0l0_nc_blm_sm5.hlsl
vertexshader,lpo_sm_l0d_l0sd_l1s_nofog_s_tc0n0_subdiv_nc_sm5.hlsl
pixelshader,,lpo_sm_l0d_l0sd_l1s_nofog_t0c0n0s0l0_nc_blm_sm5.hlsl
vertexshader,lpo_sm_l0d_l0sd_l1s_l1ss_nofog_s_tc0n0_subdiv_nc_sm5.hlsl
pixelshader,,lpo_sm_l0d_l0sd_l1s_l1ss_nofog_t0c0n0s0l0_nc_blm_sm5.hlsl
pixelshader,,lpo_sm_l0d_l0sd_l1o_nofog_t0c0n0s0l0_nc_blm_sm5.hlsl
pixelshader,,lpo_sm_l0d_l0sd_l1o_l1ss_nofog_t0c0n0s0l0_nc_blm_sm5.hlsl
pixelshader,,lpo_sm_l0s_l1s_nofog_t0c0n0s0l0_nc_blm_sm5.hlsl
pixelshader,,lpo_sm_l0s_l1s_l1ss_nofog_t0c0n0s0l0_nc_blm_sm5.hlsl
pixelshader,,lpo_sm_l0s_l1o_nofog_t0c0n0s0l0_nc_blm_sm5.hlsl
pixelshader,,lpo_sm_l0s_l1o_l1ss_nofog_t0c0n0s0l0_nc_blm_sm5.hlsl
pixelshader,,lpo_sm_l0s_l0ss_l1s_nofog_t0c0n0s0l0_nc_blm_sm5.hlsl
pixelshader,,lpo_sm_l0s_l0ss_l1s_l1ss_nofog_t0c0n0s0l0_nc_blm_sm5.hlsl
pixelshader,,lpo_sm_l0s_l0ss_l1o_nofog_t0c0n0s0l0_nc_blm_sm5.hlsl
pixelshader,,lpo_sm_l0s_l0ss_l1o_l1ss_nofog_t0c0n0s0l0_nc_blm_sm5.hlsl
pixelshader,,lpo_sm_l0o_l1o_nofog_t0c0n0s0l0_nc_blm_sm5.hlsl
pixelshader,,lpo_sm_l0o_l1o_l1ss_nofog_t0c0n0s0l0_nc_blm_sm5.hlsl
pixelshader,,lpo_sm_l0o_l0ss_l1o_nofog_t0c0n0s0l0_nc_blm_sm5.hlsl
pixelshader,,lpo_sm_l0o_l0ss_l1o_l1ss_nofog_t0c0n0s0l0_nc_blm_sm5.hlsl
vertexshader,lpo_sm_ldbsm_nofog_s_tc0n0_subdiv_nc_sm5.hlsl
pixelshader,,lpo_sm_ldbsm_nofog_t0c0n0s0l0_nc_blm_sm5.hlsl
pixelshader,,lpo_sm_ldb_sunsm_nofog_t0c0n0s0l0_nc_blm_sm5.hlsl
vertexshader,l_point_tc0n0_subdiv_nc.hlsl
pixelshader,,l_spot_t0c0n0_nc.hlsl
pixelshader,,l_omni_t0c0n0_nc.hlsl
vertexshader,l_point_l0s2_sm_tc0n0_subdiv_nc.hlsl
pixelshader,,l_spot_l0s2_sm_t0c0n0_nc.hlsl
vertexshader,,vertcol_untextured_subdiv_nc_nofog.hlsl
vertexshader,,debug_normals_subdiv_nc.hlsl
vertexdecl,pp.ft0t0.3nn.ftt1.f
vertexshader,,subdiv_patch_vertcol_simple_mtlclr_nofog_subdiv_nc.hlsl
hullshader,,subdiv_patch_vertcol_simple_mtlclr_nofog_subdiv_nc.hlsl
domainshader,subdiv_patch_vertcol_simple_atest_subdiv_nc.hlsl
domainshader,subdiv_patch_vertcol_simple_atest_mtlclr_nofog_subdiv_nc.hlsl
vertexshader,subdiv_patch_lpo_sm_l0n_nofog_s_tc0n0_subdiv_nc_sm5.hlsl
vertexdecl,pp.ft0t0.3tt2.f
hullshader,,subdiv_patch_debug_normals_subdiv_nc.hlsl
domainshader,subdiv_patch_lpo_sm_l0n_nofog_s_tc0n0_subdiv_nc_sm5.hlsl
domainshader,subdiv_patch_lpo_sm_l0d_l0sd_nofog_s_tc0n0_subdiv_nc_sm5.hlsl
domainshader,subdiv_patch_lpo_sm_l0d_l1s_nofog_s_tc0n0_subdiv_nc_sm5.hlsl
domainshader,subdiv_patch_lpo_sm_l0d_l1s_l1ss_nofog_s_tc0n0_subdiv_nc_sm5.hlsl
domainshader,subdiv_patch_lpo_sm_l0d_l0sd_l1s_nofog_s_tc0n0_subdiv_nc_sm5.hlsl
domainshader,subdiv_patch_lpo_sm_l0d_l0sd_l1s_l1ss_nofog_s_tc0n0_subdiv_nc_sm5.hlsl
domainshader,subdiv_patch_lpo_sm_ldbsm_nofog_s_tc0n0_subdiv_nc_sm5.hlsl
vertexshader,subdiv_patch_l_point_tc0n0_subdiv_nc.hlsl
hullshader,subdiv_patch_l_point_tc0n0_subdiv_nc.hlsl
domainshader,subdiv_patch_l_point_tc0n0_subdiv_nc.hlsl
domainshader,subdiv_patch_l_point_l0s2_sm_tc0n0_subdiv_nc.hlsl
vertexshader,,subdiv_patch_vertcol_untextured_subdiv_nc_nofog.hlsl
hullshader,,subdiv_patch_vertcol_untextured_subdiv_nc_nofog.hlsl
domainshader,,subdiv_patch_vertcol_untextured_subdiv_nc_nofog.hlsl
vertexshader,,subdiv_patch_velocity_sm_nofog_subdiv_nc_sm3_vrigid.hlsl
hullshader,,subdiv_patch_velocity_sm_nofog_subdiv_nc_sm3_vrigid.hlsl
domainshader,,subdiv_patch_velocity_sm_nofog_subdiv_nc_sm3_vrigid.hlsl
vertexshader,,subdiv_patch_velocity_sm_nofog_subdiv_nc_sm3_vskinned.hlsl
vertexshader,,subdiv_patch_debug_normals_subdiv_nc.hlsl
vertexdecl,pp.ft0t0.3tt1.f
domainshader,,subdiv_patch_debug_normals_subdiv_nc.hlsl
techset,ms_l_sm_t0c0n0s0l0_nfwpf
vertexshader,,vertcol_simple_fog_clg.hlsl
pixelshader,vertcol_simple_screen_lin_fog_addblend_ndw_blml_clgnb.hlsl
vertexshader,,zfeather_l0s_clg.hlsl
pixelshader,zfeather_l0s_premul_lin_addblend_ndw_blml_clgnb.hlsl
techset,effect_zfeather_screen_lin_ndw_bl
techset,,effect_add_lin_eyeoffset_ndw_bl_blmod
techset,m_l_sm_t0c0s0l0_nfwpf
techset,,mc_l_sm_ndw_b0c0n0s0l0_nfwpf
techset,,wc_l_sm_ndw_b0c0n0s0l0_nfwpf
techset,,wc_l_sm_ndw_b0c0n0s0l0_z1_z2_z3_z4_z5_z6_z7_z8_zdecal0_nfwpf
vertexshader,trivial_vertcol_simple.hlsl
pixelshader,vertcol_simple_nofog_blml_abl_ndw_lin.hlsl
techset,effect_blend_lin_nofog_ndw_nohdrcolor_bl_abl
pixelshader,vertcol_simple_add_lin_addblend_ndw_blml_blmod.hlsl
techset,effect_add_lin_nofog_ndw_nohdrcolor_bl_blmod
vertexshader,zfeather_l0s_nf.hlsl
pixelshader,zfeather_l0s_premul_nf_lin_addblend_ndw_blml_blmod.hlsl
techset,effect_zfeather_add_lin_nofog_ndw_nohdrcolor_bl_blmod
pixelshader,vertcol_simple_add_lin_fog_addblend_ndw_uvd_blml_blmod_clgnb.hlsl
pixelshader,zfeather_l0s_premul_uvd_lin_addblend_ndw_blml_blmod_clgnb.hlsl
techset,effect_zfeather_add_lin_ndw_uvd_bl_blmod
vertexshader,,vertcol_simple_nofog_fo_clg.hlsl
pixelshader,,vertcol_simple_nofog_blml_abl_ndw_fo_lin_clg.hlsl
vertexshader,zfeather_l0s_fo_nf_clg.hlsl
pixelshader,zfeather_l0s_fo_nf_lin_ndw_blml_abl_clg.hlsl
techset,effect_zfeather_falloff_blend_lin_nofog_ndw_bl_abl
techset,,effect_zfeather_blend_lin_nofog_ndw_bl_abl
vertexshader,,vertcol_simple_mtlclr_nofog.hlsl
pixelshader,vertcol_shaded_nofog_lin.hlsl
vertexshader,lpo_sm_l0n_nofog_s_tc0n0_sm5.hlsl
pixelshader,lpo_sm_l0n_ndw_nofog_b0c0n0s0l0px_blm_sm5.hlsl
pixelshader,lpo_sm_l0d_ndw_nofog_b0c0n0s0l0px_blm_sm5.hlsl
vertexshader,lpo_sm_l0d_l0sd_nofog_s_tc0n0_sm5.hlsl
pixelshader,lpo_sm_l0d_l0sd_ndw_nofog_b0c0n0s0l0px_blm_sm5.hlsl
pixelshader,lpo_sm_l0s_ndw_nofog_b0c0n0s0l0px_blm_sm5.hlsl
pixelshader,lpo_sm_l0s_l0ss_ndw_nofog_b0c0n0s0l0px_blm_sm5.hlsl
pixelshader,lpo_sm_l0o_ndw_nofog_b0c0n0s0l0px_blm_sm5.hlsl
pixelshader,lpo_sm_l0o_l0ss_ndw_nofog_b0c0n0s0l0px_blm_sm5.hlsl
vertexshader,lpo_sm_l0d_l1s_nofog_s_tc0n0_sm5.hlsl
pixelshader,lpo_sm_l0d_l1s_ndw_nofog_b0c0n0s0l0px_blm_sm5.hlsl
vertexshader,lpo_sm_l0d_l1s_l1ss_nofog_s_tc0n0_sm5.hlsl
pixelshader,lpo_sm_l0d_l1s_l1ss_ndw_nofog_b0c0n0s0l0px_blm_sm5.hlsl
pixelshader,lpo_sm_l0d_l1o_ndw_nofog_b0c0n0s0l0px_blm_sm5.hlsl
pixelshader,lpo_sm_l0d_l1o_l1ss_ndw_nofog_b0c0n0s0l0px_blm_sm5.hlsl
vertexshader,lpo_sm_l0d_l0sd_l1s_nofog_s_tc0n0_sm5.hlsl
pixelshader,lpo_sm_l0d_l0sd_l1s_ndw_nofog_b0c0n0s0l0px_blm_sm5.hlsl
vertexshader,lpo_sm_l0d_l0sd_l1s_l1ss_nofog_s_tc0n0_sm5.hlsl
pixelshader,lpo_sm_l0d_l0sd_l1s_l1ss_ndw_nofog_b0c0n0s0l0px_blm_sm5.hlsl
pixelshader,lpo_sm_l0d_l0sd_l1o_ndw_nofog_b0c0n0s0l0px_blm_sm5.hlsl
pixelshader,lpo_sm_l0d_l0sd_l1o_l1ss_ndw_nofog_b0c0n0s0l0px_blm_sm5.hlsl
pixelshader,lpo_sm_l0s_l1s_ndw_nofog_b0c0n0s0l0px_blm_sm5.hlsl
pixelshader,lpo_sm_l0s_l1s_l1ss_ndw_nofog_b0c0n0s0l0px_blm_sm5.hlsl
pixelshader,lpo_sm_l0s_l1o_ndw_nofog_b0c0n0s0l0px_blm_sm5.hlsl
pixelshader,lpo_sm_l0s_l1o_l1ss_ndw_nofog_b0c0n0s0l0px_blm_sm5.hlsl
pixelshader,lpo_sm_l0s_l0ss_l1s_ndw_nofog_b0c0n0s0l0px_blm_sm5.hlsl
pixelshader,lpo_sm_l0s_l0ss_l1s_l1ss_ndw_nofog_b0c0n0s0l0px_blm_sm5.hlsl
pixelshader,lpo_sm_l0s_l0ss_l1o_ndw_nofog_b0c0n0s0l0px_blm_sm5.hlsl
pixelshader,lpo_sm_l0s_l0ss_l1o_l1ss_ndw_nofog_b0c0n0s0l0px_blm_sm5.hlsl
pixelshader,lpo_sm_l0o_l1o_ndw_nofog_b0c0n0s0l0px_blm_sm5.hlsl
pixelshader,lpo_sm_l0o_l1o_l1ss_ndw_nofog_b0c0n0s0l0px_blm_sm5.hlsl
pixelshader,lpo_sm_l0o_l0ss_l1o_ndw_nofog_b0c0n0s0l0px_blm_sm5.hlsl
pixelshader,lpo_sm_l0o_l0ss_l1o_l1ss_ndw_nofog_b0c0n0s0l0px_blm_sm5.hlsl
vertexshader,lpo_sm_ldbsm_nofog_s_tc0n0_sm5.hlsl
pixelshader,lpo_sm_ldbsm_ndw_nofog_b0c0n0s0l0px_blm_sm5.hlsl
pixelshader,lpo_sm_ldb_sunsm_ndw_nofog_b0c0n0s0l0px_blm_sm5.hlsl
vertexshader,,l_point_tc0n0.hlsl
pixelshader,,l_spot_ndw_b0c0n0.hlsl
pixelshader,,l_omni_ndw_b0c0n0.hlsl
vertexshader,,l_point_l0s2_sm_tc0n0.hlsl
pixelshader,,l_spot_ndw_l0s2_sm_b0c0n0.hlsl
vertexshader,,vertcol_simple_i_mtlclr_nofog.hlsl
vertexshader,lpo_sm_l0n_i_nofog_s_tc0n0_sm5.hlsl
vertexshader,lpo_sm_l0d_l0sd_i_nofog_s_tc0n0_sm5.hlsl
vertexshader,lpo_sm_l0d_l1s_i_nofog_s_tc0n0_sm5.hlsl
vertexshader,lpo_sm_l0d_l1s_l1ss_i_nofog_s_tc0n0_sm5.hlsl
vertexshader,lpo_sm_l0d_l0sd_l1s_i_nofog_s_tc0n0_sm5.hlsl
vertexshader,lpo_sm_l0d_l0sd_l1s_l1ss_i_nofog_s_tc0n0_sm5.hlsl
vertexshader,lpo_sm_ldbsm_i_nofog_s_tc0n0_sm5.hlsl
vertexshader,,l_point_i_tc0n0.hlsl
vertexshader,,l_point_i_l0s2_sm_tc0n0.hlsl
techset,mc_l_sm_ndw_b0c0n0s0l0p0_nfwpf
vertexshader,lmo_sm_l0n_s_tc0n0_nofog_sm5.hlsl
vertexdecl,pp.fcc0.ft0t0.fnn.ftt2.f
pixelshader,lmo_sm_l0n_b0c0n0s0l0px_ndw_nofog_blm_sm5.hlsl
pixelshader,lmo_sm_l0d_b0c0n0s0l0px_ndw_nofog_blm_sm5.hlsl
vertexshader,lmo_sm_l0d_l0sd_s_tc0n0_nofog_sm5.hlsl
pixelshader,lmo_sm_l0d_l0sd_b0c0n0s0l0px_ndw_nofog_blm_sm5.hlsl
vertexshader,lmo_sm_l0s_s_tc0n0_nofog_sm5.hlsl
pixelshader,lmo_sm_l0s_b0c0n0s0l0px_ndw_nofog_blm_sm5.hlsl
vertexshader,lmo_sm_l0s_l0ss_s_tc0n0_nofog_sm5.hlsl
pixelshader,lmo_sm_l0s_l0ss_b0c0n0s0l0px_ndw_nofog_blm_sm5.hlsl
pixelshader,lmo_sm_l0o_b0c0n0s0l0px_ndw_nofog_blm_sm5.hlsl
pixelshader,lmo_sm_l0o_l0ss_b0c0n0s0l0px_ndw_nofog_blm_sm5.hlsl
vertexshader,lmo_sm_l0d_l1s_s_tc0n0_nofog_sm5.hlsl
pixelshader,lmo_sm_l0d_l1s_b0c0n0s0l0px_ndw_nofog_blm_sm5.hlsl
vertexshader,lmo_sm_l0d_l1s_l1ss_s_tc0n0_nofog_sm5.hlsl
pixelshader,lmo_sm_l0d_l1s_l1ss_b0c0n0s0l0px_ndw_nofog_blm_sm5.hlsl
pixelshader,lmo_sm_l0d_l1o_b0c0n0s0l0px_ndw_nofog_blm_sm5.hlsl
pixelshader,lmo_sm_l0d_l1o_l1ss_b0c0n0s0l0px_ndw_nofog_blm_sm5.hlsl
vertexshader,lmo_sm_l0d_l0sd_l1s_s_tc0n0_nofog_sm5.hlsl
pixelshader,lmo_sm_l0d_l0sd_l1s_b0c0n0s0l0px_ndw_nofog_blm_sm5.hlsl
vertexshader,lmo_sm_l0d_l0sd_l1s_l1ss_s_tc0n0_nofog_sm5.hlsl
pixelshader,lmo_sm_l0d_l0sd_l1s_l1ss_b0c0n0s0l0px_ndw_nofog_blm_sm5.hlsl
pixelshader,lmo_sm_l0d_l0sd_l1o_b0c0n0s0l0px_ndw_nofog_blm_sm5.hlsl
pixelshader,lmo_sm_l0d_l0sd_l1o_l1ss_b0c0n0s0l0px_ndw_nofog_blm_sm5.hlsl
vertexshader,lmo_sm_l0s_l1s_s_tc0n0_nofog_sm5.hlsl
pixelshader,lmo_sm_l0s_l1s_b0c0n0s0l0px_ndw_nofog_blm_sm5.hlsl
vertexshader,lmo_sm_l0s_l1s_l1ss_s_tc0n0_nofog_sm5.hlsl
pixelshader,lmo_sm_l0s_l1s_l1ss_b0c0n0s0l0px_ndw_nofog_blm_sm5.hlsl
pixelshader,lmo_sm_l0s_l1o_b0c0n0s0l0px_ndw_nofog_blm_sm5.hlsl
pixelshader,lmo_sm_l0s_l1o_l1ss_b0c0n0s0l0px_ndw_nofog_blm_sm5.hlsl
vertexshader,lmo_sm_l0s_l0ss_l1s_s_tc0n0_nofog_sm5.hlsl
pixelshader,lmo_sm_l0s_l0ss_l1s_b0c0n0s0l0px_ndw_nofog_blm_sm5.hlsl
vertexshader,lmo_sm_l0s_l0ss_l1s_l1ss_s_tc0n0_nofog_sm5.hlsl
pixelshader,lmo_sm_l0s_l0ss_l1s_l1ss_b0c0n0s0l0px_ndw_nofog_blm_sm5.hlsl
pixelshader,lmo_sm_l0s_l0ss_l1o_b0c0n0s0l0px_ndw_nofog_blm_sm5.hlsl
pixelshader,lmo_sm_l0s_l0ss_l1o_l1ss_b0c0n0s0l0px_ndw_nofog_blm_sm5.hlsl
pixelshader,lmo_sm_l0o_l1o_b0c0n0s0l0px_ndw_nofog_blm_sm5.hlsl
pixelshader,lmo_sm_l0o_l1o_l1ss_b0c0n0s0l0px_ndw_nofog_blm_sm5.hlsl
pixelshader,lmo_sm_l0o_l0ss_l1o_b0c0n0s0l0px_ndw_nofog_blm_sm5.hlsl
pixelshader,lmo_sm_l0o_l0ss_l1o_l1ss_b0c0n0s0l0px_ndw_nofog_blm_sm5.hlsl
vertexshader,lmo_sm_ldbsm_s_tc0n0_nofog_sm5.hlsl
pixelshader,lmo_sm_ldbsm_b0c0n0s0l0px_ndw_nofog_blm_sm5.hlsl
pixelshader,lmo_sm_ldb_sunsm_b0c0n0s0l0px_ndw_nofog_blm_sm5.hlsl
techset,wc_l_sm_ndw_b0c0n0s0l0p0_nfwpf
vertexshader,,world_displacement_vertcol_simple_mtlclr_nofog_world_disp_zdecal0_z1z2z3z4z5z6z7z8.hlsl
vertexdecl,pp.fcc0.ft0t0.3nn.ft1t3.ft2t4.ft3t7.ft4t8.fy0tb.fy1tc.fw0td.fw1te.f
hullshader,,world_displacement_vertcol_simple_mtlclr_nofog_world_disp_zdecal0_z1z2z3z4z5z6z7z8.hlsl
domainshader,,world_displacement_vertcol_simple_mtlclr_nofog_world_disp_zdecal0_z1z2z3z4z5z6z7z8.hlsl
vertexshader,world_displacement_lmo_l0n_s_tc0n0z1z2z3z4z5z6z7z8_nofog_world_disp_zdecal0_z1z2z3z4z5z6z7z8_sm5.hlsl
vertexdecl,pp.fcc0.ft0t0.fnn.ftt2.ft1t3.ft2t4.ft3t7.ft4t8.fy0tb.fy1tc.fw0td.fw1te.f
hullshader,world_displacement_lmo_l0n_s_tc0n0z1z2z3z4z5z6z7z8_nofog_world_disp_zdecal0_z1z2z3z4z5z6z7z8_sm5.hlsl
domainshader,world_displacement_lmo_l0n_s_tc0n0z1z2z3z4z5z6z7z8_nofog_world_disp_zdecal0_z1z2z3z4z5z6z7z8_sm5.hlsl
vertexshader,world_displacement_lmo_l0d_l0sd_s_tc0n0z1z2z3z4z5z6z7z8_nofog_world_disp_zdecal0_z1z2z3z4z5z6z7z8_sm5.hlsl
hullshader,world_displacement_lmo_l0d_l0sd_s_tc0n0z1z2z3z4z5z6z7z8_nofog_world_disp_zdecal0_z1z2z3z4z5z6z7z8_sm5.hlsl
domainshader,world_displacement_lmo_l0d_l0sd_s_tc0n0z1z2z3z4z5z6z7z8_nofog_world_disp_zdecal0_z1z2z3z4z5z6z7z8_sm5.hlsl
hullshader,world_displacement_lmo_l0s_s_tc0n0z1z2z3z4z5z6z7z8_nofog_world_disp_zdecal0_z1z2z3z4z5z6z7z8_sm5.hlsl
domainshader,world_displacement_lmo_l0s_s_tc0n0z1z2z3z4z5z6z7z8_nofog_world_disp_zdecal0_z1z2z3z4z5z6z7z8_sm5.hlsl
hullshader,world_displacement_lmo_l0s_l0ss_s_tc0n0z1z2z3z4z5z6z7z8_nofog_world_disp_zdecal0_z1z2z3z4z5z6z7z8_sm5.hlsl
domainshader,world_displacement_lmo_l0s_l0ss_s_tc0n0z1z2z3z4z5z6z7z8_nofog_world_disp_zdecal0_z1z2z3z4z5z6z7z8_sm5.hlsl
hullshader,world_displacement_lmo_l0d_l1s_s_tc0n0z1z2z3z4z5z6z7z8_nofog_world_disp_zdecal0_z1z2z3z4z5z6z7z8_sm5.hlsl
domainshader,world_displacement_lmo_l0d_l1s_s_tc0n0z1z2z3z4z5z6z7z8_nofog_world_disp_zdecal0_z1z2z3z4z5z6z7z8_sm5.hlsl
vertexshader,world_displacement_lmo_l0d_l1s_l1ss_s_tc0n0z1z2z3z4z5z6z7z8_nofog_world_disp_zdecal0_z1z2z3z4z5z6z7z8_sm5.hlsl
hullshader,world_displacement_lmo_l0d_l1s_l1ss_s_tc0n0z1z2z3z4z5z6z7z8_nofog_world_disp_zdecal0_z1z2z3z4z5z6z7z8_sm5.hlsl
domainshader,world_displacement_lmo_l0d_l1s_l1ss_s_tc0n0z1z2z3z4z5z6z7z8_nofog_world_disp_zdecal0_z1z2z3z4z5z6z7z8_sm5.hlsl
hullshader,world_displacement_lmo_l0d_l0sd_l1s_s_tc0n0z1z2z3z4z5z6z7z8_nofog_world_disp_zdecal0_z1z2z3z4z5z6z7z8_sm5.hlsl
domainshader,world_displacement_lmo_l0d_l0sd_l1s_s_tc0n0z1z2z3z4z5z6z7z8_nofog_world_disp_zdecal0_z1z2z3z4z5z6z7z8_sm5.hlsl
hullshader,world_displacement_lmo_l0d_l0sd_l1s_l1ss_s_tc0n0z1z2z3z4z5z6z7z8_nofog_world_disp_zdecal0_z1z2z3z4z5z6z7z8_sm5.hlsl
domainshader,world_displacement_lmo_l0d_l0sd_l1s_l1ss_s_tc0n0z1z2z3z4z5z6z7z8_nofog_world_disp_zdecal0_z1z2z3z4z5z6z7z8_sm5.hlsl
hullshader,world_displacement_lmo_l0s_l1s_s_tc0n0z1z2z3z4z5z6z7z8_nofog_world_disp_zdecal0_z1z2z3z4z5z6z7z8_sm5.hlsl
domainshader,world_displacement_lmo_l0s_l1s_s_tc0n0z1z2z3z4z5z6z7z8_nofog_world_disp_zdecal0_z1z2z3z4z5z6z7z8_sm5.hlsl
hullshader,world_displacement_lmo_l0s_l1s_l1ss_s_tc0n0z1z2z3z4z5z6z7z8_nofog_world_disp_zdecal0_z1z2z3z4z5z6z7z8_sm5.hlsl
domainshader,world_displacement_lmo_l0s_l1s_l1ss_s_tc0n0z1z2z3z4z5z6z7z8_nofog_world_disp_zdecal0_z1z2z3z4z5z6z7z8_sm5.hlsl
hullshader,world_displacement_lmo_l0s_l0ss_l1s_s_tc0n0z1z2z3z4z5z6z7z8_nofog_world_disp_zdecal0_z1z2z3z4z5z6z7z8_sm5.hlsl
domainshader,world_displacement_lmo_l0s_l0ss_l1s_s_tc0n0z1z2z3z4z5z6z7z8_nofog_world_disp_zdecal0_z1z2z3z4z5z6z7z8_sm5.hlsl
hullshader,world_displacement_lmo_l0s_l0ss_l1s_l1ss_s_tc0n0z1z2z3z4z5z6z7z8_nofog_world_disp_zdecal0_z1z2z3z4z5z6z7z8_sm5.hlsl
domainshader,world_displacement_lmo_l0s_l0ss_l1s_l1ss_s_tc0n0z1z2z3z4z5z6z7z8_nofog_world_disp_zdecal0_z1z2z3z4z5z6z7z8_sm5.hlsl
vertexshader,world_displacement_lmo_ldbsm_s_tc0n0z1z2z3z4z5z6z7z8_nofog_world_disp_zdecal0_z1z2z3z4z5z6z7z8_sm5.hlsl
hullshader,world_displacement_lmo_ldbsm_s_tc0n0z1z2z3z4z5z6z7z8_nofog_world_disp_zdecal0_z1z2z3z4z5z6z7z8_sm5.hlsl
domainshader,world_displacement_lmo_ldbsm_s_tc0n0z1z2z3z4z5z6z7z8_nofog_world_disp_zdecal0_z1z2z3z4z5z6z7z8_sm5.hlsl
vertexshader,,world_displacement_l_point_world_disp_zdecal0_z1z2z3z4z5z6z7z8_tc0n0z1z2z3z4z5z6z7z8.hlsl
vertexdecl,pp.fcc0.ft0t0.3nn.ftt2.ft1t3.ft2t4.ft3t7.ft4t8.fy0tb.fy1tc.fw0td.fw1te.f
hullshader,,world_displacement_l_point_world_disp_zdecal0_z1z2z3z4z5z6z7z8_tc0n0z1z2z3z4z5z6z7z8.hlsl
domainshader,,world_displacement_l_point_world_disp_zdecal0_z1z2z3z4z5z6z7z8_tc0n0z1z2z3z4z5z6z7z8.hlsl
vertexshader,,world_displacement_l_point_world_disp_zdecal0_z1z2z3z4z5z6z7z8_l0s2_sm_tc0n0z1z2z3z4z5z6z7z8.hlsl
hullshader,,world_displacement_l_point_world_disp_zdecal0_z1z2z3z4z5z6z7z8_l0s2_sm_tc0n0z1z2z3z4z5z6z7z8.hlsl
domainshader,,world_displacement_l_point_world_disp_zdecal0_z1z2z3z4z5z6z7z8_l0s2_sm_tc0n0z1z2z3z4z5z6z7z8.hlsl
vertexshader,,world_displacement_vertcol_untextured_world_disp_zdecal0_z1z2z3z4z5z6z7z8_nofog.hlsl
vertexdecl,pp.fcc0.fnn.ft1t3.ft2t4.ft3t7.ft4t8.fy0tb.fy1tc.fw0td.fw1te.f
hullshader,,world_displacement_vertcol_untextured_world_disp_zdecal0_z1z2z3z4z5z6z7z8_nofog.hlsl
domainshader,,world_displacement_vertcol_untextured_world_disp_zdecal0_z1z2z3z4z5z6z7z8_nofog.hlsl
vertexshader,,world_displacement_debug_normals_world_disp_zdecal0_z1z2z3z4z5z6z7z8.hlsl
vertexdecl,pp.fcc0.ft0t0.3nn.ftt1.ft1t3.ft2t4.ft3t7.ft4t8.fy0tb.fy1tc.fw0td.fw1te.f
hullshader,,world_displacement_debug_normals_world_disp_zdecal0_z1z2z3z4z5z6z7z8.hlsl
domainshader,,world_displacement_debug_normals_world_disp_zdecal0_z1z2z3z4z5z6z7z8.hlsl
vertexshader,,vertcol_simple_mtlclr_nofog_no_tess_world_disp_zdecal0_z1z2z3z4z5z6z7z8.hlsl
vertexshader,lmo_sm_l0n_s_tc0n0z1z2z3z4z5z6z7z8_nofog_no_tess_world_disp_zdecal0_z1z2z3z4z5z6z7z8_sm5.hlsl
vertexshader,lmo_sm_l0d_l0sd_s_tc0n0z1z2z3z4z5z6z7z8_nofog_no_tess_world_disp_zdecal0_z1z2z3z4z5z6z7z8_sm5.hlsl
vertexshader,lmo_sm_l0s_s_tc0n0z1z2z3z4z5z6z7z8_nofog_no_tess_world_disp_zdecal0_z1z2z3z4z5z6z7z8_sm5.hlsl
vertexshader,lmo_sm_l0s_l0ss_s_tc0n0z1z2z3z4z5z6z7z8_nofog_no_tess_world_disp_zdecal0_z1z2z3z4z5z6z7z8_sm5.hlsl
vertexshader,lmo_sm_l0d_l1s_s_tc0n0z1z2z3z4z5z6z7z8_nofog_no_tess_world_disp_zdecal0_z1z2z3z4z5z6z7z8_sm5.hlsl
vertexshader,lmo_sm_l0d_l1s_l1ss_s_tc0n0z1z2z3z4z5z6z7z8_nofog_no_tess_world_disp_zdecal0_z1z2z3z4z5z6z7z8_sm5.hlsl
vertexshader,lmo_sm_l0d_l0sd_l1s_s_tc0n0z1z2z3z4z5z6z7z8_nofog_no_tess_world_disp_zdecal0_z1z2z3z4z5z6z7z8_sm5.hlsl
vertexshader,lmo_sm_l0d_l0sd_l1s_l1ss_s_tc0n0z1z2z3z4z5z6z7z8_nofog_no_tess_world_disp_zdecal0_z1z2z3z4z5z6z7z8_sm5.hlsl
vertexshader,lmo_sm_l0s_l1s_s_tc0n0z1z2z3z4z5z6z7z8_nofog_no_tess_world_disp_zdecal0_z1z2z3z4z5z6z7z8_sm5.hlsl
vertexshader,lmo_sm_l0s_l1s_l1ss_s_tc0n0z1z2z3z4z5z6z7z8_nofog_no_tess_world_disp_zdecal0_z1z2z3z4z5z6z7z8_sm5.hlsl
vertexshader,lmo_sm_l0s_l0ss_l1s_s_tc0n0z1z2z3z4z5z6z7z8_nofog_no_tess_world_disp_zdecal0_z1z2z3z4z5z6z7z8_sm5.hlsl
vertexshader,lmo_sm_l0s_l0ss_l1s_l1ss_s_tc0n0z1z2z3z4z5z6z7z8_nofog_no_tess_world_disp_zdecal0_z1z2z3z4z5z6z7z8_sm5.hlsl
vertexshader,lmo_sm_ldbsm_s_tc0n0z1z2z3z4z5z6z7z8_nofog_no_tess_world_disp_zdecal0_z1z2z3z4z5z6z7z8_sm5.hlsl
vertexshader,,l_point_no_tess_world_disp_zdecal0_z1z2z3z4z5z6z7z8_tc0n0z1z2z3z4z5z6z7z8.hlsl
vertexshader,,l_point_no_tess_world_disp_zdecal0_z1z2z3z4z5z6z7z8_l0s2_sm_tc0n0z1z2z3z4z5z6z7z8.hlsl
vertexshader,,vertcol_untextured_no_tess_world_disp_zdecal0_z1z2z3z4z5z6z7z8_nofog.hlsl
vertexshader,,debug_normals_no_tess_world_disp_zdecal0_z1z2z3z4z5z6z7z8.hlsl
techset,wc_l_sm_ndw_b0c0n0s0l0_z1_z2_z3_z4_z5_z6_z7_z8_zdecal0p0_nfwpf
techset,,m_l_sm_ndw_b0c0n0l0_cltrans
techset,,particle_cloud_outdoor_add_bl_blmod_lin
techset,,particle_cloud_spark_add_bl_blmod_lin
techset,,m_l_sm_rim_r0c0n0s0l0p0_nfwpf
techset,,m_l_sm_rim_r0c0n0s0l0_nfwpf
techset,,m_l_sm_ndw_b0c0n0s0l0p0_cltrans_eye
pixelshader,lpo_sm_l0n_nofog_r0c0n0s0l0_nc_lmcloth_blm_sm5.hlsl
pixelshader,lpo_sm_l0d_nofog_r0c0n0s0l0_nc_lmcloth_blm_sm5.hlsl
pixelshader,lpo_sm_l0d_l0sd_nofog_r0c0n0s0l0_nc_lmcloth_blm_sm5.hlsl
pixelshader,lpo_sm_l0s_nofog_r0c0n0s0l0_nc_lmcloth_blm_sm5.hlsl
pixelshader,lpo_sm_l0s_l0ss_nofog_r0c0n0s0l0_nc_lmcloth_blm_sm5.hlsl
pixelshader,lpo_sm_l0o_nofog_r0c0n0s0l0_nc_lmcloth_blm_sm5.hlsl
pixelshader,lpo_sm_l0o_l0ss_nofog_r0c0n0s0l0_nc_lmcloth_blm_sm5.hlsl
pixelshader,lpo_sm_l0d_l1s_nofog_r0c0n0s0l0_nc_lmcloth_blm_sm5.hlsl
pixelshader,lpo_sm_l0d_l1s_l1ss_nofog_r0c0n0s0l0_nc_lmcloth_blm_sm5.hlsl
pixelshader,lpo_sm_l0d_l1o_nofog_r0c0n0s0l0_nc_lmcloth_blm_sm5.hlsl
pixelshader,lpo_sm_l0d_l1o_l1ss_nofog_r0c0n0s0l0_nc_lmcloth_blm_sm5.hlsl
pixelshader,lpo_sm_l0d_l0sd_l1s_nofog_r0c0n0s0l0_nc_lmcloth_blm_sm5.hlsl
pixelshader,lpo_sm_l0d_l0sd_l1s_l1ss_nofog_r0c0n0s0l0_nc_lmcloth_blm_sm5.hlsl
pixelshader,lpo_sm_l0d_l0sd_l1o_nofog_r0c0n0s0l0_nc_lmcloth_blm_sm5.hlsl
pixelshader,lpo_sm_l0d_l0sd_l1o_l1ss_nofog_r0c0n0s0l0_nc_lmcloth_blm_sm5.hlsl
pixelshader,lpo_sm_l0s_l1s_nofog_r0c0n0s0l0_nc_lmcloth_blm_sm5.hlsl
pixelshader,lpo_sm_l0s_l1s_l1ss_nofog_r0c0n0s0l0_nc_lmcloth_blm_sm5.hlsl
pixelshader,lpo_sm_l0s_l1o_nofog_r0c0n0s0l0_nc_lmcloth_blm_sm5.hlsl
pixelshader,lpo_sm_l0s_l1o_l1ss_nofog_r0c0n0s0l0_nc_lmcloth_blm_sm5.hlsl
pixelshader,lpo_sm_l0s_l0ss_l1s_nofog_r0c0n0s0l0_nc_lmcloth_blm_sm5.hlsl
pixelshader,lpo_sm_l0s_l0ss_l1s_l1ss_nofog_r0c0n0s0l0_nc_lmcloth_blm_sm5.hlsl
pixelshader,lpo_sm_l0s_l0ss_l1o_nofog_r0c0n0s0l0_nc_lmcloth_blm_sm5.hlsl
pixelshader,lpo_sm_l0s_l0ss_l1o_l1ss_nofog_r0c0n0s0l0_nc_lmcloth_blm_sm5.hlsl
pixelshader,lpo_sm_l0o_l1o_nofog_r0c0n0s0l0_nc_lmcloth_blm_sm5.hlsl
pixelshader,lpo_sm_l0o_l1o_l1ss_nofog_r0c0n0s0l0_nc_lmcloth_blm_sm5.hlsl
pixelshader,lpo_sm_l0o_l0ss_l1o_nofog_r0c0n0s0l0_nc_lmcloth_blm_sm5.hlsl
pixelshader,lpo_sm_l0o_l0ss_l1o_l1ss_nofog_r0c0n0s0l0_nc_lmcloth_blm_sm5.hlsl
pixelshader,lpo_sm_ldbsm_nofog_r0c0n0s0l0_nc_lmcloth_blm_sm5.hlsl
pixelshader,lpo_sm_ldb_sunsm_nofog_r0c0n0s0l0_nc_lmcloth_blm_sm5.hlsl
pixelshader,,l_spot_lmcloth_r0c0n0_nc.hlsl
pixelshader,,l_omni_lmcloth_r0c0n0_nc.hlsl
pixelshader,,l_spot_l0s2_lmcloth_sm_r0c0n0_nc.hlsl
techset,m_l_sm_lmcloth_r0c0n0s0l0_nfwpf
techset,,m_l_sm_r0c0l0_custom_objective_nfwpf
techset,,ms_l_sm_lmcloth_rim_r0c0n0s0l0_nfwpf
techset,,ms_l_sm_rim_r0c0n0s0l0_nfwpf
vertexshader,,subdiv_patch_position_only.hlsl
hullshader,,subdiv_patch_position_only.hlsl
domainshader,,subdiv_patch_position_only.hlsl
domainshader,,subdiv_patch_vertcol_simple_mtlclr_nofog_subdiv_nc.hlsl
techset,ms_l_sm_lmcloth_r0c0n0s0l0_nfwpf
rawfile,techsets_common_core_mp
