techset,,2d
vertexshader,vertcol_simple_tools_nc.hlsl
vertexdecl,pp.ft0t0.3
pixelshader,vertcol_shaded_nc.hlsl
vertexshader,,vertcol_untextured_nc_nofog.hlsl
vertexdecl,pp.f
pixelshader,vertcol_untextured_lin_nc_nofog.hlsl
techset,m_tools_b0c0
techset,,m_l_sm_r0c0n0s0l0_nfwpf
techset,,ms_l_sm_r0c0n0s0l0_nfwpf
techset,,ms_l_sm_ndw_b0c0s0l0p0_cltrans
techset,,m_l_sm_ndw_b0c0s0l0p0_cltrans
techset,,ms_l_sm_ndw_b0c0n0s0l0p0_cltrans
techset,,m_l_sm_ndw_b0c0n0s0l0p0_cltrans
techset,,m_reflexsight
techset,,m_l_sm_ndw_b0c0n0s0l0_cltrans
techset,,ms_l_sm_ndw_b0c0n0s0l0_cltrans
techset,,m_unlit_add_lin_ndw_ua_bl_blmod_cltrans
techset,,m_unlit_replace_lin_bl_nfwpf
techset,,m_l_sm_ndw_b0c0s0l0_cltrans
techset,,m_l_sm_r0c0n0s0l0p0_nfwpf
techset,,ms_l_sm_r0c0n0s0l0p0_nfwpf
techset,,ms_l_sm_ndw_b0c0s0l0_cltrans
techset,,mc_l_sm_r0c0n0s0l0p0_nfwpf
techset,,mc_unlit_replace_lin_bl_nfwpf
techset,,m_unlit_add_lin_ndw_ua_bl_blmod_nfwpf
techset,,m_blur_scene
techset,,m_unlit_blend_lin_ndw_bl_abl_cltrans
techset,,effect_zfeather_add_lin_ndw_bl_blmod
techset,,effect_zfeather_falloff_add_lin_ndw_bl_blmod
techset,,distortion_scale
techset,,effect_zfeather_blend_lin_ndw_bl_abl
techset,,m_l_sm_r0c0q0n0s0l0_nfwpf
techset,,ms_l_sm_r0c0q0n0s0l0_nfwpf
techset,,m_l_sm_r0c0db0n0s0l0p0_nfwpf
techset,,ms_l_sm_r0c0db0n0s0l0p0_nfwpf
techset,,effect_zfeather_falloff_add_tab_lin_ndw_bl_blmod
techset,,effect_zfeather_add_tab_lin_ndw_bl_blmod
techset,,mc_l_sm_ndw_b0c0n0s0l0_cltrans
techset,,effect_add_lin_nofog_ndw_bl_blmod
techset,,mc_l_sm_ndw_b0c0d0l0p0_cltrans
vertexshader,vertcol_simple_fog_eo_tab_clg.hlsl
vertexdecl,pp.fcc0.ft0t0.3nn.7tt1.7
pixelshader,,vertcol_simple_fog_blml_abl_ndw_tab_lin_clg.hlsl
vertexshader,zfeather_l0s_dfog_tab_eo_clg.hlsl
pixelshader,,zfeather_l0s_dfog_tab_lin_ndw_blml_abl_clg.hlsl
vertexshader,,vertcol_untextured_nofog.hlsl
vertexdecl,pp.fcc0.f
techset,effect_zfeather_blend_tab_lin_eyeoffset_ndw_bl_abl
techset,,particle_cloud_outdoor_replace_bl_abl_lin
techset,,effect_zfeather_add_lin_eyeoffset_ndw_bl_blmod
techset,,effect_blend_lin_ndw_bl_abl
techset,,effect_zfeather_blend_tab_lin_ndw_bl_abl
vertexshader,vertcol_simple_clgnb.hlsl
vertexdecl,pp.fcc0.ft0t0.3
pixelshader,vertcol_simple_add_lin_addblend_ndw_flow_blml_blmod_clgnb.hlsl
techset,effect_add_lin_nofog_ndw_flow_bl_blmod
techset,,effect_blend_lin_nofog_ndw_bl_abl
vertexshader,,vertcol_simple_fog_clg_nc.hlsl
pixelshader,vertcol_simple_fog_blml_abl_ndw_lin_clg_nc.hlsl
vertexshader,,vertcol_simple_dfog_clg_nc.hlsl
pixelshader,vertcol_simple_dfog_blml_abl_ndw_lin_clg_nc.hlsl
techset,m_effect_blend_lin_ndw_bl_abl
techset,,effect_zfeather_add_lin_nofog_eyeoffset_ndw_bl_blmod
techset,,effect_zfeather_falloff_screen_lin_nofog_ndw_bl
techset,,effect_zfeather_add_lin_nofog_ndw_bl_blmod
techset,,particle_cloud_sparkf_add_bl_blmod_lin
techset,,mc_l_sm_ndw_b0c0l0_nfwpf
techset,,wc_l_sm_ndw_b0c0l0_nfwpf
techset,,wc_l_sm_ndw_b0c0l0_z1_z2_z3_z4_z5_z6_z7_z8_zdecal0_nfwpf
techset,,effect_add_lin_ndw_bl_blmod
vertexshader,,vertcol_simple_tab_clgnb.hlsl
pixelshader,,vertcol_simple_add_lin_addblend_ndw_tab_blml_blmod_clgnb.hlsl
vertexshader,zfeather_l0s_nf_tab_clgnb.hlsl
pixelshader,zfeather_l0s_premul_nf_tab_lin_addblend_ndw_blml_blmod_clgnb.hlsl
techset,effect_zfeather_add_tab_lin_nofog_ndw_bl_blmod
techset,,effect_zfeather_premul_tab_lin_ndw_bl_abl
techset,,particle_cloud_add_bl_blmod_lin
techset,,particle_cloud_spark_add_bl_blmod_lin
techset,,effect_add_tab_lin_nofog_ndw_bl_blmod
vertexshader,vertcol_simple_fog_tab_clgnb.hlsl
pixelshader,vertcol_simple_premul_lin_fog_addblend_ndw_tab_blml_clgnb_nopm.hlsl
vertexshader,,zfeather_l0s_dfog_tab_clg.hlsl
pixelshader,zfeather_l0s_dfog_tab_lin_addblend_ndw_blml_abl_clgnb.hlsl
techset,effect_zfeather_premulnopm_tab_lin_ndw_bl_abl
vertexshader,vertcol_simple_fog_clgnb.hlsl
pixelshader,vertcol_simple_premul_lin_fog_addblend_ndw_blml_clgnb_nopm.hlsl
vertexshader,,zfeather_l0s_dfog_clg.hlsl
pixelshader,zfeather_l0s_dfog_lin_addblend_ndw_blml_abl_clgnb.hlsl
techset,effect_zfeather_premulnopm_lin_ndw_bl_abl
vertexshader,trivial_vertcol_simple.hlsl
pixelshader,vertcol_simple_add_lin_addblend_ndw_blml.hlsl
vertexshader,,vertcol_simple_i_nofog.hlsl
vertexshader,,vertcol_untextured_i_nofog.hlsl
techset,mc_unlit_add_lin_ndw_bl_nfwpf
techset,wc_unlit_add_lin_ndw_bl_nfwpf
techset,,effect_zfeather_blend_ndw_bl_abl
pixelshader,,vertcol_simple_premul_lin_addblend_ndw_tab_blml_clgnb_nopm.hlsl
pixelshader,zfeather_l0s_nf_tab_lin_addblend_ndw_blml_abl_clgnb.hlsl
techset,effect_zfeather_premulnopm_tab_lin_nofog_ndw_bl_abl
vertexshader,,vertcol_simple_nofog_fo_clg.hlsl
vertexdecl,pp.fcc0.ft0t0.3nn.7
pixelshader,,vertcol_simple_nofog_blml_abl_ndw_fo_lin_clg.hlsl
vertexshader,zfeather_l0s_fo_nf_clg.hlsl
pixelshader,zfeather_l0s_fo_nf_lin_ndw_blml_abl_clg.hlsl
techset,effect_zfeather_falloff_blend_lin_nofog_ndw_bl_abl
vertexshader,,vertcol_simple_fog_fl_tab_clg.hlsl
pixelshader,vertcol_simple_fog_fl_ad_blml_abl_ndw_tab_lin_clg.hlsl
vertexshader,,zfeather_l0s_fl_dfog_tab_clg.hlsl
pixelshader,zfeather_l0s_fl_ad_dfog_tab_lin_ndw_blml_abl_clg.hlsl
techset,effect_zfeather_blend_tab_lin_ndw_fl_ad_bl_abl
vertexshader,vertcol_simple_fog_foa_clgnb_nc.hlsl
vertexdecl,pp.ft0t0.3nn.7
pixelshader,,vertcol_simple_add_lin_fog_addblend_ndw_foa_blml_blmod_clgnb.hlsl
vertexshader,zfeather_l0s_foa_clgnb_nc.hlsl
pixelshader,,zfeather_l0s_premul_foa_lin_addblend_ndw_blml_blmod_clgnb.hlsl
techset,m_effect_zfeather_falloff_add_lin_ndw_bl_blmod
techset,,effect_zfeather_blend_tab_lin_nofog_ndw_fl_bl_abl
techset,,effect_add_lin_nofog_ndw_fl_bl_blmod
techset,,m_l_sm_r0c0l0_nfwpf
vertexshader,,vertcol_simple_vs_atest_nc.hlsl
pixelshader,,vertcol_simple_atest_nc.hlsl
vertexshader,,vertcol_simple_atest_mtlclr_nofog_nc.hlsl
pixelshader,,vertcol_shaded_atest_nofog_lin_nc.hlsl
vertexshader,,lpo_sm_l0n_nofog_s_tc0_nc_sm5.hlsl
vertexdecl,pp.ft0t0.3nn.f
pixelshader,lpo_sm_l0n_nofog_t0c0s0l0_nc_blm_sm5.hlsl
pixelshader,lpo_sm_l0d_nofog_t0c0s0l0_nc_blm_sm5.hlsl
vertexshader,,lpo_sm_l0d_l0sd_nofog_s_tc0_nc_sm5.hlsl
pixelshader,lpo_sm_l0d_l0sd_nofog_t0c0s0l0_nc_blm_sm5.hlsl
pixelshader,lpo_sm_l0s_nofog_t0c0s0l0_nc_blm_sm5.hlsl
pixelshader,lpo_sm_l0s_l0ss_nofog_t0c0s0l0_nc_blm_sm5.hlsl
pixelshader,lpo_sm_l0o_nofog_t0c0s0l0_nc_blm_sm5.hlsl
pixelshader,lpo_sm_l0o_l0ss_nofog_t0c0s0l0_nc_blm_sm5.hlsl
vertexshader,,lpo_sm_l0d_l1s_nofog_s_tc0_nc_sm5.hlsl
pixelshader,lpo_sm_l0d_l1s_nofog_t0c0s0l0_nc_blm_sm5.hlsl
vertexshader,,lpo_sm_l0d_l1s_l1ss_nofog_s_tc0_nc_sm5.hlsl
pixelshader,lpo_sm_l0d_l1s_l1ss_nofog_t0c0s0l0_nc_blm_sm5.hlsl
pixelshader,lpo_sm_l0d_l1o_nofog_t0c0s0l0_nc_blm_sm5.hlsl
pixelshader,lpo_sm_l0d_l1o_l1ss_nofog_t0c0s0l0_nc_blm_sm5.hlsl
vertexshader,,lpo_sm_l0d_l0sd_l1s_nofog_s_tc0_nc_sm5.hlsl
pixelshader,lpo_sm_l0d_l0sd_l1s_nofog_t0c0s0l0_nc_blm_sm5.hlsl
vertexshader,,lpo_sm_l0d_l0sd_l1s_l1ss_nofog_s_tc0_nc_sm5.hlsl
pixelshader,lpo_sm_l0d_l0sd_l1s_l1ss_nofog_t0c0s0l0_nc_blm_sm5.hlsl
pixelshader,lpo_sm_l0d_l0sd_l1o_nofog_t0c0s0l0_nc_blm_sm5.hlsl
pixelshader,lpo_sm_l0d_l0sd_l1o_l1ss_nofog_t0c0s0l0_nc_blm_sm5.hlsl
pixelshader,lpo_sm_l0s_l1s_nofog_t0c0s0l0_nc_blm_sm5.hlsl
pixelshader,lpo_sm_l0s_l1s_l1ss_nofog_t0c0s0l0_nc_blm_sm5.hlsl
pixelshader,lpo_sm_l0s_l1o_nofog_t0c0s0l0_nc_blm_sm5.hlsl
pixelshader,lpo_sm_l0s_l1o_l1ss_nofog_t0c0s0l0_nc_blm_sm5.hlsl
pixelshader,lpo_sm_l0s_l0ss_l1s_nofog_t0c0s0l0_nc_blm_sm5.hlsl
pixelshader,lpo_sm_l0s_l0ss_l1s_l1ss_nofog_t0c0s0l0_nc_blm_sm5.hlsl
pixelshader,lpo_sm_l0s_l0ss_l1o_nofog_t0c0s0l0_nc_blm_sm5.hlsl
pixelshader,lpo_sm_l0s_l0ss_l1o_l1ss_nofog_t0c0s0l0_nc_blm_sm5.hlsl
pixelshader,lpo_sm_l0o_l1o_nofog_t0c0s0l0_nc_blm_sm5.hlsl
pixelshader,lpo_sm_l0o_l1o_l1ss_nofog_t0c0s0l0_nc_blm_sm5.hlsl
pixelshader,lpo_sm_l0o_l0ss_l1o_nofog_t0c0s0l0_nc_blm_sm5.hlsl
pixelshader,lpo_sm_l0o_l0ss_l1o_l1ss_nofog_t0c0s0l0_nc_blm_sm5.hlsl
vertexshader,,lpo_sm_ldbsm_nofog_s_tc0_nc_sm5.hlsl
pixelshader,lpo_sm_ldbsm_nofog_t0c0s0l0_nc_blm_sm5.hlsl
pixelshader,lpo_sm_ldb_sunsm_nofog_t0c0s0l0_nc_blm_sm5.hlsl
vertexshader,l_point_tc0_subdiv_nc.hlsl
pixelshader,,l_spot_t0c0_nc.hlsl
pixelshader,,l_omni_t0c0_nc.hlsl
vertexshader,l_point_l0s2_sm_tc0_subdiv_nc.hlsl
pixelshader,,l_spot_l0s2_sm_t0c0_nc.hlsl
vertexshader,,velocity_sm_nofog_nc_sm3_vrigid.hlsl
pixelshader,,velocity_sm_nofog_nc_sm3_vrigid.hlsl
vertexshader,,velocity_sm_nofog_nc_sm3_vskinned.hlsl
vertexshader,,debug_normals_nc.hlsl
vertexdecl,pp.ft0t0.3nn.7tt1.7
pixelshader,,debug_normals_nc.hlsl
vertexshader,,vertcol_simple_vs_i_atest_nc.hlsl
vertexshader,,vertcol_simple_i_atest_mtlclr_nofog_nc.hlsl
vertexshader,,lpo_sm_l0n_i_nofog_s_tc0_nc_sm5.hlsl
vertexshader,,lpo_sm_l0d_l0sd_i_nofog_s_tc0_nc_sm5.hlsl
vertexshader,,lpo_sm_l0d_l1s_i_nofog_s_tc0_nc_sm5.hlsl
vertexshader,,lpo_sm_l0d_l1s_l1ss_i_nofog_s_tc0_nc_sm5.hlsl
vertexshader,,lpo_sm_l0d_l0sd_l1s_i_nofog_s_tc0_nc_sm5.hlsl
vertexshader,,lpo_sm_l0d_l0sd_l1s_l1ss_i_nofog_s_tc0_nc_sm5.hlsl
vertexshader,,lpo_sm_ldbsm_i_nofog_s_tc0_nc_sm5.hlsl
vertexshader,,l_point_i_tc0_nc.hlsl
vertexshader,,l_point_i_l0s2_sm_tc0_nc.hlsl
vertexshader,,vertcol_untextured_i_nc_nofog.hlsl
vertexshader,,debug_normals_i_nc.hlsl
techset,m_l_sm_heat_t0c0s0l0_nocast_nfwpf
vertexshader,,vertcol_simple_foa_clgnb.hlsl
pixelshader,,vertcol_simple_screen_lin_addblend_ndw_foa_blml_clgnb.hlsl
techset,effect_falloff_screen_lin_nofog_ndw_bl
vertexshader,objective_base_nc.hlsl
vertexdecl,pp.7t0t0.3nn.7
pixelshader,objective_base_nc.hlsl
techset,m_objective
techset,,m_l_sm_r0c0s0l0_nfwpf
techset,,effect_zfeather_premul_lin_eyeoffset_ndw_bl_abl
vertexshader,custom_objective2_vertcol_simple_fog_nc.hlsl
pixelshader,custom_objective2_vertcol_simple_add_lin_fog_addblend_ndw_blml_blmod_nc.hlsl
vertexshader,custom_objective2_vertcol_simple_i_fog_nc.hlsl
techset,m_unlit_add_lin_ndw_bl_blmod_custom_objective2_cltrans
techset,,mc_l_sm_r0c0s0l0p0_nfwpf
techset,,mc_l_sm_r0c0s0l0_nfwpf
vertexshader,vertcol_simple_atest_fog_clg_nc.hlsl
pixelshader,vertcol_simple_atest_fog_blml_lin_clg_nc.hlsl
vertexshader,vertcol_simple_atest_dfog_clg_nc.hlsl
pixelshader,vertcol_simple_atest_dfog_blml_lin_clg_nc.hlsl
techset,m_effect_atest_lin_bl
techset,,mc_l_sm_ndw_b0c0s0l0_cltrans
techset,,m_unlit_blend_lin_ndw_ua_bl_abl_cltrans
techset,,particle_cloud_replace_bl_abl_lin
techset,,m_l_sm_ndw_b0c0n0l0_cltrans
pixelshader,,vertcol_simple_add_lin_addblend_ndw_foa_blml_blmod_clgnb.hlsl
techset,effect_falloff_add_lin_nofog_ndw_bl_blmod
pixelshader,,vertcol_simple_add_lin_fog_addblend_ndw_tab_blml_blmod_clgnb.hlsl
techset,effect_add_tab_lin_ndw_bl_blmod
techset,,effect_zfeather_falloff_blend_lin_ndw_bl_abl
techset,,effect_falloff_blend_lin_ndw_bl_abl
vertexshader,,position_only.hlsl
vertexdecl,pp.7
pixelshader,,null.hlsl
vertexshader,,vertcol_simple_mtlclr_nofog_nc.hlsl
pixelshader,,vertcol_shaded_nofog_lin_nc.hlsl
vertexshader,,lpo_sm_l0n_nofog_s_tc0n0_nc_sm5.hlsl
vertexdecl,pp.ft0t0.3nn.ftt2.f
pixelshader,lpo_sm_l0n_nofog_r0c0q0n0s0l0px_nc_blm_sm5.hlsl
pixelshader,lpo_sm_l0d_nofog_r0c0q0n0s0l0px_nc_blm_sm5.hlsl
vertexshader,,lpo_sm_l0d_l0sd_nofog_s_tc0n0_nc_sm5.hlsl
pixelshader,lpo_sm_l0d_l0sd_nofog_r0c0q0n0s0l0px_nc_blm_sm5.hlsl
pixelshader,lpo_sm_l0s_nofog_r0c0q0n0s0l0px_nc_blm_sm5.hlsl
pixelshader,lpo_sm_l0s_l0ss_nofog_r0c0q0n0s0l0px_nc_blm_sm5.hlsl
pixelshader,lpo_sm_l0o_nofog_r0c0q0n0s0l0px_nc_blm_sm5.hlsl
pixelshader,lpo_sm_l0o_l0ss_nofog_r0c0q0n0s0l0px_nc_blm_sm5.hlsl
vertexshader,,lpo_sm_l0d_l1s_nofog_s_tc0n0_nc_sm5.hlsl
pixelshader,lpo_sm_l0d_l1s_nofog_r0c0q0n0s0l0px_nc_blm_sm5.hlsl
vertexshader,,lpo_sm_l0d_l1s_l1ss_nofog_s_tc0n0_nc_sm5.hlsl
pixelshader,lpo_sm_l0d_l1s_l1ss_nofog_r0c0q0n0s0l0px_nc_blm_sm5.hlsl
pixelshader,lpo_sm_l0d_l1o_nofog_r0c0q0n0s0l0px_nc_blm_sm5.hlsl
pixelshader,lpo_sm_l0d_l1o_l1ss_nofog_r0c0q0n0s0l0px_nc_blm_sm5.hlsl
vertexshader,,lpo_sm_l0d_l0sd_l1s_nofog_s_tc0n0_nc_sm5.hlsl
pixelshader,lpo_sm_l0d_l0sd_l1s_nofog_r0c0q0n0s0l0px_nc_blm_sm5.hlsl
vertexshader,,lpo_sm_l0d_l0sd_l1s_l1ss_nofog_s_tc0n0_nc_sm5.hlsl
pixelshader,lpo_sm_l0d_l0sd_l1s_l1ss_nofog_r0c0q0n0s0l0px_nc_blm_sm5.hlsl
pixelshader,lpo_sm_l0d_l0sd_l1o_nofog_r0c0q0n0s0l0px_nc_blm_sm5.hlsl
pixelshader,lpo_sm_l0d_l0sd_l1o_l1ss_nofog_r0c0q0n0s0l0px_nc_blm_sm5.hlsl
pixelshader,lpo_sm_l0s_l1s_nofog_r0c0q0n0s0l0px_nc_blm_sm5.hlsl
pixelshader,lpo_sm_l0s_l1s_l1ss_nofog_r0c0q0n0s0l0px_nc_blm_sm5.hlsl
pixelshader,lpo_sm_l0s_l1o_nofog_r0c0q0n0s0l0px_nc_blm_sm5.hlsl
pixelshader,lpo_sm_l0s_l1o_l1ss_nofog_r0c0q0n0s0l0px_nc_blm_sm5.hlsl
pixelshader,lpo_sm_l0s_l0ss_l1s_nofog_r0c0q0n0s0l0px_nc_blm_sm5.hlsl
pixelshader,lpo_sm_l0s_l0ss_l1s_l1ss_nofog_r0c0q0n0s0l0px_nc_blm_sm5.hlsl
pixelshader,lpo_sm_l0s_l0ss_l1o_nofog_r0c0q0n0s0l0px_nc_blm_sm5.hlsl
pixelshader,lpo_sm_l0s_l0ss_l1o_l1ss_nofog_r0c0q0n0s0l0px_nc_blm_sm5.hlsl
pixelshader,lpo_sm_l0o_l1o_nofog_r0c0q0n0s0l0px_nc_blm_sm5.hlsl
pixelshader,lpo_sm_l0o_l1o_l1ss_nofog_r0c0q0n0s0l0px_nc_blm_sm5.hlsl
pixelshader,lpo_sm_l0o_l0ss_l1o_nofog_r0c0q0n0s0l0px_nc_blm_sm5.hlsl
pixelshader,lpo_sm_l0o_l0ss_l1o_l1ss_nofog_r0c0q0n0s0l0px_nc_blm_sm5.hlsl
vertexshader,,lpo_sm_ldbsm_nofog_s_tc0n0_nc_sm5.hlsl
pixelshader,lpo_sm_ldbsm_nofog_r0c0q0n0s0l0px_nc_blm_sm5.hlsl
pixelshader,lpo_sm_ldb_sunsm_nofog_r0c0q0n0s0l0px_nc_blm_sm5.hlsl
vertexshader,,l_point_tc0n0_nc.hlsl
pixelshader,l_spot_mdet_r0c0q0n0_nc.hlsl
pixelshader,l_omni_mdet_r0c0q0n0_nc.hlsl
vertexshader,,l_point_l0s2_sm_tc0n0_nc.hlsl
pixelshader,l_spot_l0s2_sm_mdet_r0c0q0n0_nc.hlsl
vertexshader,,instanced_position_only.hlsl
vertexshader,,vertcol_simple_i_mtlclr_nofog_nc.hlsl
vertexshader,,lpo_sm_l0n_i_nofog_s_tc0n0_nc_sm5.hlsl
vertexshader,,lpo_sm_l0d_l0sd_i_nofog_s_tc0n0_nc_sm5.hlsl
vertexshader,,lpo_sm_l0d_l1s_i_nofog_s_tc0n0_nc_sm5.hlsl
vertexshader,,lpo_sm_l0d_l1s_l1ss_i_nofog_s_tc0n0_nc_sm5.hlsl
vertexshader,,lpo_sm_l0d_l0sd_l1s_i_nofog_s_tc0n0_nc_sm5.hlsl
vertexshader,,lpo_sm_l0d_l0sd_l1s_l1ss_i_nofog_s_tc0n0_nc_sm5.hlsl
vertexshader,,lpo_sm_ldbsm_i_nofog_s_tc0n0_nc_sm5.hlsl
vertexshader,,l_point_i_tc0n0_nc.hlsl
vertexshader,,l_point_i_l0s2_sm_tc0n0_nc.hlsl
techset,m_l_sm_r0c0q0n0s0l0p0_nfwpf
techset,,effect_blend_tab_lin_ndw_bl_abl
pixelshader,,vertcol_simple_fog_blml_abl_ndw_lin_clg.hlsl
vertexshader,,vertcol_simple_dfog_clg.hlsl
pixelshader,,vertcol_simple_dfog_blml_abl_ndw_lin_clg.hlsl
techset,effect_replace_lin_ndw_bl_abl
vertexshader,,lpo_sm_l0n_nofog_tc0_nc_sm5.hlsl
pixelshader,,lpo_sm_l0n_nofog_r0c0l0_nc_blm_sm5.hlsl
pixelshader,,lpo_sm_l0d_nofog_r0c0l0_nc_blm_sm5.hlsl
vertexshader,,lpo_sm_l0d_l0sd_nofog_tc0_nc_sm5.hlsl
pixelshader,,lpo_sm_l0d_l0sd_nofog_r0c0l0_nc_blm_sm5.hlsl
vertexshader,,lpo_sm_l0s_nofog_tc0_nc_sm5.hlsl
pixelshader,,lpo_sm_l0s_nofog_r0c0l0_nc_blm_sm5.hlsl
pixelshader,,lpo_sm_l0s_l0ss_nofog_r0c0l0_nc_blm_sm5.hlsl
pixelshader,,lpo_sm_l0o_nofog_r0c0l0_nc_blm_sm5.hlsl
pixelshader,,lpo_sm_l0o_l0ss_nofog_r0c0l0_nc_blm_sm5.hlsl
vertexshader,,lpo_sm_l0d_l1s_nofog_tc0_nc_sm5.hlsl
pixelshader,,lpo_sm_l0d_l1s_nofog_r0c0l0_nc_blm_sm5.hlsl
vertexshader,,lpo_sm_l0d_l1s_l1ss_nofog_tc0_nc_sm5.hlsl
pixelshader,,lpo_sm_l0d_l1s_l1ss_nofog_r0c0l0_nc_blm_sm5.hlsl
pixelshader,,lpo_sm_l0d_l1o_nofog_r0c0l0_nc_blm_sm5.hlsl
pixelshader,,lpo_sm_l0d_l1o_l1ss_nofog_r0c0l0_nc_blm_sm5.hlsl
vertexshader,,lpo_sm_l0d_l0sd_l1s_nofog_tc0_nc_sm5.hlsl
pixelshader,,lpo_sm_l0d_l0sd_l1s_nofog_r0c0l0_nc_blm_sm5.hlsl
vertexshader,,lpo_sm_l0d_l0sd_l1s_l1ss_nofog_tc0_nc_sm5.hlsl
pixelshader,,lpo_sm_l0d_l0sd_l1s_l1ss_nofog_r0c0l0_nc_blm_sm5.hlsl
pixelshader,,lpo_sm_l0d_l0sd_l1o_nofog_r0c0l0_nc_blm_sm5.hlsl
pixelshader,,lpo_sm_l0d_l0sd_l1o_l1ss_nofog_r0c0l0_nc_blm_sm5.hlsl
pixelshader,,lpo_sm_l0s_l1s_nofog_r0c0l0_nc_blm_sm5.hlsl
pixelshader,,lpo_sm_l0s_l1s_l1ss_nofog_r0c0l0_nc_blm_sm5.hlsl
pixelshader,,lpo_sm_l0s_l1o_nofog_r0c0l0_nc_blm_sm5.hlsl
pixelshader,,lpo_sm_l0s_l1o_l1ss_nofog_r0c0l0_nc_blm_sm5.hlsl
pixelshader,,lpo_sm_l0s_l0ss_l1s_nofog_r0c0l0_nc_blm_sm5.hlsl
pixelshader,,lpo_sm_l0s_l0ss_l1s_l1ss_nofog_r0c0l0_nc_blm_sm5.hlsl
pixelshader,,lpo_sm_l0s_l0ss_l1o_nofog_r0c0l0_nc_blm_sm5.hlsl
pixelshader,,lpo_sm_l0s_l0ss_l1o_l1ss_nofog_r0c0l0_nc_blm_sm5.hlsl
pixelshader,,lpo_sm_l0o_l1o_nofog_r0c0l0_nc_blm_sm5.hlsl
pixelshader,,lpo_sm_l0o_l1o_l1ss_nofog_r0c0l0_nc_blm_sm5.hlsl
pixelshader,,lpo_sm_l0o_l0ss_l1o_nofog_r0c0l0_nc_blm_sm5.hlsl
pixelshader,,lpo_sm_l0o_l0ss_l1o_l1ss_nofog_r0c0l0_nc_blm_sm5.hlsl
vertexshader,,lpo_sm_ldbsm_nofog_tc0_nc_sm5.hlsl
pixelshader,,lpo_sm_ldbsm_nofog_r0c0l0_nc_blm_sm5.hlsl
pixelshader,,lpo_sm_ldb_sunsm_nofog_r0c0l0_nc_blm_sm5.hlsl
pixelshader,,l_spot_r0c0_nc.hlsl
pixelshader,,l_omni_r0c0_nc.hlsl
pixelshader,,l_spot_l0s2_sm_r0c0_nc.hlsl
vertexshader,,lpo_sm_l0n_i_nofog_tc0_nc_sm5.hlsl
vertexshader,,lpo_sm_l0d_l0sd_i_nofog_tc0_nc_sm5.hlsl
vertexshader,,lpo_sm_l0s_i_nofog_tc0_nc_sm5.hlsl
vertexshader,,lpo_sm_l0d_l1s_i_nofog_tc0_nc_sm5.hlsl
vertexshader,,lpo_sm_l0d_l1s_l1ss_i_nofog_tc0_nc_sm5.hlsl
vertexshader,,lpo_sm_l0d_l0sd_l1s_i_nofog_tc0_nc_sm5.hlsl
vertexshader,,lpo_sm_l0d_l0sd_l1s_l1ss_i_nofog_tc0_nc_sm5.hlsl
vertexshader,,lpo_sm_ldbsm_i_nofog_tc0_nc_sm5.hlsl
techset,m_l_sm_r0c0l0p0_nfwpf
techset,,m_l_sm_t0c0n0s0l0p0_nfwpf
techset,,lit_2d
techset,,m_l_sm_ndw_b0c0n0s0l0p0_cltrans_eye
techset,,m_l_sm_rim_r0c0n0s0l0_nfwpf
techset,,m_l_sm_rim_r0c0n0s0l0p0_nfwpf
techset,,ms_l_sm_lmcloth_rim_r0c0n0s0l0_nfwpf
techset,,m_l_sm_lmcloth_rim_r0c0n0s0l0_nfwpf
techset,,m_l_sm_lmcloth_rim_r0c0n0s0l0p0_nfwpf
techset,,m_l_sm_r0c0s0l0p0_nfwpf
techset,,ms_l_sm_rim_r0c0n0s0l0_nfwpf
techset,,m_l_sm_t0c0n0s0l0_nfwpf
techset,,m_l_sm_rim_r0c0n0s0l0sr0_nfwpf
vertexshader,lpo_sm_l0n_nofog_s_tc0n0_subdiv_nc_sm5.hlsl
pixelshader,lpo_sm_l0n_nofog_r0c0n0s0l0_nc_lmcloth_blm_sm5.hlsl
pixelshader,lpo_sm_l0d_nofog_r0c0n0s0l0_nc_lmcloth_blm_sm5.hlsl
vertexshader,lpo_sm_l0d_l0sd_nofog_s_tc0n0_subdiv_nc_sm5.hlsl
pixelshader,lpo_sm_l0d_l0sd_nofog_r0c0n0s0l0_nc_lmcloth_blm_sm5.hlsl
pixelshader,lpo_sm_l0s_nofog_r0c0n0s0l0_nc_lmcloth_blm_sm5.hlsl
pixelshader,lpo_sm_l0s_l0ss_nofog_r0c0n0s0l0_nc_lmcloth_blm_sm5.hlsl
pixelshader,lpo_sm_l0o_nofog_r0c0n0s0l0_nc_lmcloth_blm_sm5.hlsl
pixelshader,lpo_sm_l0o_l0ss_nofog_r0c0n0s0l0_nc_lmcloth_blm_sm5.hlsl
vertexshader,lpo_sm_l0d_l1s_nofog_s_tc0n0_subdiv_nc_sm5.hlsl
pixelshader,lpo_sm_l0d_l1s_nofog_r0c0n0s0l0_nc_lmcloth_blm_sm5.hlsl
vertexshader,lpo_sm_l0d_l1s_l1ss_nofog_s_tc0n0_subdiv_nc_sm5.hlsl
pixelshader,lpo_sm_l0d_l1s_l1ss_nofog_r0c0n0s0l0_nc_lmcloth_blm_sm5.hlsl
pixelshader,lpo_sm_l0d_l1o_nofog_r0c0n0s0l0_nc_lmcloth_blm_sm5.hlsl
pixelshader,lpo_sm_l0d_l1o_l1ss_nofog_r0c0n0s0l0_nc_lmcloth_blm_sm5.hlsl
vertexshader,lpo_sm_l0d_l0sd_l1s_nofog_s_tc0n0_subdiv_nc_sm5.hlsl
pixelshader,lpo_sm_l0d_l0sd_l1s_nofog_r0c0n0s0l0_nc_lmcloth_blm_sm5.hlsl
vertexshader,lpo_sm_l0d_l0sd_l1s_l1ss_nofog_s_tc0n0_subdiv_nc_sm5.hlsl
pixelshader,lpo_sm_l0d_l0sd_l1s_l1ss_nofog_r0c0n0s0l0_nc_lmcloth_blm_sm5.hlsl
pixelshader,lpo_sm_l0d_l0sd_l1o_nofog_r0c0n0s0l0_nc_lmcloth_blm_sm5.hlsl
pixelshader,lpo_sm_l0d_l0sd_l1o_l1ss_nofog_r0c0n0s0l0_nc_lmcloth_blm_sm5.hlsl
pixelshader,lpo_sm_l0s_l1s_nofog_r0c0n0s0l0_nc_lmcloth_blm_sm5.hlsl
pixelshader,lpo_sm_l0s_l1s_l1ss_nofog_r0c0n0s0l0_nc_lmcloth_blm_sm5.hlsl
pixelshader,lpo_sm_l0s_l1o_nofog_r0c0n0s0l0_nc_lmcloth_blm_sm5.hlsl
pixelshader,lpo_sm_l0s_l1o_l1ss_nofog_r0c0n0s0l0_nc_lmcloth_blm_sm5.hlsl
pixelshader,lpo_sm_l0s_l0ss_l1s_nofog_r0c0n0s0l0_nc_lmcloth_blm_sm5.hlsl
pixelshader,lpo_sm_l0s_l0ss_l1s_l1ss_nofog_r0c0n0s0l0_nc_lmcloth_blm_sm5.hlsl
pixelshader,lpo_sm_l0s_l0ss_l1o_nofog_r0c0n0s0l0_nc_lmcloth_blm_sm5.hlsl
pixelshader,lpo_sm_l0s_l0ss_l1o_l1ss_nofog_r0c0n0s0l0_nc_lmcloth_blm_sm5.hlsl
pixelshader,lpo_sm_l0o_l1o_nofog_r0c0n0s0l0_nc_lmcloth_blm_sm5.hlsl
pixelshader,lpo_sm_l0o_l1o_l1ss_nofog_r0c0n0s0l0_nc_lmcloth_blm_sm5.hlsl
pixelshader,lpo_sm_l0o_l0ss_l1o_nofog_r0c0n0s0l0_nc_lmcloth_blm_sm5.hlsl
pixelshader,lpo_sm_l0o_l0ss_l1o_l1ss_nofog_r0c0n0s0l0_nc_lmcloth_blm_sm5.hlsl
vertexshader,lpo_sm_ldbsm_nofog_s_tc0n0_subdiv_nc_sm5.hlsl
pixelshader,lpo_sm_ldbsm_nofog_r0c0n0s0l0_nc_lmcloth_blm_sm5.hlsl
pixelshader,lpo_sm_ldb_sunsm_nofog_r0c0n0s0l0_nc_lmcloth_blm_sm5.hlsl
vertexshader,l_point_tc0n0_subdiv_nc.hlsl
pixelshader,,l_spot_lmcloth_r0c0n0_nc.hlsl
pixelshader,,l_omni_lmcloth_r0c0n0_nc.hlsl
vertexshader,l_point_l0s2_sm_tc0n0_subdiv_nc.hlsl
pixelshader,,l_spot_l0s2_lmcloth_sm_r0c0n0_nc.hlsl
vertexshader,,vertcol_untextured_subdiv_nc_nofog.hlsl
vertexshader,,debug_normals_subdiv_nc.hlsl
vertexdecl,pp.ft0t0.3nn.ftt1.f
vertexshader,,subdiv_patch_position_only.hlsl
hullshader,,subdiv_patch_position_only.hlsl
domainshader,,subdiv_patch_position_only.hlsl
vertexshader,,subdiv_patch_vertcol_simple_mtlclr_nofog_subdiv_nc.hlsl
hullshader,,subdiv_patch_vertcol_simple_mtlclr_nofog_subdiv_nc.hlsl
domainshader,,subdiv_patch_vertcol_simple_mtlclr_nofog_subdiv_nc.hlsl
vertexshader,subdiv_patch_lpo_sm_l0n_nofog_s_tc0n0_subdiv_nc_sm5.hlsl
vertexdecl,pp.ft0t0.3tt2.f
hullshader,,subdiv_patch_debug_normals_subdiv_nc.hlsl
domainshader,subdiv_patch_lpo_sm_l0n_nofog_s_tc0n0_subdiv_nc_sm5.hlsl
domainshader,subdiv_patch_lpo_sm_l0d_l0sd_nofog_s_tc0n0_subdiv_nc_sm5.hlsl
domainshader,subdiv_patch_lpo_sm_l0d_l1s_nofog_s_tc0n0_subdiv_nc_sm5.hlsl
domainshader,subdiv_patch_lpo_sm_l0d_l1s_l1ss_nofog_s_tc0n0_subdiv_nc_sm5.hlsl
domainshader,subdiv_patch_lpo_sm_l0d_l0sd_l1s_nofog_s_tc0n0_subdiv_nc_sm5.hlsl
domainshader,subdiv_patch_lpo_sm_l0d_l0sd_l1s_l1ss_nofog_s_tc0n0_subdiv_nc_sm5.hlsl
domainshader,subdiv_patch_lpo_sm_ldbsm_nofog_s_tc0n0_subdiv_nc_sm5.hlsl
vertexshader,subdiv_patch_l_point_tc0n0_subdiv_nc.hlsl
hullshader,subdiv_patch_l_point_tc0n0_subdiv_nc.hlsl
domainshader,subdiv_patch_l_point_tc0n0_subdiv_nc.hlsl
domainshader,subdiv_patch_l_point_l0s2_sm_tc0n0_subdiv_nc.hlsl
vertexshader,,subdiv_patch_vertcol_untextured_subdiv_nc_nofog.hlsl
hullshader,,subdiv_patch_vertcol_untextured_subdiv_nc_nofog.hlsl
domainshader,,subdiv_patch_vertcol_untextured_subdiv_nc_nofog.hlsl
vertexshader,,subdiv_patch_velocity_sm_nofog_subdiv_nc_sm3_vrigid.hlsl
hullshader,,subdiv_patch_velocity_sm_nofog_subdiv_nc_sm3_vrigid.hlsl
domainshader,,subdiv_patch_velocity_sm_nofog_subdiv_nc_sm3_vrigid.hlsl
vertexshader,,subdiv_patch_velocity_sm_nofog_subdiv_nc_sm3_vskinned.hlsl
vertexshader,,subdiv_patch_debug_normals_subdiv_nc.hlsl
vertexdecl,pp.ft0t0.3tt1.f
domainshader,,subdiv_patch_debug_normals_subdiv_nc.hlsl
techset,ms_l_sm_lmcloth_r0c0n0s0l0_nfwpf
techset,m_l_sm_lmcloth_r0c0n0s0l0_nfwpf
rawfile,techsets_common_alien_mp
