vertexshader,textured_simple.hlsl
vertexdecl,pp.ft0t0.3
pixelshader,textured_gamma.hlsl
vertexshader,vertcol_untextured_nofog.hlsl
vertexdecl,pp.fcc0.f
pixelshader,vertcol_untextured_lin_nofog.hlsl
techset,default
image,$white
techset,,2d
image,,default
material,$default
techset,,m_effect_blend_ct_nofog_ndw
material,,m/gfx_missing_fx
xmodelsurfs,fx_lod0100
xmodel,fx
xmodelsurfs,fx100
phys_collmap,void
xmodel,void
xmodelsurfs,empty_model000
xmodel,empty_model
techset,,effect_blend_ndw
material,,fx_missing_fx
fx,vfx/code/missing_fx
techset,,effect_blend_ndw_ice
material,,fx_shrinking_pebbles_1_blend_z0
fx,vfx/code/missing_fx_ship
rawfile,options_graphics.cfg
rawfile,options_graphics_set.cfg
rawfile,buttons_unbind.cfg
rawfile,buttons_menu_sp.cfg
computeshader,cs_fence.hlsl/cs_passthrough
computeshader,cs_fence.hlsl/cs_passthrough_barrier
leaderboarddef,DEFAULT_LB
leaderboarddef,LB_AM_CARGOSHIP
leaderboarddef,LB_AM_BLACKOUT
leaderboarddef,LB_AM_ARMADA
leaderboarddef,LB_AM_BOG_A
leaderboarddef,LB_AM_HUNTED
leaderboarddef,LB_AM_AC130
leaderboarddef,LB_AM_BOG_B
leaderboarddef,LB_AM_AIRLIFT
leaderboarddef,LB_AM_VILLAGE_ASSAULT
leaderboarddef,LB_AM_SCOUTSNIPER
leaderboarddef,LB_AM_SNIPERESCAPE
leaderboarddef,LB_AM_VILLAGE_DEFEND
leaderboarddef,LB_AM_AMBUSH
leaderboarddef,LB_AM_ICBM
leaderboarddef,LB_AM_LAUNCHFACILITY_A
leaderboarddef,LB_AM_LAUNCHFACILITY_B
leaderboarddef,LB_AM_JEEPRIDE
leaderboarddef,LB_AM_AIRPLANE
leaderboarddef,LB_AM_FULLCHALLENGE
leaderboarddef,LB_TIMETRIAL_FNG
leaderboarddef,LB_MP_MR
leaderboarddef,LB_MP_GM
leaderboarddef,LB_MP_GM_HC
leaderboarddef,LB_MP_GM_OS
virtualleaderboarddef,default_vlb
virtualleaderboarddef,lb_vr_totalxp
virtualleaderboarddef,lb_vr_kills
virtualleaderboarddef,lb_vr_gm_conf
virtualleaderboarddef,lb_vr_gm_ctf
virtualleaderboarddef,lb_vr_gm_dd
virtualleaderboarddef,lb_vr_gm_dm
virtualleaderboarddef,lb_vr_gm_dom
virtualleaderboarddef,lb_vr_gm_gun
virtualleaderboarddef,lb_vr_gm_hp
virtualleaderboarddef,lb_vr_gm_koth
virtualleaderboarddef,lb_vr_gm_sab
virtualleaderboarddef,lb_vr_gm_sd
virtualleaderboarddef,lb_vr_gm_war
virtualleaderboarddef,lb_vr_gm_conf_hc
virtualleaderboarddef,lb_vr_gm_ctf_hc
virtualleaderboarddef,lb_vr_gm_dd_hc
virtualleaderboarddef,lb_vr_gm_dm_hc
virtualleaderboarddef,lb_vr_gm_dom_hc
virtualleaderboarddef,lb_vr_gm_gun_hc
virtualleaderboarddef,lb_vr_gm_hp_hc
virtualleaderboarddef,lb_vr_gm_koth_hc
virtualleaderboarddef,lb_vr_gm_sab_hc
virtualleaderboarddef,lb_vr_gm_sd_hc
virtualleaderboarddef,lb_vr_gm_war_hc
virtualleaderboarddef,lb_vr_gm_conf_os
virtualleaderboarddef,lb_vr_gm_ctf_os
virtualleaderboarddef,lb_vr_gm_dd_os
virtualleaderboarddef,lb_vr_gm_dm_os
virtualleaderboarddef,lb_vr_gm_dom_os
virtualleaderboarddef,lb_vr_gm_gun_os
virtualleaderboarddef,lb_vr_gm_hp_os
virtualleaderboarddef,lb_vr_gm_koth_os
virtualleaderboarddef,lb_vr_gm_sab_os
virtualleaderboarddef,lb_vr_gm_sd_os
virtualleaderboarddef,lb_vr_gm_war_os
image,,h1_ui_icon_alert
material,h1_ui_icon_unlock_warning
image,h1_menu_bg_vignette
material,h1_ui_bg_vignette
image,h1_menu_bg_footer
material,h1_ui_footer_glitch
image,h1_menu_bg_header
material,h1_ui_header_glitch
luafile,ui/lui/actionscontrols.lua
luafile,ui/lui/advancedvideo.lua
luafile,ui/lui/bootscreenmargins.lua
luafile,ui/lui/buttondesctext.lua
luafile,ui/lui/buttonhelpertext.lua
luafile,ui/lui/chatcontrols.lua
luafile,ui/lui/cod.lua
luafile,ui/lui/codedependence.lua
luafile,ui/lui/consoleoptions.lua
luafile,ui/lui/consolecontrols.lua
luafile,ui/lui/consolegraphics.lua
luafile,ui/lui/consoleaudio.lua
luafile,ui/lui/default.lua
luafile,ui/lui/decoframe.lua
luafile,ui/lui/divider.lua
luafile,ui/lui/eventcatcher.lua
luafile,ui/lui/flowmanager.lua
luafile,ui/lui/gamepadcontrols.lua
luafile,ui/lui/gamex.lua
luafile,ui/lui/h1buttonbackground.lua
luafile,ui/lui/h2buttonbackground.lua
luafile,ui/lui/hudmanager.lua
luafile,ui/lui/lookcontrols.lua
luafile,ui/lui/lui.lua
luafile,ui/lui/luianimnumber.lua
luafile,ui/lui/luibackgroundpanel.lua
luafile,ui/lui/luibarrellist.lua
luafile,ui/lui/luibindbutton.lua
luafile,ui/lui/luiborder.lua
luafile,ui/lui/luibutton.lua
luafile,ui/lui/luibuttonrepeater.lua
luafile,ui/lui/luicharacterwindow.lua
luafile,ui/lui/luicountdown.lua
luafile,ui/lui/luielement.lua
luafile,ui/lui/luigrid.lua
luafile,ui/lui/luihorizontallist.lua
luafile,ui/lui/luihorizontalslidelist.lua
luafile,ui/lui/luiimage.lua
luafile,ui/lui/luiline.lua
luafile,ui/lui/luilitimage.lua
luafile,ui/lui/luilongcountdown.lua
luafile,ui/lui/luimarqueetext.lua
luafile,ui/lui/luistenciltext.lua
luafile,ui/lui/luimousecursor.lua
luafile,ui/lui/luiprogressbar.lua
luafile,ui/lui/luiroot.lua
luafile,ui/lui/luisafeareaoverlay.lua
luafile,ui/lui/luiscrollable.lua
luafile,ui/lui/luiscrollindicator.lua
luafile,ui/lui/luiscrollingverticallist.lua
luafile,ui/lui/luitechydigits.lua
luafile,ui/lui/luitext.lua
luafile,ui/lui/luitimer.lua
luafile,ui/lui/luiverticallist.lua
luafile,ui/lui/luiverticalscrollbar.lua
luafile,ui/lui/luihorizontalscrollbar.lua
luafile,ui/lui/luiscrollbarhelper.lua
luafile,ui/lui/menubuilder.lua
luafile,ui/lui/menubuilderhelpers.lua
luafile,ui/lui/menugenerics.lua
luafile,ui/lui/menugenericbuttons.lua
luafile,ui/lui/menutemplate.lua
luafile,ui/lui/mftabmanager.lua
luafile,ui/lui/mp_menus/listpaging.lua
luafile,ui/lui/movementcontrols.lua
luafile,ui/lui/groupedoptionsbase.lua
luafile,ui/lui/pcoptions.lua
luafile,ui/lui/pcdisplay.lua
luafile,ui/lui/pcvideo.lua
luafile,ui/lui/pcaudio.lua
luafile,ui/lui/persistentbackground.lua
luafile,ui/lui/comscore.lua
luafile,ui/lui/infobox.lua
luafile,ui/lui/mapblippulse.lua
luafile,ui/lui/h1vlistbuttondesctext.lua
luafile,ui/lui/h1popupdeco.lua
luafile,ui/lui/h1menutab.lua
luafile,ui/lui/sublist.lua
luafile,ui/lui/common_menus/commonpopups.lua
luafile,ui/lui/common_menus/friendslistitem.lua
luafile,ui/lui/common_menus/friendsmenu.lua
luafile,ui/lui/common_menus/friendswidget.lua
luafile,ui/lui/common_menus/friendslistutils.lua
luafile,ui/lui/common_menus/gamemanual.lua
luafile,ui/lui/common_menus/options.lua
luafile,ui/lui/common_menus/optionslayout.lua
luafile,ui/lui/common_menus/playercard.lua
luafile,ui/lui/common_menus/focusableplayercard.lua
luafile,ui/lui/common_menus/rankutils.lua
luafile,ui/lui/mp_menus/s1rankedplayutils.lua
luafile,ui/lui/common_menus/virtualkeyboard.lua
luafile,ui/lui/common_menus/marketingcomms.lua
luafile,ui/lui/common_menus/marketingpopup.lua
luafile,ui/lui/common_menus/marketingpanel.lua
luafile,ui/lui/common_menus/systeminfo.lua
luafile,ui/lui/common_menus/bootbrightness.lua
luafile,ui/lui/common_menus/boothdr.lua
luafile,ui/lui/common_menus/advancedhdr.lua
luafile,ui/lui/tools/luidevelopmentmockups.lua
luafile,ui/lui/tools/luitest.lua
luafile,ui/lui/tools/luisequence.lua
luafile,ui/lui/common_menus/eulabase.lua
luafile,ui/lui/common_menus/eula.lua
luafile,ui/lui/sp_menus/menudata.lua
luafile,ui/lui/sp_menus/main.lua
luafile,ui/lui/sp_hud/hud.lua
luafile,ui/lui/sp_hud/weaponinfo.lua
luafile,ui/lui/sp_hud/compass.lua
luafile,ui/lui/sp_hud/hudutility.lua
luafile,ui/lui/sp_hud/gameinfo.lua
luafile,ui/lui/sp_hud/actionslot.lua
luafile,ui/lui/sp_hud/actionslotkeyboard.lua
luafile,ui/lui/sp_hud/actionslotdpad.lua
luafile,ui/lui/sp_hud/pausemenu.lua
luafile,ui/lui/sp_hud/objectives.lua
luafile,ui/lui/sp_hud/objectivesframe.lua
luafile,ui/lui/sp_menus/intelmenu.lua
luafile,ui/lui/sp_hud/capturinghud.lua
luafile,ui/lui/sp_hud/overlayhud.lua
luafile,ui/lui/sp_menus/missioncomplete.lua
luafile,ui/lui/sp_menus/campaigncomplete.lua
luafile,ui/lui/sp_hud/challengeswidget.lua
luafile,ui/lui/sp_menus/credits.lua
luafile,ui/lui/sp_hud/hudstanceindicator.lua
luafile,ui/lui/sp_hud/ragtimewarfareoverlay.lua
luafile,ui/lui/sp_hud/nightvisionhud.lua
luafile,ui/lui/sp_hud/gasmaskhud.lua
luafile,ui/lui/sp_hud/astronauthelmethud.lua
luafile,ui/lui/sp_hud/snowgoggleshud.lua
luafile,ui/lui/sp_hud/divinggoggleshud.lua
luafile,ui/lui/sp_hud/predatordronehud.lua
luafile,ui/lui/sp_menus/briefing.lua
luafile,ui/lui/sp_hud/javelinhud.lua
luafile,ui/lui/sp_hud/consciousnessoverlay.lua
luafile,ui/lui/sp_hud/consciousnessoverlaycommon.lua
luafile,ui/lui/sp_hud/consciousnessoverlayroadkill.lua
luafile,ui/lui/sp_hud/consciousnessoverlayairport.lua
luafile,ui/lui/sp_hud/consciousnessoverlayfavelaescape.lua
luafile,ui/lui/sp_hud/consciousnessoverlaygulag.lua
luafile,ui/lui/sp_hud/consciousnessoverlayestate.lua
luafile,ui/lui/sp_hud/consciousnessoverlayafchase.lua
luafile,ui/lui/sp_hud/consciousnessoverlaydcburning.lua
luafile,ui/lui/sp_hud/consciousnessoverlayafcaves.lua
luafile,ui/lui/sp_hud/sniperscopehud.lua
luafile,ui/lui/sp_hud/airplaneslowmooverlay.lua
luafile,ui/lui/sp_menus/newsticker.lua
luafile,ui/lui/pcdriverdialog.lua
rawfile,scriptdebugger/help.txt
rawfile,shock/default.shock
rawfile,shock/death.shock
rawfile,shock/pain.shock
rawfile,shock/victoryscreen.shock
rawfile,shock/flashbang.shock
rawfile,shock/dog_bite.shock
rawfile,shock/chaplincheat.shock
rawfile,shock/thermaleffect.shock
rawfile,thumbstick_default.cfg
rawfile,viewsensitivity_med.cfg
rawfile,clear_num.cfg
rawfile,football.cfg
rawfile,developer.cfg
rawfile,thumbstick_southpaw.cfg
rawfile,thumbstick_legacy.cfg
rawfile,thumbstick_legacysouthpaw.cfg
rawfile,buttons_default.cfg
rawfile,buttons_default_alt.cfg
rawfile,buttons_tactical.cfg
rawfile,buttons_tactical_alt.cfg
rawfile,buttons_lefty.cfg
rawfile,buttons_lefty_alt.cfg
rawfile,buttons_lefty_regular.cfg
rawfile,buttons_lefty_regular_alt.cfg
rawfile,buttons_nomad.cfg
rawfile,buttons_nomad_alt.cfg
rawfile,buttons_nomad_tactical.cfg
rawfile,buttons_nomad_tactical_alt.cfg
rawfile,buttons_charlie.cfg
rawfile,buttons_one-hand_gunslinger.cfg
rawfile,buttons_bumper_jumper.cfg
rawfile,buttons_bumper_jumper_tact.cfg
rawfile,buttons_stick_and_move.cfg
rawfile,buttons_charlie_alt.cfg
rawfile,buttons_one-hand_gunslinger_alt.cfg
rawfile,buttons_bumper_jumper_alt.cfg
rawfile,buttons_bumper_jumper_tact_alt.cfg
rawfile,buttons_stick_and_move_alt.cfg
rawfile,viewsensitivity_low.cfg
rawfile,viewsensitivity_high.cfg
rawfile,viewsensitivity_ultra.cfg
rawfile,default_splitscreen.cfg
rawfile,default_systemlink.cfg
rawfile,default_xboxlive.cfg
rawfile,default_480p.cfg
rawfile,default_720p.cfg
rawfile,ac130.cfg
rawfile,test.cfg
rawfile,minimap.cfg
rawfile,antfarmcodmw1.cfg
rawfile,antfarmcodmw2.cfg
rawfile,build_data_cl.cfg
vertexshader,cinematic_vs.hlsl
vertexdecl,pp.7cc0.ft0t0.3
pixelshader,cinematic_ps.hlsl
techset,cinematic
material,,white
image,navbar_selection_bar_shadow
material,navbar_selection_bar_shadow
image,navbar_selection_bar
material,navbar_selection_bar
menu,error_popmenu
menu,error_popmenu_submenu
menu,save_corrupted
menu,popup_connecting
menu,popup_acceptinginvite
menu,popup_gettingdata
menu,error_popmenu_party
menu,error_popmenu_lobby
menu,acceptinvite_warning
material,cinematic
menu,pregame_loaderror
menu,pregame_loaderror_mp
menu,menu_resetstats_warning
menu,cac_elite_popup
material,,black
image,gradient
material,gradient
image,h1_deco_loadscreen_progress_highlight
material,h1_ui_loadscreen_progress_highlight
material,,loading_animation
menu,briefing
menu,connect
image,difficulty_star
material,difficulty_star
image,difficulty_star_empty
material,difficulty_star_empty
menu,pregame
material,,$transient_sync_background
menu,transient_sync
menufile,ui/code.txt
menu,default_menu
menufile,ui/default.menu
menufile,ui/transient_sync.menu
rawfile,sounddata/dspbuses.csv
rawfile,sounddata/volumemodgroups.def
soundsubmix,ads_mix
soundsubmix,ambi
soundsubmix,deaths_door
soundsubmix,debug_boost_vo
soundsubmix,debug_boost_vo_lite
soundsubmix,debug_boost_vo_med
soundsubmix,debug_mute_amb_mus_vo
soundsubmix,debug_mute_dialog
soundsubmix,debug_mute_music
soundsubmix,debug_mute_vo
soundsubmix,debug_reference_calibration
soundsubmix,debug_solo_amb_emitter
soundsubmix,debug_solo_dialog
soundsubmix,debug_solo_foley
soundsubmix,debug_solo_footstep
soundsubmix,debug_solo_impact
soundsubmix,debug_solo_music
soundsubmix,debug_solo_vehicle_plr
soundsubmix,debug_solo_vehicles
soundsubmix,debug_solo_vo
soundsubmix,debug_solo_whizby
soundsubmix,doorshield_rip_player
soundsubmix,explosive_breach_left_mix
soundsubmix,fade_to_black_end_mix
soundsubmix,flashbang
soundsubmix,foam_grenade_mix
soundsubmix,friendly_fire_failed_mix
soundsubmix,h2_breach_slomo_mix
soundsubmix,music
soundsubmix,mute_all
soundsubmix,mute_device
soundsubmix,mute_footsteps
soundsubmix,no_ammo_mix
soundsubmix,overdrive
soundsubmix,player_dead
soundsubmix,player_mech
soundsubmix,ragtime_warfare_cheat_mix
soundsubmix,shooting_mix
soundsubmix,slomo
soundsubmix,slowmo_cheat_mix
soundsubmix,sniper_ads_holdbreath_mix
soundsubmix,sniper_ads_mix
soundsubmix,so_end_mission_mix
soundsubmix,solo_radio
soundsubmix,sonar_vision
soundsubmix,sonic_attack
soundsubmix,sp_common_global_mix
soundsubmix,underwater
soundsubmix,vehicle_off
soundsubmix,vehicle_on
soundsubmix,vo_audibility_mix_of_doom
soundsubmix,wpn_int_med
soundsubmix,wpn_int_sml
rawfile,sp/stats_init.cfg
proto,mp/comscore.proto
ddl,mp/default.ddl
ddl,sp/sp_playerdata.ddl
ddl,sp/sp_matchdata.ddl
image,h1_icon_ps4_button_cross
material,button_primary_ps4
image,h1_icon_ps4_button_circle
material,button_secondary_ps4
image,h1_icon_ps4_button_square
material,button_alt1_ps4
image,h1_icon_ps4_button_triangle
material,button_alt2_ps4
image,h1_icon_ps4_button_l1
material,button_shoulder_left_ps4
image,h1_icon_ps4_button_r1
material,button_shoulder_right_ps4
image,h1_icon_ps4_button_options
material,button_start_ps4
image,h1_icon_ps4_button_touchpad
material,button_select_ps4
image,h1_icon_ps4_stick_animated_lup
material,button_stick_left_up_ps4
image,h1_icon_ps4_stick_animated_rup
material,button_stick_right_up_ps4
image,h1_icon_ps4_stick_animated_ldown
material,button_stick_left_down_ps4
image,h1_icon_ps4_stick_animated_rdown
material,button_stick_right_down_ps4
image,h1_icon_ps4_button_l2
material,button_trigger_left_ps4
image,h1_icon_ps4_button_r2
material,button_trigger_right_ps4
image,h1_icon_ps4_button_dpad_u
material,button_dpad_up_ps4
image,h1_icon_ps4_button_dpad_d
material,button_dpad_down_ps4
image,h1_icon_ps4_button_dpad_l
material,button_dpad_left_ps4
image,h1_icon_ps4_button_dpad_r
material,button_dpad_right_ps4
image,h1_icon_ps4_button_r3_click_01
material,button_right_stick_ps4
image,h1_icon_ps4_button_l3_click_01
material,button_left_stick_ps4
image,h1_deco_option_controller_ps4
material,h1_deco_option_controller_ps4
image,h1_deco_option_controller_ps4_lines
material,h1_deco_option_controller_ps4_lines
