luafile,ui/lui/sp_hud/genericmeterhud.lua
menu,start
menufile,ui/scriptmenus/start.menu
menu,dev_vision_exec
menufile,ui/scriptmenus/dev_vision_exec.menu
menu,dev_vision_noloc
menufile,ui/scriptmenus/dev_vision_noloc.menu
scriptfile,animscripts/animset
scriptfile,animscripts/battlechatter
scriptfile,animscripts/battlechatter_ai
scriptfile,animscripts/combat
scriptfile,animscripts/combat_say
scriptfile,animscripts/combat_utility
scriptfile,animscripts/cover_arrival
scriptfile,animscripts/corner
scriptfile,animscripts/cover_crouch
scriptfile,animscripts/cover_left
scriptfile,animscripts/cover_multi
scriptfile,animscripts/cover_prone
scriptfile,animscripts/cover_right
scriptfile,animscripts/cover_stand
scriptfile,animscripts/cover_swim_left
scriptfile,animscripts/cover_swim_right
scriptfile,animscripts/cover_swim_up
scriptfile,animscripts/cover_wall
scriptfile,animscripts/cover_behavior
scriptfile,animscripts/cqb
scriptfile,animscripts/death
scriptfile,animscripts/door
scriptfile,animscripts/exit_node
scriptfile,animscripts/face
scriptfile,animscripts/flashed
scriptfile,animscripts/grenade_cower
scriptfile,animscripts/grenade_return_throw
scriptfile,animscripts/init
scriptfile,animscripts/init_move_transitions
scriptfile,animscripts/melee
scriptfile,animscripts/move
scriptfile,animscripts/notetracks
scriptfile,animscripts/pain
scriptfile,animscripts/pushed
scriptfile,animscripts/reactions
scriptfile,animscripts/run
scriptfile,animscripts/scripted
scriptfile,animscripts/setposemovement
scriptfile,animscripts/shared
scriptfile,animscripts/shoot_behavior
scriptfile,animscripts/slopes_utility
scriptfile,animscripts/squadmanager
scriptfile,animscripts/stairs_utility
scriptfile,animscripts/stop
scriptfile,animscripts/swim
scriptfile,animscripts/track
scriptfile,animscripts/utility
scriptfile,animscripts/walk
scriptfile,animscripts/weaponlist
scriptfile,animscripts/traverse/crawl
scriptfile,animscripts/traverse/crouch_jump_down_40
scriptfile,animscripts/traverse/jump_across_72
scriptfile,animscripts/traverse/jump_across_100
scriptfile,animscripts/traverse/walk_casual
scriptfile,animscripts/traverse/jump_over_high_wall
scriptfile,animscripts/traverse/ladder_down
scriptfile,animscripts/traverse/ladder_up
scriptfile,animscripts/traverse/mantle_over_low_cover_38
scriptfile,animscripts/traverse/mantle_over_low_cover_40
scriptfile,animscripts/traverse/shared
scriptfile,animscripts/traverse/step_up_12
scriptfile,animscripts/traverse/wall_hop
scriptfile,animscripts/traverse/wall_hop_favela
scriptfile,animscripts/traverse/window
scriptfile,animscripts/traverse/window_2
scriptfile,animscripts/traverse/window_over_quick
scriptfile,animscripts/traverse/window_down
scriptfile,animscripts/traverse/window_divethrough_36
scriptfile,animscripts/traverse/slide_across_car
scriptfile,animscripts/traverse/wall_over_96
scriptfile,animscripts/traverse/wall_over_40
scriptfile,animscripts/traverse/jump_up_80
scriptfile,animscripts/traverse/window_over_40
scriptfile,animscripts/traverse/stepup_52
scriptfile,animscripts/traverse/stepup_52_fast
scriptfile,animscripts/traverse/step_up_24
scriptfile,animscripts/traverse/step_up_32
scriptfile,animscripts/traverse/stepup_38
scriptfile,animscripts/traverse/stepup_small_jeepride
scriptfile,animscripts/traverse/jumpdown_40
scriptfile,animscripts/traverse/jumpdown_56
scriptfile,animscripts/traverse/jumpdown_96
scriptfile,animscripts/traverse/jumpdown_96_v2
scriptfile,animscripts/traverse/jumpdown_96_v3
scriptfile,animscripts/traverse/jumpdown_96_v4
scriptfile,animscripts/traverse/jumpdown_130
scriptfile,animscripts/traverse/jumpdown_300
scriptfile,animscripts/traverse/duck_under_56
scriptfile,animscripts/traverse/lag_traffic_rooftop_jump_100
scriptfile,animscripts/first_frame
scriptfile,animscripts/animmode
scriptfile,animscripts/civilian
scriptfile,animscripts/traverse/jumpdown_224
scriptfile,animscripts/traverse/jump_across_112_over_32
scriptfile,animscripts/traverse/stepup_112
scriptfile,animscripts/traverse/stepup_112_over_32
scriptfile,animscripts/traverse/traverse_turn90r_stepup_52
scriptfile,animscripts/traverse/h2_jumpdown_gulag
scriptfile,animscripts/traverse/h2_jumpdown_gulag_01
scriptfile,animscripts/traverse/h2_jumpdown_gulag_02
scriptfile,animscripts/traverse/gulag_service_tunnels_railing_over_quick
scriptfile,animscripts/traverse/h2_bathroom_jumpdown_gulag
scriptfile,animscripts/traverse/h2_stepup_35_heat
scriptfile,animscripts/traverse/iw6_traverse_over_40_a
scriptfile,animscripts/traverse/iw6_traverse_over_40_b
scriptfile,animscripts/traverse/step_down_24
scriptfile,animscripts/traverse/iw6_jumpdown_40
scriptfile,animscripts/traverse/iw6_jumpdown_56
scriptfile,animscripts/traverse/iw6_jumpdown_72
scriptfile,animscripts/traverse/iw6_jumpdown_88
scriptfile,animscripts/traverse/iw6_jumpup_72
scriptfile,animscripts/traverse/iw6_creep_stepdown_16
scriptfile,animscripts/traverse/hms_greece_jump_across_164
scriptfile,animscripts/traverse/hms_greece_jump_across_192
scriptfile,animscripts/traverse/hms_greece_jump_down_96
scriptfile,animscripts/traverse/hms_greece_jump_over_32_across_320
scriptfile,animscripts/traverse/hms_greece_jump_over_32_across_352
scriptfile,animscripts/traverse/hms_greece_jump_over_32_across_400
scriptfile,animscripts/traverse/hms_greece_jump_over_32_down_192
scriptfile,animscripts/traverse/hms_greece_jump_over_36_down_128
scriptfile,animscripts/traverse/hms_greece_jump_over_36_down_164
scriptfile,animscripts/traverse/hms_greece_jump_over_36_down_180
scriptfile,animscripts/traverse/hms_greece_jump_over_36_down_208
scriptfile,animscripts/traverse/hms_greece_jump_over_40_down_88
scriptfile,animscripts/traverse/hms_greece_window_over_40
scriptfile,animscripts/traverse/hms_greece_window_dive
rawfile,animtrees/destructibles.atr
rawfile,animtrees/dog.atr
rawfile,animtrees/fastrope.atr
rawfile,animtrees/generic_human.atr
rawfile,animtrees/mocap.atr
rawfile,animtrees/player.atr
rawfile,animtrees/vehicles.atr
rawfile,animtrees/animated_props.atr
rawfile,animtrees/mg42.atr
rawfile,animtrees/animals.atr
rawfile,animtrees/script_model.atr
scriptfile,42231
scriptfile,50449
scriptfile,50895
scriptfile,42232
scriptfile,42235
scriptfile,42237
scriptfile,42228
scriptfile,42234
scriptfile,42508
scriptfile,42530
scriptfile,52075
scriptfile,42259
scriptfile,42260
scriptfile,42262
scriptfile,42263
scriptfile,51329
scriptfile,42265
scriptfile,54167
scriptfile,42271
scriptfile,42272
scriptfile,42279
scriptfile,42283
scriptfile,42288
scriptfile,42291
scriptfile,42297
scriptfile,42298
scriptfile,42299
scriptfile,42300
scriptfile,42312
scriptfile,42313
scriptfile,42317
scriptfile,45314
scriptfile,42318
scriptfile,42319
scriptfile,42322
scriptfile,42321
scriptfile,42323
scriptfile,42324
scriptfile,42325
scriptfile,42331
scriptfile,42332
scriptfile,42330
scriptfile,42336
scriptfile,42338
scriptfile,42349
scriptfile,42354
scriptfile,42358
scriptfile,42366
scriptfile,42372
scriptfile,42400
scriptfile,42401
scriptfile,maps/_portal
scriptfile,42407
scriptfile,42408
scriptfile,42411
scriptfile,42413
scriptfile,42412
scriptfile,42414
scriptfile,42422
scriptfile,42267
scriptfile,44185
scriptfile,54127
scriptfile,47602
scriptfile,42364
scriptfile,45497
scriptfile,42306
scriptfile,42305
scriptfile,50270
scriptfile,42233
scriptfile,42335
scriptfile,42281
scriptfile,42227
scriptfile,42276
scriptfile,42229
scriptfile,42230
scriptfile,45995
scriptfile,46139
scriptfile,42371
scriptfile,42236
scriptfile,maps/_thermal_scope_lightset
rawfile,vision/wetwork.vision
rawfile,vision/airport.vision
rawfile,vision/airport_start.vision
rawfile,vision/airport_exterior.vision
rawfile,vision/airport_intro.vision
rawfile,vision/airport_stairs.vision
rawfile,vision/airport_death.vision
rawfile,vision/airport_green.vision
rawfile,vision/af_caves_outdoors.vision
rawfile,vision/af_caves_outdoors_airstrip.vision
rawfile,vision/af_caves_indoors.vision
rawfile,vision/af_caves_indoors_overlook.vision
rawfile,vision/af_caves_indoors_skylight.vision
rawfile,vision/af_caves_indoors_breachroom.vision
rawfile,vision/af_caves_indoors_steamroom.vision
rawfile,vision/af_caves_indoors_steamroom_dark.vision
rawfile,vision/blacktest.vision
rawfile,vision/cobra_down.vision
rawfile,vision/cobra_sunset1.vision
rawfile,vision/cobra_sunset2.vision
rawfile,vision/cobra_sunset3.vision
rawfile,vision/cobrapilot.vision
rawfile,vision/contingency.vision
rawfile,vision/contingency_thermal_inverted.vision
rawfile,vision/default.vision
rawfile,vision/dna_bomb.vision
rawfile,vision/downtown_la.vision
rawfile,vision/default_night.vision
rawfile,vision/default_night_mp.vision
rawfile,vision/exterior_concept.vision
rawfile,vision/helicopter_ride.vision
rawfile,vision/interior_concept.vision
rawfile,vision/introscreen.vision
rawfile,vision/invasion.vision
rawfile,vision/invasion_alley.vision
rawfile,vision/invasion_nates_roof.vision
rawfile,vision/invasion_near_convoy.vision
rawfile,vision/invasion_stripmall.vision
rawfile,vision/invasion_suburban_streets.vision
rawfile,vision/invasion_yards.vision
rawfile,vision/parabolic.vision
rawfile,vision/school.vision
rawfile,vision/scoutsniper.vision
rawfile,vision/seaknight_assault.vision
rawfile,vision/sniperescape_glow_off.vision
rawfile,vision/strike.vision
rawfile,vision/trainer_start.vision
rawfile,vision/trainer_pit.vision
rawfile,vision/mpintro.vision
rawfile,vision/grayscale.vision
rawfile,vision/drone_swarm.vision
rawfile,vision/cheat_bw_invert_contrast.vision
rawfile,vision/cheat_bw_invert.vision
rawfile,vision/cheat_bw_contrast.vision
rawfile,vision/cheat_bw.vision
rawfile,vision/cheat_invert_contrast.vision
rawfile,vision/cheat_invert.vision
rawfile,vision/cheat_invert_bright.vision
rawfile,vision/cheat_contrast.vision
rawfile,vision/cheat_contrast_night.vision
rawfile,vision/sepia.vision
rawfile,vision/co_overgrown.vision
rawfile,vision/co_break.vision
rawfile,vision/whitehouse.vision
rawfile,vision/bridge.vision
rawfile,vision/generic_underwater.vision
rawfile,vision/black_bw.vision
rawfile,vision/tulsa.vision
rawfile,vision/thermal_mp.vision
rawfile,vision/thermal_scope.vision
rawfile,vision/end_game.vision
rawfile,vision/end_game2.vision
rawfile,vision/firingrange.vision
rawfile,vision/dcemp.vision
rawfile,vision/dcemp_iss.vision
rawfile,vision/dcemp_iss_death.vision
rawfile,vision/dcemp_postemp.vision
rawfile,vision/dcemp_postemp2.vision
rawfile,vision/dcemp_office.vision
rawfile,vision/dcemp_parking.vision
rawfile,vision/dcemp_emp.vision
rawfile,vision/dcemp_parking_lightning.vision
rawfile,vision/dcemp_parking_nearbuilding.vision
rawfile,vision/dcemp_parking_nearbuilding_lightning.vision
rawfile,vision/dcemp_postemp2_lightning.vision
rawfile,vision/dcemp_office_lightning.vision
rawfile,vision/dcemp_tunnels.vision
rawfile,vision/near_death.vision
rawfile,vision/near_death_mp.vision
rawfile,vision/near_death_hdr.vision
rawfile,vision/dc_whitehouse_interior.vision
rawfile,vision/dc_whitehouse_lawn.vision
rawfile,vision/dc_whitehouse_roof.vision
rawfile,vision/dc_whitehouse_tunnel.vision
techset,,2d
image,saving
material,saving
menu,savingicon
menu,gamemessages
menu,boldgamemessages
menu,subtitles
image,h1_javelin_targetting_diamond
material,javelin_hud_target
menu,vehiclehud
menufile,ui/hud.txt
menufile,ui/patch_hud.txt
rawfile,video/cin_levels.txt
