scriptfile,maps/_credit_h2_autogen
scriptfile,42277
techset,,2d
image,thanksforplaying
material,credits_thanks
image,,logo_infinityward
material,logo_infinityward
image,,logo_activision
material,logo_activision
image,logo_raven
material,logo_raven
image,logo_beenox
material,logo_beenox
image,logo_highmoon
material,logo_highmoon
image,logo_certainaffinity
material,logo_certainaffinity
image,logo_nerve
material,logo_nerve
image,logo_artbully
material,logo_artbully
image,logo_elite3d
material,logo_elite3d
image,logo_redhot
material,logo_redhot
image,logo_ringtail
material,logo_ringtail
image,logo_ulysses
material,logo_ulysses
image,logo_ssup
material,logo_ssup
image,logo_irongalaxy
material,logo_irongalaxy
image,h1_deco_gradient_black
material,h1_deco_gradient_black
image,h1_deco_gradient_black_02
material,h1_deco_gradient_black_02
image,dolby_digital_2019
material,logo_dolby
image,havok_logo_2019
material,logo_havok
scriptfile,maps/char_museum
scriptfile,45223
scriptfile,43496
scriptfile,52875
scriptfile,maps/char_museum_anim
scriptfile,maps/char_museum_code
scriptfile,maps/char_museum_aud
scriptfile,51534
scriptfile,maps/ending
scriptfile,maps/ending_aud
scriptfile,maps/af_chase
scriptfile,maps/af_chase_anim
scriptfile,maps/af_chase_amb
scriptfile,maps/af_chase_aud
scriptfile,52272
scriptfile,maps/af_chase_code
scriptfile,maps/af_chase_zodiac
scriptfile,maps/af_chase_waterfall
scriptfile,maps/af_chase_knife_fight
scriptfile,maps/af_chase_knife_fight_code
scriptfile,maps/ending_lighting
scriptfile,45371
scriptfile,54138
rawfile,maps/createart/ending_fog.gsc
scriptfile,51033
rawfile,maps/createart/ending_fog_hdr.gsc
scriptfile,46469
scriptfile,43139
scriptfile,51969
scriptfile,49969
scriptfile,48548
scriptfile,maps/simplecredits
scriptfile,maps/simplecredits_code
scriptfile,48572
scriptfile,51432
scriptfile,maps/simplecredits_lighting
scriptfile,maps/simplecredits_aud
scriptfile,53852
rawfile,maps/createart/simplecredits_fog_hdr.gsc
scriptfile,43353
rawfile,maps/createart/simplecredits_fog.gsc
